,省份,城市,行政区,具体位置,数据来源,网址
0,广东省,肇庆,封开县,开县江口镇东方二路115号,健康肇庆,https://mp.weixin.qq.com/s/HTsNM1zxEAx3IqoF1uYnYA
1,广东省,肇庆,封开县,井根农贸市场,健康肇庆,https://mp.weixin.qq.com/s/HTsNM1zxEAx3IqoF1uYnYA
2,广东省,肇庆,封开县,江口镇东堤路25号,健康肇庆,https://mp.weixin.qq.com/s/HTsNM1zxEAx3IqoF1uYnYA
3,广东省,肇庆,封开县,杏花宾馆宿舍,健康肇庆,https://mp.weixin.qq.com/s/HTsNM1zxEAx3IqoF1uYnYA
4,广东省,肇庆,封开县,封开县江口镇河堤二路22号,健康肇庆,https://mp.weixin.qq.com/s/HTsNM1zxEAx3IqoF1uYnYA
5,广东省,肇庆,封开县,江口镇蝴蝶塘路,健康肇庆,https://mp.weixin.qq.com/s/HTsNM1zxEAx3IqoF1uYnYA
6,广东省,肇庆,封开县,好又多超市,健康肇庆,https://mp.weixin.qq.com/s/HTsNM1zxEAx3IqoF1uYnYA
7,江西省,南昌,进贤县,文港镇新坪村,南昌市卫生健康委员会,http://hc.nc.gov.cn/ncwjw/gzdt/202002/b5cf89720dbf4968850892328059db4c.shtml
8,江西省,南昌,进贤县,文港镇晏殊大道,南昌市卫生健康委员会,http://hc.nc.gov.cn/ncwjw/gzdt/202002/b5cf89720dbf4968850892328059db4c.shtml
9,江西省,南昌,进贤县,民和镇世纪新城,南昌市卫生健康委员会,http://hc.nc.gov.cn/ncwjw/gzdt/202002/b5cf89720dbf4968850892328059db4c.shtml
10,江西省,南昌,南昌县,莲塘镇莲西大道无伦华庭小区,南昌市卫生健康委员会,http://hc.nc.gov.cn/ncwjw/gzdt/202002/b5cf89720dbf4968850892328059db4c.shtml
11,江西省,南昌,南昌县,幽兰镇黄坊村,南昌市卫生健康委员会,http://hc.nc.gov.cn/ncwjw/gzdt/202002/b5cf89720dbf4968850892328059db4c.shtml
12,江西省,南昌,南昌县,泾口乡小莲村,南昌市卫生健康委员会,http://hc.nc.gov.cn/ncwjw/gzdt/202002/b5cf89720dbf4968850892328059db4c.shtml
13,江西省,南昌,南昌县,塘南镇渡口村,南昌市卫生健康委员会,http://hc.nc.gov.cn/ncwjw/gzdt/202002/b5cf89720dbf4968850892328059db4c.shtml
14,江西省,南昌,南昌县,塘南镇张溪村,南昌市卫生健康委员会,http://hc.nc.gov.cn/ncwjw/gzdt/202002/b5cf89720dbf4968850892328059db4c.shtml
15,江西省,南昌,南昌县,莲塘镇府前路,南昌市卫生健康委员会,http://hc.nc.gov.cn/ncwjw/gzdt/202002/b5cf89720dbf4968850892328059db4c.shtml
16,江西省,南昌,南昌县,银三角管委会良种场付林村,南昌市卫生健康委员会,http://hc.nc.gov.cn/ncwjw/gzdt/202002/b5cf89720dbf4968850892328059db4c.shtml
17,江西省,南昌,南昌县,塘南镇塘南街,南昌市卫生健康委员会,http://hc.nc.gov.cn/ncwjw/gzdt/202002/b5cf89720dbf4968850892328059db4c.shtml
18,江西省,南昌,南昌县,县银三角管委会良种场付林村,南昌市卫生健康委员会,http://hc.nc.gov.cn/ncwjw/gzdt/202002/b5cf89720dbf4968850892328059db4c.shtml
19,江西省,南昌,西湖区,桃源街道桃花路洪城财满街,南昌市卫生健康委员会,http://hc.nc.gov.cn/ncwjw/gzdt/202002/b5cf89720dbf4968850892328059db4c.shtml
20,江西省,南昌,西湖区,桃花镇三角村,南昌市卫生健康委员会,http://hc.nc.gov.cn/ncwjw/gzdt/202002/b5cf89720dbf4968850892328059db4c.shtml
21,江西省,南昌,西湖区,桃花镇三小村,南昌市卫生健康委员会,http://hc.nc.gov.cn/ncwjw/gzdt/202002/b5cf89720dbf4968850892328059db4c.shtml
22,江西省,南昌,西湖区,朝阳洲街道抚生路镇金国际村,南昌市卫生健康委员会,http://hc.nc.gov.cn/ncwjw/gzdt/202002/b5cf89720dbf4968850892328059db4c.shtml
23,江西省,南昌,西湖区,绳金塔街道八一大道永叔路,南昌市卫生健康委员会,http://hc.nc.gov.cn/ncwjw/gzdt/202002/b5cf89720dbf4968850892328059db4c.shtml
24,江西省,南昌,西湖区,桃源街道桃苑大街公安小区,南昌市卫生健康委员会,http://hc.nc.gov.cn/ncwjw/gzdt/202002/b5cf89720dbf4968850892328059db4c.shtml
25,江西省,南昌,西湖区,南浦街道濠上街,南昌市卫生健康委员会,http://hc.nc.gov.cn/ncwjw/gzdt/202002/b5cf89720dbf4968850892328059db4c.shtml
26,江西省,南昌,西湖区,桃源街道桃花路,南昌市卫生健康委员会,http://hc.nc.gov.cn/ncwjw/gzdt/202002/b5cf89720dbf4968850892328059db4c.shtml
27,江西省,南昌,西湖区,桃花镇桃欣嘉苑,南昌市卫生健康委员会,http://hc.nc.gov.cn/ncwjw/gzdt/202002/b5cf89720dbf4968850892328059db4c.shtml
28,江西省,南昌,西湖区,桃花镇郭家庄,南昌市卫生健康委员会,http://hc.nc.gov.cn/ncwjw/gzdt/202002/b5cf89720dbf4968850892328059db4c.shtml
29,江西省,南昌,西湖区,朝阳洲街道滨江壹号,南昌市卫生健康委员会,http://hc.nc.gov.cn/ncwjw/gzdt/202002/b5cf89720dbf4968850892328059db4c.shtml
30,江西省,南昌,西湖区,南站街道解放西路,南昌市卫生健康委员会,http://hc.nc.gov.cn/ncwjw/gzdt/202002/b5cf89720dbf4968850892328059db4c.shtml
31,江西省,南昌,国家高新技术产业开发区,麻丘镇瑶湖豪宅,南昌市卫生健康委员会,http://hc.nc.gov.cn/ncwjw/gzdt/202002/b5cf89720dbf4968850892328059db4c.shtml
32,江西省,南昌,国家高新技术产业开发区,麻丘镇厚溪,南昌市卫生健康委员会,http://hc.nc.gov.cn/ncwjw/gzdt/202002/b5cf89720dbf4968850892328059db4c.shtml
33,江西省,南昌,国家高新技术产业开发区,麻丘镇长江村,南昌市卫生健康委员会,http://hc.nc.gov.cn/ncwjw/gzdt/202002/b5cf89720dbf4968850892328059db4c.shtml
34,江西省,南昌,国家高新技术产业开发区,昌东镇尤口街,南昌市卫生健康委员会,http://hc.nc.gov.cn/ncwjw/gzdt/202002/b5cf89720dbf4968850892328059db4c.shtml
35,江西省,南昌,国家高新技术产业开发区,昌东镇三联村,南昌市卫生健康委员会,http://hc.nc.gov.cn/ncwjw/gzdt/202002/b5cf89720dbf4968850892328059db4c.shtml
36,江西省,南昌,国家高新技术产业开发区,麻丘镇广安村,南昌市卫生健康委员会,http://hc.nc.gov.cn/ncwjw/gzdt/202002/b5cf89720dbf4968850892328059db4c.shtml
37,江西省,南昌,国家高新技术产业开发区,麻丘镇麻丘街瑶湖花园,南昌市卫生健康委员会,http://hc.nc.gov.cn/ncwjw/gzdt/202002/b5cf89720dbf4968850892328059db4c.shtml
38,江西省,南昌,国家高新技术产业开发区,昌东镇光明村,南昌市卫生健康委员会,http://hc.nc.gov.cn/ncwjw/gzdt/202002/b5cf89720dbf4968850892328059db4c.shtml
39,江西省,南昌,国家高新技术产业开发区,麻丘镇文教路,南昌市卫生健康委员会,http://hc.nc.gov.cn/ncwjw/gzdt/202002/b5cf89720dbf4968850892328059db4c.shtml
40,江西省,南昌,青云谱区,青云谱镇上海南路墅溪公寓,南昌市卫生健康委员会,http://hc.nc.gov.cn/ncwjw/gzdt/202002/b5cf89720dbf4968850892328059db4c.shtml
41,江西省,南昌,青云谱区,三家店街道井冈山大道,南昌市卫生健康委员会,http://hc.nc.gov.cn/ncwjw/gzdt/202002/b5cf89720dbf4968850892328059db4c.shtml
42,江西省,南昌,青云谱区,青云谱镇城南家园,南昌市卫生健康委员会,http://hc.nc.gov.cn/ncwjw/gzdt/202002/b5cf89720dbf4968850892328059db4c.shtml
43,江西省,南昌,东湖区,董家窑街道八一大道,南昌市卫生健康委员会,http://hc.nc.gov.cn/ncwjw/gzdt/202002/b5cf89720dbf4968850892328059db4c.shtml
44,江西省,南昌,东湖区,豫章街道青山南路阳明锦城,南昌市卫生健康委员会,http://hc.nc.gov.cn/ncwjw/gzdt/202002/b5cf89720dbf4968850892328059db4c.shtml
45,江西省,南昌,东湖区,董家窑街道永外正街,南昌市卫生健康委员会,http://hc.nc.gov.cn/ncwjw/gzdt/202002/b5cf89720dbf4968850892328059db4c.shtml
46,江西省,南昌,东湖区,豫章街道三经路,南昌市卫生健康委员会,http://hc.nc.gov.cn/ncwjw/gzdt/202002/b5cf89720dbf4968850892328059db4c.shtml
47,江西省,南昌,东湖区,董家窑街道青山路蓝天碧水小区,南昌市卫生健康委员会,http://hc.nc.gov.cn/ncwjw/gzdt/202002/b5cf89720dbf4968850892328059db4c.shtml
48,江西省,南昌,东湖区,大院街道省府西路,南昌市卫生健康委员会,http://hc.nc.gov.cn/ncwjw/gzdt/202002/b5cf89720dbf4968850892328059db4c.shtml
49,江西省,南昌,青山湖区,塘山镇香溢花城,南昌市卫生健康委员会,http://hc.nc.gov.cn/ncwjw/gzdt/202002/b5cf89720dbf4968850892328059db4c.shtml
50,江西省,南昌,青山湖区,罗家镇赵坊秦村,南昌市卫生健康委员会,http://hc.nc.gov.cn/ncwjw/gzdt/202002/b5cf89720dbf4968850892328059db4c.shtml
51,江西省,南昌,青山湖区,京东镇京东南大道西,南昌市卫生健康委员会,http://hc.nc.gov.cn/ncwjw/gzdt/202002/b5cf89720dbf4968850892328059db4c.shtml
52,江西省,南昌,青山湖区,高新技术产业园区高新南大道鑫和园小区,南昌市卫生健康委员会,http://hc.nc.gov.cn/ncwjw/gzdt/202002/b5cf89720dbf4968850892328059db4c.shtml
53,江西省,南昌,青山湖区,湖坊镇庐山花园,南昌市卫生健康委员会,http://hc.nc.gov.cn/ncwjw/gzdt/202002/b5cf89720dbf4968850892328059db4c.shtml
54,江西省,南昌,新建区,溪霞镇甘舍村,南昌市卫生健康委员会,http://hc.nc.gov.cn/ncwjw/gzdt/202002/b5cf89720dbf4968850892328059db4c.shtml
55,江西省,南昌,新建区,长堎镇兴国路,南昌市卫生健康委员会,http://hc.nc.gov.cn/ncwjw/gzdt/202002/b5cf89720dbf4968850892328059db4c.shtml
56,江西省,南昌,红谷滩新区,沙井街道万达华府,南昌市卫生健康委员会,http://hc.nc.gov.cn/ncwjw/gzdt/202002/b5cf89720dbf4968850892328059db4c.shtml
57,江西省,南昌,安义县,石鼻镇向坊村,南昌市卫生健康委员会,http://hc.nc.gov.cn/ncwjw/gzdt/202002/b5cf89720dbf4968850892328059db4c.shtml
58,江西省,南昌,安义县,长埠镇车田村,南昌市卫生健康委员会,http://hc.nc.gov.cn/ncwjw/gzdt/202002/b5cf89720dbf4968850892328059db4c.shtml
59,江西省,南昌,安义县,江西省南昌市安义县石鼻镇古楼村,南昌市卫生健康委员会,http://hc.nc.gov.cn/ncwjw/gzdt/202002/b5cf89720dbf4968850892328059db4c.shtml
60,江西省,南昌,经济技术开发区,冠山管理处,南昌市卫生健康委员会,http://hc.nc.gov.cn/ncwjw/gzdt/202002/b5cf89720dbf4968850892328059db4c.shtml
61,江苏省,淮安,淮安区,浅深浴室,bendibao.com,http://m.ha.bendibao.com/mip/1636.shtm
62,江苏省,淮安,经开区,大湖城邦小区,bendibao.com,http://m.ha.bendibao.com/mip/1636.shtm
63,广东省,广州,番禺区,巨大国际公寓,2月8日广西新增确诊病例12例 新增死亡病例1例,http://news.gxnews.com.cn/staticpages/20200209/newgx5e3f4bbc-19247534-3.shtml
64,陕西省,西安,周至县,县城西关农贸市场,xiancity.cn,http://o.xiancity.cn/system/2020/02/09/030713354.shtml
65,陕西省,西安,雁塔区,南窑头公交车站,西安高新区一名患者被确定为新冠肺炎 急寻密切接触者,http://sn.ifeng.com/a/20200209/8181674_0.shtml
66,陕西省,西安,新城区,多彩商城,shaanxi.gov.cn,http://sxwjw.shaanxi.gov.cn/art/2020/2/13/art_9_67993.html
67,陕西省,西安,未央区,辛家庙社区卫生服务中心,shaanxi.gov.cn,http://sxwjw.shaanxi.gov.cn/art/2020/2/3/art_9_67666.html
68,辽宁省,沈阳,铁西区,彰驿镇前庙村,bendibao.com,http://sy.bendibao.com/news/202023/55857.shtm
69,广东省,广州,番禺区,钟村街晋富路,gz.gov.cn,http://wjw.gz.gov.cn/ztzl/xxfyyqfk/yqtb/content/post_5648584.html
70,广东省,广州,天河区,棠下街道棠德花苑,gz.gov.cn,http://wjw.gz.gov.cn/ztzl/xxfyyqfk/yqtb/content/post_5662091.html
71,广东省,广州,番禺区,市桥街道仓边大街,gz.gov.cn,http://wjw.gz.gov.cn/ztzl/xxfyyqfk/yqtb/content/post_5662091.html
72,广东省,广州,花都区,花城街道茶园路,gz.gov.cn,http://wjw.gz.gov.cn/ztzl/xxfyyqfk/yqtb/content/post_5662091.html
73,内蒙古省,呼和浩特,赛罕区,九州通药业有限公司,nmg.gov.cn,http://wjw.nmg.gov.cn/doc/2020/02/01/286091.shtml
74,内蒙古省,呼和浩特,赛罕区,凯德MALL,nmg.gov.cn,http://wjw.nmg.gov.cn/doc/2020/02/01/286091.shtml
75,内蒙古省,鄂尔多斯,达拉特旗,陶瓷广场地下商场,nmg.gov.cn,http://wjw.nmg.gov.cn/doc/2020/02/02/286191.shtml
76,内蒙古省,鄂尔多斯,达拉特旗,中和西镇南伙房村,nmg.gov.cn,http://wjw.nmg.gov.cn/doc/2020/02/02/286191.shtml
77,内蒙古省,鄂尔多斯,达拉特旗,东源新村,nmg.gov.cn,http://wjw.nmg.gov.cn/doc/2020/02/02/286191.shtml
78,内蒙古省,通辽,霍林郭勒,友谊路亿达抻面馆,nmg.gov.cn,http://wjw.nmg.gov.cn/doc/2020/02/09/291226.shtml
79,内蒙古省,通辽,霍林郭勒,锡林大街天都火锅,nmg.gov.cn,http://wjw.nmg.gov.cn/doc/2020/02/09/291226.shtml
80,内蒙古省,通辽,霍林郭勒,宝日呼吉尔街道金亚辰水世界,nmg.gov.cn,http://wjw.nmg.gov.cn/doc/2020/02/09/291226.shtml
81,内蒙古省,通辽,霍林郭勒,珠斯花街道豪林国际小区双利超市,nmg.gov.cn,http://wjw.nmg.gov.cn/doc/2020/02/09/291226.shtml
82,广东省,深圳,宝安区,丽枫酒店（深圳海雅缤纷城店）,sz.gov.cn,http://wjw.sz.gov.cn/yqxx/202002/t20200209_19006168.htm
83,山西省,长治,长治市,武乡县,第31号通告 太原市新型冠状病毒感染的肺炎疫情防控工作领导小组办公室通告,http://wjw.taiyuan.gov.cn/doc/2020/02/07/955867.shtml
84,山西省,太原,尖草坪区,汇丰街道兴华北小区,第31号通告 太原市新型冠状病毒感染的肺炎疫情防控工作领导小组办公室通告,http://wjw.taiyuan.gov.cn/doc/2020/02/07/955867.shtml
85,山西省,太原,小店区,山西省政法管理干部学院宿舍,第31号通告 太原市新型冠状病毒感染的肺炎疫情防控工作领导小组办公室通告,http://wjw.taiyuan.gov.cn/doc/2020/02/07/955867.shtml
86,山西省,太原,小店区,正阳街汇泰丽城,第31号通告 太原市新型冠状病毒感染的肺炎疫情防控工作领导小组办公室通告,http://wjw.taiyuan.gov.cn/doc/2020/02/07/955867.shtml
87,山西省,太原,小店区,华泰御景湾,第31号通告 太原市新型冠状病毒感染的肺炎疫情防控工作领导小组办公室通告,http://wjw.taiyuan.gov.cn/doc/2020/02/07/955867.shtml
88,山西省,太原,杏花岭区,胜利桥东路省统计局宿舍,第31号通告 太原市新型冠状病毒感染的肺炎疫情防控工作领导小组办公室通告,http://wjw.taiyuan.gov.cn/doc/2020/02/07/955867.shtml
89,山西省,太原,阳曲县,文玲旅店（阳曲县北塔地新村杨兴小区门口）,第31号通告 太原市新型冠状病毒感染的肺炎疫情防控工作领导小组办公室通告,http://wjw.taiyuan.gov.cn/doc/2020/02/07/955867.shtml
90,山西省,太原,阳曲县,阳曲县益源液化气公司,第31号通告 太原市新型冠状病毒感染的肺炎疫情防控工作领导小组办公室通告,http://wjw.taiyuan.gov.cn/doc/2020/02/07/955867.shtml
91,山西省,太原,晋源区,焦化小区,第31号通告 太原市新型冠状病毒感染的肺炎疫情防控工作领导小组办公室通告,http://wjw.taiyuan.gov.cn/doc/2020/02/07/955867.shtml
92,山西省,太原,杏花岭区,胜利东街晋安3号院,第32号通告 太原市新型冠状病毒感染的肺炎疫情防控工作领导小组办公室通告,http://wjw.taiyuan.gov.cn/doc/2020/02/08/955916.shtml
93,上海市,上海,浦东区,汤臣豪园四期,sh.gov.cn,http://wsjkw.sh.gov.cn/xwfb/20200208/f3882592b1144b558a13a5a9c4ac4a9f.html
94,宁夏省,吴忠,红寺堡区,新庄集乡东川村,wuzhong.gov.cn,http://www.wuzhong.gov.cn/ztzl/ztlb/kjyq/202001/t20200130_1936123.html
95,广东省,惠州,惠阳区,新圩东风村,hznews.com,http://wx.hznews.com/data/hzby_2019-nCoV/index_bl.php
96,辽宁省,沈阳,沈河区,汉庭酒店,Baidu,https://baijiahao.baidu.com/s?id=1657795127584927321&wfr=spider&for=pc
97,辽宁省,沈阳,法库县,百家沟镇刘大沟村,Baidu,https://baijiahao.baidu.com/s?id=1657795127584927321&wfr=spider&for=pc
98,辽宁省,沈阳,法库县,华溪绿洲洗浴中心,Baidu,https://baijiahao.baidu.com/s?id=1657795127584927321&wfr=spider&for=pc
99,辽宁省,沈阳,法库县,北街农贸市场,Baidu,https://baijiahao.baidu.com/s?id=1657795127584927321&wfr=spider&for=pc
100,辽宁省,沈阳,法库县,大明市场,Baidu,https://baijiahao.baidu.com/s?id=1657795127584927321&wfr=spider&for=pc
101,辽宁省,沈阳,和平区,雅致永乐汇商务会馆,Baidu,https://baijiahao.baidu.com/s?id=1657795127584927321&wfr=spider&for=pc
102,内蒙古省,锡林郭勒盟,多伦县,大北沟镇南风雨诊所,Baidu,https://baijiahao.baidu.com/s?id=1658403541897422656&wfr=spider&for=pc
103,广东省,江门,开平市,美宜佳超市(I DO酒吧),南方都市报 • 南都江门,https://m.mp.oeeee.com/a/BAAFRD000020200203257514.html?layer=4&share=chat&isndappinstalled=12
104,广东省,广州,天河区,东圃镇车陂高地大街,南方都市报 • 南都江门,https://m.mp.oeeee.com/a/BAAFRD000020200212262511.html
105,陕西省,西安,雁塔区,延平门地铁站,新浪陕西,https://m.weibo.cn/2162541102/4469831778965414
106,陕西省,商洛,丹凤县,商镇桃源村小河卫生室,新浪陕西,https://m.weibo.cn/2162541102/4469831778965414
107,陕西省,西安,雁塔区,东仪路职工活动中心,西安发布,https://m.weibo.cn/3757167087/4469821893163355
108,陕西省,西安,雁塔区,紫薇花园小区,西安发布,https://m.weibo.cn/3757167087/4469821893163355
109,陕西省,西安,雁塔区,KFC朱雀店（小寨银泰城店）,西安发布,https://m.weibo.cn/3757167087/4469821893163355
110,陕西省,西安,雁塔区,西北水电家属院,西安发布,https://m.weibo.cn/3757167087/4469821893163355
111,陕西省,西安,灞桥区,穆将王菜市场,西安发布,https://m.weibo.cn/3757167087/4471457452715962
112,陕西省,西安,雁塔区,鑫朱雀市场,西安发布,https://m.weibo.cn/3757167087/4471458430201395
113,陕西省,西安,雁塔区,曲江国际会展中心,西安发布,https://m.weibo.cn/3757167087/4471458430201395
114,山西省,运城,稷山县,稷山县稷峰镇太杜村,山西青年报,https://m.weibo.cn/detail/4468614512282405
115,广东省,中山,石岐区,民安街,中山发布,https://mp.weixin.qq.com/s/03w_HdZGypbtAG33jikquw
116,广东省,中山,三角镇,沙栏西路,中山发布,https://mp.weixin.qq.com/s/0xihh12dgBBxbfozR6fnNg
117,辽宁省,沈阳,辽中区,念慈堂殡葬服务中心,辽沈晚报,https://mp.weixin.qq.com/s/0zzx4G3oUPQmzNk6JTTUzQ
118,辽宁省,葫芦岛,南票区,打渔山幸福小区,辽沈晚报,https://mp.weixin.qq.com/s/0zzx4G3oUPQmzNk6JTTUzQ
119,辽宁省,朝阳,朝阳县,根德营子乡平房村,辽沈晚报,https://mp.weixin.qq.com/s/0zzx4G3oUPQmzNk6JTTUzQ
120,辽宁省,朝阳,朝阳县,肖家店露天集市,辽沈晚报,https://mp.weixin.qq.com/s/0zzx4G3oUPQmzNk6JTTUzQ
121,陕西省,咸阳,秦都区,世纪大道金泰丝路花城东边儿童摄影馆,咸阳发布,https://mp.weixin.qq.com/s/15bQoiHzj8ABrnySvnEtQA
122,陕西省,咸阳,秦都区,东张村,咸阳发布,https://mp.weixin.qq.com/s/15bQoiHzj8ABrnySvnEtQA
123,陕西省,咸阳,秦都区,沣河森林公园,咸阳发布,https://mp.weixin.qq.com/s/15bQoiHzj8ABrnySvnEtQA
124,陕西省,咸阳,秦都区,妇幼保健院,咸阳发布,https://mp.weixin.qq.com/s/15bQoiHzj8ABrnySvnEtQA
125,陕西省,咸阳,秦都区,沣西新城,咸阳发布,https://mp.weixin.qq.com/s/15bQoiHzj8ABrnySvnEtQA
126,宁夏省,银川,西夏区,工行家属院小区,银川晚报,https://mp.weixin.qq.com/s/16ICfUi-Z2UMbbckkm0Xpw
127,宁夏省,银川,西夏区,文萃街宁阳店新百超市,银川晚报,https://mp.weixin.qq.com/s/16ICfUi-Z2UMbbckkm0Xpw
128,宁夏省,银川,西夏区,浙江商城地下负一层新百超市,银川晚报,https://mp.weixin.qq.com/s/16ICfUi-Z2UMbbckkm0Xpw
129,宁夏省,银川,西夏区,老百货大楼,银川晚报,https://mp.weixin.qq.com/s/16ICfUi-Z2UMbbckkm0Xpw
130,宁夏省,银川,西夏区,三小西侧远志堂大药店,银川晚报,https://mp.weixin.qq.com/s/16ICfUi-Z2UMbbckkm0Xpw
131,宁夏省,银川,西夏区,同心路东塔巷露天市场,银川晚报,https://mp.weixin.qq.com/s/16ICfUi-Z2UMbbckkm0Xpw
132,宁夏省,银川,兴庆区,解放路新百ccmall俏玲珑餐厅,银川晚报,https://mp.weixin.qq.com/s/16ICfUi-Z2UMbbckkm0Xpw
133,宁夏省,银川,兴庆区,银川国际商贸城门口,银川晚报,https://mp.weixin.qq.com/s/16ICfUi-Z2UMbbckkm0Xpw
134,宁夏省,银川,兴庆区,新世纪冷链物流中心水果交易厅小任果蔬批发店,银川晚报,https://mp.weixin.qq.com/s/16ICfUi-Z2UMbbckkm0Xpw
135,宁夏省,银川,兴庆区,温州商城,银川晚报,https://mp.weixin.qq.com/s/16ICfUi-Z2UMbbckkm0Xpw
136,宁夏省,银川,金凤区,新华联商厦HM店,银川晚报,https://mp.weixin.qq.com/s/16ICfUi-Z2UMbbckkm0Xpw
137,宁夏省,中卫,沙坡头区,宣和乡草台新隆村,银川晚报,https://mp.weixin.qq.com/s/16ICfUi-Z2UMbbckkm0Xpw
138,江苏省,宿迁,宿城区,埠子镇官庄小区,宿迁之声,https://mp.weixin.qq.com/s/1gv6bdr4kVBq4nUYOMqJHg
139,江苏省,宿迁,宿城区,埠子镇阳光名邸小区张红旗浴池,宿迁之声,https://mp.weixin.qq.com/s/1gv6bdr4kVBq4nUYOMqJHg
140,上海市,上海,徐汇区,炎虹路76弄,上海发布,https://mp.weixin.qq.com/s/1l-RCQ_OfAMhOZZSmo2sDw
141,上海市,上海,浦东区,陆家嘴锦绣前城,上海发布,https://mp.weixin.qq.com/s/1l-RCQ_OfAMhOZZSmo2sDw
142,上海市,上海,浦东区,证大家园,上海发布,https://mp.weixin.qq.com/s/1l-RCQ_OfAMhOZZSmo2sDw
143,上海市,上海,浦东区,上海贺普药业股份有限公司,上海发布,https://mp.weixin.qq.com/s/1l-RCQ_OfAMhOZZSmo2sDw
144,上海市,上海,宝山区,共康雅苑（二期）,上海发布,https://mp.weixin.qq.com/s/1l-RCQ_OfAMhOZZSmo2sDw
145,上海市,上海,嘉定区,华润中央公园,上海发布,https://mp.weixin.qq.com/s/1l-RCQ_OfAMhOZZSmo2sDw
146,上海市,上海,松江区,亭中小区,上海发布,https://mp.weixin.qq.com/s/1l-RCQ_OfAMhOZZSmo2sDw
147,上海市,上海,松江区,乐都西路1636弄,上海发布,https://mp.weixin.qq.com/s/1l-RCQ_OfAMhOZZSmo2sDw
148,上海市,上海,松江区,久阳文华府邸,上海发布,https://mp.weixin.qq.com/s/1l-RCQ_OfAMhOZZSmo2sDw
149,上海市,上海,长宁区,新华豪庭,上海发布,https://mp.weixin.qq.com/s/1l-RCQ_OfAMhOZZSmo2sDw
150,上海市,上海,静安区,嘉利明珠城,上海发布,https://mp.weixin.qq.com/s/1l-RCQ_OfAMhOZZSmo2sDw
151,陕西省,西安,未央区,兴隆路奥达文景观园员工宿舍,渭南发布,https://mp.weixin.qq.com/s/21pwvOkvunpCGf0F8UGsKQ
152,广东省,广州,越秀区,越秀南路,广州卫健委,https://mp.weixin.qq.com/s/22zfhtcc5aqqWpt0anCVOQ
153,广东省,广州,荔湾区,文明路,广州卫健委,https://mp.weixin.qq.com/s/22zfhtcc5aqqWpt0anCVOQ
154,广东省,广州,荔湾区,大南路,广州卫健委,https://mp.weixin.qq.com/s/22zfhtcc5aqqWpt0anCVOQ
155,广东省,广州,荔湾区,大德路,广州卫健委,https://mp.weixin.qq.com/s/22zfhtcc5aqqWpt0anCVOQ
156,广东省,广州,荔湾区,长寿路,广州卫健委,https://mp.weixin.qq.com/s/22zfhtcc5aqqWpt0anCVOQ
157,山西省,忻州,忻府区,高城乡永丰庄村,山西发布,https://mp.weixin.qq.com/s/23fOSN0X3dT99e22m34Few
158,广东省,东莞,沙田镇,进港南路,东莞市卫生健康局,https://mp.weixin.qq.com/s/2COYPOACgINLbVZGLJ20pw
159,广东省,梅州,兴宁市,坭陂镇圩镇,梅州日报,https://mp.weixin.qq.com/s/2HRalKs46VxIkbLMBBGbCA
160,广东省,梅州,兴宁市,坭陂镇理中村,梅州日报,https://mp.weixin.qq.com/s/2HRalKs46VxIkbLMBBGbCA
161,江苏省,连云港,海州区,幸福路街道光明小区,连云港发布,https://mp.weixin.qq.com/s/2J9_3bKsljNLeVmFqY4rxQ
162,江苏省,连云港,海州区,新东街道文昌小区,连云港发布,https://mp.weixin.qq.com/s/2J9_3bKsljNLeVmFqY4rxQ
163,江苏省,连云港,海州区,路南街道盐河社区,连云港发布,https://mp.weixin.qq.com/s/2J9_3bKsljNLeVmFqY4rxQ
164,江苏省,连云港,海州区,丁庄村,连云港发布,https://mp.weixin.qq.com/s/2J9_3bKsljNLeVmFqY4rxQ
165,江苏省,连云港,海州区,新浦街道万山城市花园小区,连云港发布,https://mp.weixin.qq.com/s/2J9_3bKsljNLeVmFqY4rxQ
166,江苏省,连云港,海州区,浦南镇小兴村,连云港发布,https://mp.weixin.qq.com/s/2J9_3bKsljNLeVmFqY4rxQ
167,江苏省,连云港,海州区,新海街道矿山设计院家属区,连云港发布,https://mp.weixin.qq.com/s/2J9_3bKsljNLeVmFqY4rxQ
168,江苏省,连云港,海州区,洪门街道小康小区,连云港发布,https://mp.weixin.qq.com/s/2J9_3bKsljNLeVmFqY4rxQ
169,江苏省,连云港,灌南县,田楼镇林丰村,连云港发布,https://mp.weixin.qq.com/s/2J9_3bKsljNLeVmFqY4rxQ
170,江苏省,连云港,灌南县,新安镇运输公司家属院,连云港发布,https://mp.weixin.qq.com/s/2J9_3bKsljNLeVmFqY4rxQ
171,江苏省,连云港,灌南县,新安镇黄浦银都城小区,连云港发布,https://mp.weixin.qq.com/s/2J9_3bKsljNLeVmFqY4rxQ
172,江苏省,连云港,灌南县,新安镇镇中村,连云港发布,https://mp.weixin.qq.com/s/2J9_3bKsljNLeVmFqY4rxQ
173,江苏省,连云港,东海县,牛山街道郑庄村,连云港发布,https://mp.weixin.qq.com/s/2J9_3bKsljNLeVmFqY4rxQ
174,江苏省,连云港,东海县,驼峰乡曹浦村,连云港发布,https://mp.weixin.qq.com/s/2J9_3bKsljNLeVmFqY4rxQ
175,江苏省,连云港,赣榆区,青口镇御水湾小区,连云港发布,https://mp.weixin.qq.com/s/2J9_3bKsljNLeVmFqY4rxQ
176,江苏省,连云港,赣榆区,城头镇刘门河村,连云港发布,https://mp.weixin.qq.com/s/2J9_3bKsljNLeVmFqY4rxQ
177,江苏省,连云港,连云区,徐圩街道辛高圩社区,连云港发布,https://mp.weixin.qq.com/s/2J9_3bKsljNLeVmFqY4rxQ
178,广东省,深圳,南山区,西海明珠,深圳卫健委,https://mp.weixin.qq.com/s/2ri05eGgAq5QHorGkz07sw
179,广东省,深圳,宝安区,宝民社区灶下村,深圳卫健委,https://mp.weixin.qq.com/s/2ri05eGgAq5QHorGkz07sw
180,广东省,深圳,宝安区,华润万家（宝安店）,深圳卫健委,https://mp.weixin.qq.com/s/2ri05eGgAq5QHorGkz07sw
181,江西省,宜春,丰城市,河洲街道柳湖花园,宜春发布,https://mp.weixin.qq.com/s/3_ru000m-BsCB3uAjbohAg
182,江西省,宜春,丰城市,秀市镇秀市村,宜春发布,https://mp.weixin.qq.com/s/3_ru000m-BsCB3uAjbohAg
183,江西省,宜春,丰城市,淘沙镇埠下村,宜春发布,https://mp.weixin.qq.com/s/3_ru000m-BsCB3uAjbohAg
184,陕西省,西安,碑林区,东门人人乐超市,陕西发布,https://mp.weixin.qq.com/s/39apxV_xQLEu0MJ5ToE__g
185,陕西省,西安,未央区,西北商贸中心,陕西发布,https://mp.weixin.qq.com/s/39apxV_xQLEu0MJ5ToE__g
186,宁夏省,银川,西夏区,澳海澜庭小区8号楼车棚商店,银川晚报,https://mp.weixin.qq.com/s/3GBAMxcOz-brFl_7_soiXg
187,宁夏省,银川,西夏区,澳海澜庭加气站,银川晚报,https://mp.weixin.qq.com/s/3GBAMxcOz-brFl_7_soiXg
188,宁夏省,银川,西夏区,新百生活超市（澳海澜庭店）,银川晚报,https://mp.weixin.qq.com/s/3GBAMxcOz-brFl_7_soiXg
189,广东省,珠海,金湾区,红旗镇世纪名城一期,珠海发布,https://mp.weixin.qq.com/s/40KCQ1yZszq1b5OMNsRctg
190,广东省,珠海,金湾区,红旗镇中珠上郡四期,珠海发布,https://mp.weixin.qq.com/s/40KCQ1yZszq1b5OMNsRctg
191,广东省,珠海,金湾区,三灶镇龙光玖珑府,珠海发布,https://mp.weixin.qq.com/s/40KCQ1yZszq1b5OMNsRctg
192,广东省,汕头,澄海区,澄海区,汕头发布,https://mp.weixin.qq.com/s/4JrjMJc7lPDCFHXY3LFSeQ
193,广东省,梅州,五华县,香蜜闺秀内衣店,健康梅州,https://mp.weixin.qq.com/s/4ofIalWCUGmYPNTPhiuiTg
194,广东省,梅州,五华县,工人球场菜市场,健康梅州,https://mp.weixin.qq.com/s/4ofIalWCUGmYPNTPhiuiTg
195,广东省,梅州,五华县,腾天超市,健康梅州,https://mp.weixin.qq.com/s/4ofIalWCUGmYPNTPhiuiTg
196,广东省,梅州,五华县,岐岭镇朝阳村,健康梅州,https://mp.weixin.qq.com/s/4ofIalWCUGmYPNTPhiuiTg
197,广东省,梅州,五华县,华城镇林峰超市,健康梅州,https://mp.weixin.qq.com/s/4ofIalWCUGmYPNTPhiuiTg
198,广东省,梅州,梅江区,万达广场,健康梅州,https://mp.weixin.qq.com/s/4ofIalWCUGmYPNTPhiuiTg
199,上海市,上海,浦东区,地杰国际城E欧泊时光,上海发布,https://mp.weixin.qq.com/s/53yB1QgwVerWm6riIRUV6A
200,上海市,上海,浦东区,绿林路51弄,上海发布,https://mp.weixin.qq.com/s/53yB1QgwVerWm6riIRUV6A
201,上海市,上海,浦东区,绿地崴廉公寓,上海发布,https://mp.weixin.qq.com/s/53yB1QgwVerWm6riIRUV6A
202,上海市,上海,闵行区,中华美路60弄,上海发布,https://mp.weixin.qq.com/s/53yB1QgwVerWm6riIRUV6A
203,上海市,上海,闵行区,爱博一村,上海发布,https://mp.weixin.qq.com/s/53yB1QgwVerWm6riIRUV6A
204,上海市,上海,闵行区,大润发（华漕店）,上海发布,https://mp.weixin.qq.com/s/53yB1QgwVerWm6riIRUV6A
205,上海市,上海,嘉定区,光明D9空间,上海发布,https://mp.weixin.qq.com/s/53yB1QgwVerWm6riIRUV6A
206,上海市,上海,嘉定区,发祥路89号,上海发布,https://mp.weixin.qq.com/s/53yB1QgwVerWm6riIRUV6A
207,上海市,上海,嘉定区,永辉超市（嘉定宝龙广场店）,上海发布,https://mp.weixin.qq.com/s/53yB1QgwVerWm6riIRUV6A
208,上海市,上海,松江区,新凯家园一期,上海发布,https://mp.weixin.qq.com/s/53yB1QgwVerWm6riIRUV6A
209,上海市,上海,普陀区,西乡路91弄,上海发布,https://mp.weixin.qq.com/s/53yB1QgwVerWm6riIRUV6A
210,上海市,上海,静安区,闻喜路935弄,上海发布,https://mp.weixin.qq.com/s/53yB1QgwVerWm6riIRUV6A
211,广东省,阳江,阳春市,阳春石望镇,阳春新闻,https://mp.weixin.qq.com/s/6j-iL-tu6pxdC8q8srFvdA
212,广东省,阳江,阳春市,春城街道,阳春新闻,https://mp.weixin.qq.com/s/6j-iL-tu6pxdC8q8srFvdA
213,宁夏省,吴忠,同心县,韦州镇庆华村,银川晚报,https://mp.weixin.qq.com/s/6QQRQ2p1q9OSHHa85dJvpA
214,广东省,东莞,大朗镇,怡朗路,东莞市卫生健康局,https://mp.weixin.qq.com/s/704BrIOuTkxkpuXdek9sXw
215,广东省,东莞,茶山镇,超朗村,东莞市卫生健康局,https://mp.weixin.qq.com/s/704BrIOuTkxkpuXdek9sXw
216,广东省,深圳,南山区,花园城一期,深圳卫健委,https://mp.weixin.qq.com/s/7aB-WIhbkljfsaO6in6cIw
217,广东省,深圳,福田区,玮鹏花园,深圳卫健委,https://mp.weixin.qq.com/s/7aB-WIhbkljfsaO6in6cIw
218,广东省,深圳,龙岗区,上木古社区岭根吓,深圳卫健委,https://mp.weixin.qq.com/s/7aB-WIhbkljfsaO6in6cIw
219,广东省,深圳,龙岗区,正大时代华庭,深圳卫健委,https://mp.weixin.qq.com/s/7aB-WIhbkljfsaO6in6cIw
220,广东省,深圳,龙岗区,新亚洲花园,深圳卫健委,https://mp.weixin.qq.com/s/7aB-WIhbkljfsaO6in6cIw
221,广东省,深圳,宝安区,东方社区上头田新村,深圳卫健委,https://mp.weixin.qq.com/s/7aB-WIhbkljfsaO6in6cIw
222,广东省,深圳,坪山区,汤坑社区东方丽园,深圳卫健委,https://mp.weixin.qq.com/s/7aB-WIhbkljfsaO6in6cIw
223,广东省,深圳,盐田区,东海丽景花园,深圳卫健委,https://mp.weixin.qq.com/s/7aB-WIhbkljfsaO6in6cIw
224,上海市,上海,徐汇区,枫林路街道东安二村,上海发布,https://mp.weixin.qq.com/s/7Odzuq-I-eqrHPwU9vEujQ
225,上海市,上海,徐汇区,安吉斯铭汽车销售服务有限公司,上海发布,https://mp.weixin.qq.com/s/7Odzuq-I-eqrHPwU9vEujQ
226,上海市,上海,浦东区,惠南镇锦江之星宾馆,上海发布,https://mp.weixin.qq.com/s/7Odzuq-I-eqrHPwU9vEujQ
227,上海市,上海,浦东区,阳光花城,上海发布,https://mp.weixin.qq.com/s/7Odzuq-I-eqrHPwU9vEujQ
228,上海市,上海,浦东区,北蔡芳草路欧麦克KTV,上海发布,https://mp.weixin.qq.com/s/7Odzuq-I-eqrHPwU9vEujQ
229,上海市,上海,浦东区,民乐城兰丽苑,上海发布,https://mp.weixin.qq.com/s/7Odzuq-I-eqrHPwU9vEujQ
230,上海市,上海,浦东区,新高苑,上海发布,https://mp.weixin.qq.com/s/7Odzuq-I-eqrHPwU9vEujQ
231,上海市,上海,宝山区,海尚菊苑,上海发布,https://mp.weixin.qq.com/s/7Odzuq-I-eqrHPwU9vEujQ
232,上海市,上海,宝山区,采菊苑,上海发布,https://mp.weixin.qq.com/s/7Odzuq-I-eqrHPwU9vEujQ
233,上海市,上海,嘉定区,江桥镇金园一路1118弄,上海发布,https://mp.weixin.qq.com/s/7Odzuq-I-eqrHPwU9vEujQ
234,上海市,上海,嘉定区,首创旭辉城,上海发布,https://mp.weixin.qq.com/s/7Odzuq-I-eqrHPwU9vEujQ
235,上海市,上海,松江区,新桥镇华兴小区,上海发布,https://mp.weixin.qq.com/s/7Odzuq-I-eqrHPwU9vEujQ
236,上海市,上海,松江区,沃天百联生活超市(新桥店),上海发布,https://mp.weixin.qq.com/s/7Odzuq-I-eqrHPwU9vEujQ
237,上海市,上海,杨浦区,定海路街道宁武路218弄,上海发布,https://mp.weixin.qq.com/s/7Odzuq-I-eqrHPwU9vEujQ
238,上海市,上海,普陀区,连亮路111弄,上海发布,https://mp.weixin.qq.com/s/7Odzuq-I-eqrHPwU9vEujQ
239,上海市,上海,长宁区,虹桥街道虹桥路1024弄,上海发布,https://mp.weixin.qq.com/s/7Odzuq-I-eqrHPwU9vEujQ
240,上海市,上海,奉贤区,南行贤苑,上海发布,https://mp.weixin.qq.com/s/7Odzuq-I-eqrHPwU9vEujQ
241,广东省,东莞,南城街道,胜和花园公寓,东莞市卫生健康局,https://mp.weixin.qq.com/s/8g-ggBSz1IbIZJZOFVxn0A
242,广东省,东莞,大朗镇,黎贝岭豪锦公寓,东莞市卫生健康局,https://mp.weixin.qq.com/s/8g-ggBSz1IbIZJZOFVxn0A
243,广东省,东莞,大朗镇,水平村荔华西路,东莞市卫生健康局,https://mp.weixin.qq.com/s/8g-ggBSz1IbIZJZOFVxn0A
244,广东省,东莞,常平镇,万科城,东莞市卫生健康局,https://mp.weixin.qq.com/s/8g-ggBSz1IbIZJZOFVxn0A
245,广东省,东莞,高埗镇,颐龙湾,东莞市卫生健康局,https://mp.weixin.qq.com/s/8g-ggBSz1IbIZJZOFVxn0A
246,广东省,茂名,电白区,那霍镇三渡村合和村,茂名发布,https://mp.weixin.qq.com/s/92XTQRGQ4PLLM0yz9dgZHA
247,山东省,潍坊,高密市,密水街道莳戈庄,齐鲁晚报,https://mp.weixin.qq.com/s/99IBrH7yBT2bi_k6CXWk1A
248,山东省,潍坊,高密市,拒城河村,齐鲁晚报,https://mp.weixin.qq.com/s/99IBrH7yBT2bi_k6CXWk1A
249,山东省,滨州,邹平市,黄山街道东景新村,齐鲁晚报,https://mp.weixin.qq.com/s/99IBrH7yBT2bi_k6CXWk1A
250,山东省,滨州,邹平市,西董街道办事处,齐鲁晚报,https://mp.weixin.qq.com/s/99IBrH7yBT2bi_k6CXWk1A
251,山东省,滨州,邹平市,黛溪街道办事处,齐鲁晚报,https://mp.weixin.qq.com/s/99IBrH7yBT2bi_k6CXWk1A
252,山东省,滨州,邹平市,韩店镇,齐鲁晚报,https://mp.weixin.qq.com/s/99IBrH7yBT2bi_k6CXWk1A
253,山东省,滨州,滨城区,市西街道办事处,齐鲁晚报,https://mp.weixin.qq.com/s/99IBrH7yBT2bi_k6CXWk1A
254,山东省,滨州,阳信县,水落坡镇,齐鲁晚报,https://mp.weixin.qq.com/s/99IBrH7yBT2bi_k6CXWk1A
255,山东省,滨州,惠民县,姜楼镇,齐鲁晚报,https://mp.weixin.qq.com/s/99IBrH7yBT2bi_k6CXWk1A
256,广东省,中山,沙溪镇,世纪新城,中山发布,https://mp.weixin.qq.com/s/A1M0SLD-CJUegw0GAIlvEQ
257,广东省,东莞,寮步镇,万科城市高尔夫花园,东莞市卫生健康局,https://mp.weixin.qq.com/s/A4_l39IRa-METFqXyLUaKw
258,广东省,汕头,潮南区,成田镇简朴村,汕头政务发布,https://mp.weixin.qq.com/s/AL2WfgREI1kR0MaUaP3yVA
259,广东省,汕头,潮南区,成田镇深沟村,汕头政务发布,https://mp.weixin.qq.com/s/AL2WfgREI1kR0MaUaP3yVA
260,广东省,汕头,潮阳区,关埠镇下底村,汕头政务发布,https://mp.weixin.qq.com/s/AL2WfgREI1kR0MaUaP3yVA
261,广东省,汕头,潮阳区,揭阳炮台,汕头政务发布,https://mp.weixin.qq.com/s/AL2WfgREI1kR0MaUaP3yVA
262,广东省,珠海,香洲区,香湾街道碧涛路33号,珠海发布,https://mp.weixin.qq.com/s/ANsFtyEh-ThyG6bYF23Mdw
263,广东省,惠州,惠城区,水口街道世纪东方城,惠州发布,https://mp.weixin.qq.com/s/AtGvqHMpPj--woNeOVHqJg
264,广东省,佛山,南海区,狮山镇罗村长信银湾小区,南方都市报,https://mp.weixin.qq.com/s/aupP3RkGcLcJ3kcRTWIQSw
265,广东省,佛山,南海区,里水镇沙涌环村西路,南方都市报,https://mp.weixin.qq.com/s/aupP3RkGcLcJ3kcRTWIQSw
266,广东省,佛山,三水区,乐平镇源潭张岗头村新六巷,南方都市报,https://mp.weixin.qq.com/s/aupP3RkGcLcJ3kcRTWIQSw
267,广东省,佛山,三水区,云东海街道绿湖爱伦堡二区,南方都市报,https://mp.weixin.qq.com/s/aupP3RkGcLcJ3kcRTWIQSw
268,陕西省,宝鸡,扶风县,绛帐镇牛仓村,宝鸡发布,https://mp.weixin.qq.com/s/AuuQN67_9XRnT3v-YQ-6Kg
269,陕西省,宝鸡,金台区,群众路同心小区,宝鸡发布,https://mp.weixin.qq.com/s/AuuQN67_9XRnT3v-YQ-6Kg
270,陕西省,宝鸡,渭滨区,宝钛新区门口百汇超市,宝鸡发布,https://mp.weixin.qq.com/s/AuuQN67_9XRnT3v-YQ-6Kg
271,陕西省,咸阳,杨凌示范区,松园小区,宝鸡发布,https://mp.weixin.qq.com/s/AuuQN67_9XRnT3v-YQ-6Kg
272,广东省,东莞,沙田镇,启盈集团工地员工宿舍,东莞市卫生健康局,https://mp.weixin.qq.com/s/BbpXFJ_S_I2aHe8_BCqA3w
273,山西省,长治,长子县,慈林镇南沟村,山西日报,https://mp.weixin.qq.com/s/BEf8kNgXeQhxvmMjylOmgQ
274,山西省,长治,潞州区,长治学院北校区9号楼,山西日报,https://mp.weixin.qq.com/s/BEf8kNgXeQhxvmMjylOmgQ
275,广东省,深圳,南山区,鼎太风华二期,深圳大件事,https://mp.weixin.qq.com/s/bFw2DNyZr50uzgb7lYg2iw
276,广东省,深圳,福田区,鑫竹苑,深圳大件事,https://mp.weixin.qq.com/s/bFw2DNyZr50uzgb7lYg2iw
277,广东省,深圳,龙岗区,佳兆业·中央广场一期,深圳大件事,https://mp.weixin.qq.com/s/bFw2DNyZr50uzgb7lYg2iw
278,广东省,深圳,宝安区,万科·金色领域一期（宝安大道）,深圳大件事,https://mp.weixin.qq.com/s/bFw2DNyZr50uzgb7lYg2iw
279,山东省,临沂,莒南县,板泉镇,齐鲁晚报,https://mp.weixin.qq.com/s/BowMr0k90t8psMKEWMmshQ
280,山东省,临沂,莒南县,坪上镇,齐鲁晚报,https://mp.weixin.qq.com/s/BowMr0k90t8psMKEWMmshQ
281,山东省,临沂,兰山区,兰山街道,齐鲁晚报,https://mp.weixin.qq.com/s/BowMr0k90t8psMKEWMmshQ
282,山东省,临沂,兰山区,柳青街道,齐鲁晚报,https://mp.weixin.qq.com/s/BowMr0k90t8psMKEWMmshQ
283,山东省,临沂,兰山区,银雀山街道,齐鲁晚报,https://mp.weixin.qq.com/s/BowMr0k90t8psMKEWMmshQ
284,山东省,临沂,临沭县,临沭街道,齐鲁晚报,https://mp.weixin.qq.com/s/BowMr0k90t8psMKEWMmshQ
285,山东省,临沂,郯城县,泉源乡,齐鲁晚报,https://mp.weixin.qq.com/s/BowMr0k90t8psMKEWMmshQ
286,山东省,临沂,郯城县,马头镇,齐鲁晚报,https://mp.weixin.qq.com/s/BowMr0k90t8psMKEWMmshQ
287,山东省,临沂,郯城县,郯城街道,齐鲁晚报,https://mp.weixin.qq.com/s/BowMr0k90t8psMKEWMmshQ
288,山东省,临沂,沂水县,许家湖镇,齐鲁晚报,https://mp.weixin.qq.com/s/BowMr0k90t8psMKEWMmshQ
289,山东省,临沂,沂水县,道托镇,齐鲁晚报,https://mp.weixin.qq.com/s/BowMr0k90t8psMKEWMmshQ
290,山东省,临沂,沂南县,铜井镇,齐鲁晚报,https://mp.weixin.qq.com/s/BowMr0k90t8psMKEWMmshQ
291,山东省,临沂,费县,探沂镇,齐鲁晚报,https://mp.weixin.qq.com/s/BowMr0k90t8psMKEWMmshQ
292,山东省,临沂,兰陵县,卞庄街道,齐鲁晚报,https://mp.weixin.qq.com/s/BowMr0k90t8psMKEWMmshQ
293,山东省,临沂,平邑县,柏林镇,齐鲁晚报,https://mp.weixin.qq.com/s/BowMr0k90t8psMKEWMmshQ
294,山东省,临沂,河东区,九曲街道,齐鲁晚报,https://mp.weixin.qq.com/s/BowMr0k90t8psMKEWMmshQ
295,广东省,江门,鹤山市,桃源镇325国道旁的草莓园,江门日报,https://mp.weixin.qq.com/s/BQk8wSVC6V4SLRp5A0BSDQ
296,江西省,南昌,安义县,黄洲镇塘下村介牌村小组,江西日报,https://mp.weixin.qq.com/s/brhYtrHRMv5rb_SYHoX3fA
297,江西省,抚州,南丰县,琴城镇建设路31号,江西日报,https://mp.weixin.qq.com/s/brhYtrHRMv5rb_SYHoX3fA
298,山东省,济南,历下区,利农庄23号,齐鲁晚报,https://mp.weixin.qq.com/s/BTBVokDLUFUBisFVrreTIg
299,山东省,济南,历下区,姚家街道窑头小区,齐鲁晚报,https://mp.weixin.qq.com/s/BTBVokDLUFUBisFVrreTIg
300,山东省,济南,历下区,趵突泉小区一区,齐鲁晚报,https://mp.weixin.qq.com/s/BTBVokDLUFUBisFVrreTIg
301,山东省,济南,市中区,中海国际社区,齐鲁晚报,https://mp.weixin.qq.com/s/BTBVokDLUFUBisFVrreTIg
302,山东省,济南,市中区,十六里河办事处万寿路13号,齐鲁晚报,https://mp.weixin.qq.com/s/BTBVokDLUFUBisFVrreTIg
303,山东省,济南,市中区,七贤街道中海国际社区,齐鲁晚报,https://mp.weixin.qq.com/s/BTBVokDLUFUBisFVrreTIg
304,山东省,济南,天桥区,泺口街道河畔景苑,齐鲁晚报,https://mp.weixin.qq.com/s/BTBVokDLUFUBisFVrreTIg
305,山东省,济南,天桥区,畔景苑小区外便民市场,齐鲁晚报,https://mp.weixin.qq.com/s/BTBVokDLUFUBisFVrreTIg
306,山东省,济南,平阴县,榆山街道龙山小区,齐鲁晚报,https://mp.weixin.qq.com/s/BTBVokDLUFUBisFVrreTIg
307,山东省,济南,历城区,全福街道办事处锦绣澜湾小区,齐鲁晚报,https://mp.weixin.qq.com/s/BTBVokDLUFUBisFVrreTIg
308,山东省,济南,长清区,崮云湖乐天小区,齐鲁晚报,https://mp.weixin.qq.com/s/BTBVokDLUFUBisFVrreTIg
309,山东省,济南,章丘区,刁镇街道办季周村,齐鲁晚报,https://mp.weixin.qq.com/s/BTBVokDLUFUBisFVrreTIg
310,重庆省,重庆,渝北区,欧瑞锦江酒店,齐鲁晚报,https://mp.weixin.qq.com/s/BTBVokDLUFUBisFVrreTIg
311,重庆省,重庆,渝北区,龙湖小区社区门诊,齐鲁晚报,https://mp.weixin.qq.com/s/BTBVokDLUFUBisFVrreTIg
312,广东省,韶关,乐昌市,白石镇新田村委会带头组,韶关发布,https://mp.weixin.qq.com/s/byOBjYcuIE-ozN5-5j2NjQ
313,广东省,韶关,乐昌市,乐城街道长迳村何家组,韶关发布,https://mp.weixin.qq.com/s/byOBjYcuIE-ozN5-5j2NjQ
314,广东省,佛山,顺德区,陈村镇花地湾,佛山发布,https://mp.weixin.qq.com/s/BzRmrot5EL4FRlANN3jPog
315,山东省,日照,东港区,秦楼街道,齐鲁晚报,https://mp.weixin.qq.com/s/CCv9mOu-azDpGCngDnutWw
316,山东省,日照,东港区,卧龙山街道山海天旅游度假区,齐鲁晚报,https://mp.weixin.qq.com/s/CCv9mOu-azDpGCngDnutWw
317,山东省,日照,岚山区,巨峰镇,齐鲁晚报,https://mp.weixin.qq.com/s/CCv9mOu-azDpGCngDnutWw
318,广东省,东莞,沙田镇,穗丰年昌达公寓,东莞市卫生健康局,https://mp.weixin.qq.com/s/D_O9alCJ9kQNF9HzQovfpw
319,陕西省,榆林,定边县,红柳沟,银川晚报,https://mp.weixin.qq.com/s/d0ChVGAE859JSuSQ4-yuwg
320,陕西省,榆林,定边县,定边新区二道街荞面饸烙面馆,银川晚报,https://mp.weixin.qq.com/s/d0ChVGAE859JSuSQ4-yuwg
321,宁夏省,银川,兴庆区,银川商城,银川晚报,https://mp.weixin.qq.com/s/d0ChVGAE859JSuSQ4-yuwg
322,宁夏省,银川,兴庆区,宝湖路颐园小区北门对面美佳味麻辣烫,银川晚报,https://mp.weixin.qq.com/s/d0ChVGAE859JSuSQ4-yuwg
323,宁夏省,吴忠,青铜峡市,邵岗镇甘城子卫生院,银川晚报,https://mp.weixin.qq.com/s/d0ChVGAE859JSuSQ4-yuwg
324,宁夏省,吴忠,青铜峡市,甘城子十字路口东南的达美堂医药林园堂药房,银川晚报,https://mp.weixin.qq.com/s/d0ChVGAE859JSuSQ4-yuwg
325,宁夏省,吴忠,青铜峡市,邵岗镇大沟村卫生室,银川晚报,https://mp.weixin.qq.com/s/d0ChVGAE859JSuSQ4-yuwg
326,宁夏省,吴忠,青铜峡市,甘城子大沟村1队,银川晚报,https://mp.weixin.qq.com/s/d0ChVGAE859JSuSQ4-yuwg
327,广东省,东莞,石龙镇,聚龙里,东莞市卫生健康局,https://mp.weixin.qq.com/s/d9aurz1S2epuqAQy3ZL_hw
328,江西省,萍乡,湘东区,腊市镇明塘村胡家屋场,萍乡发布,https://mp.weixin.qq.com/s/DclHoJStly7-_Uz_uk2LmA
329,广东省,东莞,南城街道,国际公馆,东莞时报,https://mp.weixin.qq.com/s/DGeAhP_Mks4hJputXQK4_w
330,广东省,东莞,南城街道,金域中央,东莞时报,https://mp.weixin.qq.com/s/DGeAhP_Mks4hJputXQK4_w
331,陕西省,西安,雁塔区,朱雀大街19号南方星座D座2层,西安在线,https://mp.weixin.qq.com/s/DNtuRvc9NM88eBEX61IpAQ
332,陕西省,西安,莲湖区,枣园西路附近1978老成都市井串串香,西安在线,https://mp.weixin.qq.com/s/DNtuRvc9NM88eBEX61IpAQ
333,陕西省,西安,高新区,安吉巷36号天仁居涮肉坊,西安在线,https://mp.weixin.qq.com/s/DNtuRvc9NM88eBEX61IpAQ
334,广东省,茂名,信宜市,平塘镇黄龙大堡村,茂名发布,https://mp.weixin.qq.com/s/DWFNXijNXN0pQLZr2icG5A
335,广东省,茂名,滨海新区,电城镇南门头村下村,茂名发布,https://mp.weixin.qq.com/s/DWFNXijNXN0pQLZr2icG5A
336,广东省,茂名,滨海新区,滨海新区电城镇湿水村黄姜（羌）路口,茂名发布,https://mp.weixin.qq.com/s/DWFNXijNXN0pQLZr2icG5A
337,内蒙古省,乌海,海勃湾区,万联生鲜超市,乌海新闻,https://mp.weixin.qq.com/s/eECI1S8obg-Vx11xTjggoA
338,陕西省,西安,莲湖区,西安铁路职业技术学院家属院,西安日报,https://mp.weixin.qq.com/s/EiKDu4VTdr4k8o2Uq5Fvcw
339,陕西省,西安,莲湖区,青年路葫芦头饭店,西安日报,https://mp.weixin.qq.com/s/EiKDu4VTdr4k8o2Uq5Fvcw
340,陕西省,西安,莲湖区,莲湖公园站,西安日报,https://mp.weixin.qq.com/s/EiKDu4VTdr4k8o2Uq5Fvcw
341,陕西省,西安,新城区,后寨门水盆羊肉店,西安日报,https://mp.weixin.qq.com/s/EiKDu4VTdr4k8o2Uq5Fvcw
342,陕西省,西安,新城区,皇城东路大众理发店,西安日报,https://mp.weixin.qq.com/s/EiKDu4VTdr4k8o2Uq5Fvcw
343,陕西省,渭南,临渭区,万达广场对面公交公司,西安日报,https://mp.weixin.qq.com/s/EiKDu4VTdr4k8o2Uq5Fvcw
344,陕西省,渭南,临渭区,桃花源,西安日报,https://mp.weixin.qq.com/s/EiKDu4VTdr4k8o2Uq5Fvcw
345,陕西省,渭南,临渭区,青青家园三期11栋902室,西安日报,https://mp.weixin.qq.com/s/EiKDu4VTdr4k8o2Uq5Fvcw
346,陕西省,渭南,临渭区,南塘口立军裤带面馆,西安日报,https://mp.weixin.qq.com/s/EiKDu4VTdr4k8o2Uq5Fvcw
347,陕西省,渭南,临渭区,中心广场年货市场,西安日报,https://mp.weixin.qq.com/s/EiKDu4VTdr4k8o2Uq5Fvcw
348,陕西省,渭南,临渭区,胜利大街粮油市场,西安日报,https://mp.weixin.qq.com/s/EiKDu4VTdr4k8o2Uq5Fvcw
349,陕西省,渭南,临渭区,轻工小区家属院,西安日报,https://mp.weixin.qq.com/s/EiKDu4VTdr4k8o2Uq5Fvcw
350,陕西省,渭南,临渭区,大实惠超市,西安日报,https://mp.weixin.qq.com/s/EiKDu4VTdr4k8o2Uq5Fvcw
351,陕西省,渭南,华州区,赤水镇政府,西安日报,https://mp.weixin.qq.com/s/EiKDu4VTdr4k8o2Uq5Fvcw
352,陕西省,渭南,华州区,赤水信用社,西安日报,https://mp.weixin.qq.com/s/EiKDu4VTdr4k8o2Uq5Fvcw
353,陕西省,渭南,华州区,赤水镇农业银行,西安日报,https://mp.weixin.qq.com/s/EiKDu4VTdr4k8o2Uq5Fvcw
354,陕西省,渭南,华州区,辛庄镇信用社,西安日报,https://mp.weixin.qq.com/s/EiKDu4VTdr4k8o2Uq5Fvcw
355,陕西省,渭南,华州区,赤水镇魏山庄4组,西安日报,https://mp.weixin.qq.com/s/EiKDu4VTdr4k8o2Uq5Fvcw
356,内蒙古省,包头,土右旗,萨拉齐镇聚星驾校（对面平房）,包头发布,https://mp.weixin.qq.com/s/en5XMsElXu6JIs0UHd_lmA
357,内蒙古省,包头,土右旗,忠忠薄利超市,包头发布,https://mp.weixin.qq.com/s/en5XMsElXu6JIs0UHd_lmA
358,内蒙古省,包头,土右旗,萨拉齐镇东瓯小商品城,包头发布,https://mp.weixin.qq.com/s/en5XMsElXu6JIs0UHd_lmA
359,内蒙古省,包头,土右旗,萨拉齐镇帝豪鞋城,包头发布,https://mp.weixin.qq.com/s/en5XMsElXu6JIs0UHd_lmA
360,内蒙古省,包头,土右旗,辛集皮革城,包头发布,https://mp.weixin.qq.com/s/en5XMsElXu6JIs0UHd_lmA
361,内蒙古省,包头,东河区,铝厂北区,包头发布,https://mp.weixin.qq.com/s/en5XMsElXu6JIs0UHd_lmA
362,陕西省,渭南,临渭区,华润万家（朝阳大街店）,渭南发布,https://mp.weixin.qq.com/s/F2RiiyzIE87ilYzlAZ0OOw
363,广东省,中山,黄圃镇,大岑工业区,中山发布,https://mp.weixin.qq.com/s/FEf_w5LyNb8-xXKA_T3e5g
364,广东省,江门,台山市,台城镇第一小学,江门发布,https://mp.weixin.qq.com/s/feTfJCSFxyoufeEAks228w
365,广东省,中山,火炬区开发区,宫花村,江门发布,https://mp.weixin.qq.com/s/feTfJCSFxyoufeEAks228w
366,广东省,中山,东升镇,中山御洋商务酒店,江门发布,https://mp.weixin.qq.com/s/feTfJCSFxyoufeEAks228w
367,山东省,淄博,淄川区,昆仑镇电瓷厂宿舍,齐鲁晚报,https://mp.weixin.qq.com/s/fTiCuXTR8iCNPE0zX3gOrw
368,山东省,淄博,淄川区,西河镇南黄崖村村口,齐鲁晚报,https://mp.weixin.qq.com/s/fTiCuXTR8iCNPE0zX3gOrw
369,山东省,淄博,淄川区,龙泉镇龙四村,齐鲁晚报,https://mp.weixin.qq.com/s/fTiCuXTR8iCNPE0zX3gOrw
370,山东省,淄博,博山区,城东街道恒泰怡景,齐鲁晚报,https://mp.weixin.qq.com/s/fTiCuXTR8iCNPE0zX3gOrw
371,山东省,淄博,张店区,马尚镇龙凤苑小区,齐鲁晚报,https://mp.weixin.qq.com/s/fTiCuXTR8iCNPE0zX3gOrw
372,山东省,淄博,桓台县,新城镇邢家村,齐鲁晚报,https://mp.weixin.qq.com/s/fTiCuXTR8iCNPE0zX3gOrw
373,山东省,淄博,周村区,青年路办事处区交通局宿舍,齐鲁晚报,https://mp.weixin.qq.com/s/fTiCuXTR8iCNPE0zX3gOrw
374,广东省,阳江,阳春市,兴华路,广东阳江发布,https://mp.weixin.qq.com/s/ftLPQ6l4nOIX7aRnrRSLCA
375,内蒙古省,包头,东河区,东华热电西门壕赖沟新村,包头日报,https://mp.weixin.qq.com/s/FYb03z5wslK1Wzzp1FiA5A
376,广东省,江门,台山市,五龙桥,江门发布,https://mp.weixin.qq.com/s/g5khDHYw8DsVIIlz9KlByg
377,广东省,江门,台山市,台山商业城大参林药店,江门发布,https://mp.weixin.qq.com/s/g5khDHYw8DsVIIlz9KlByg
378,广东省,江门,台山市,台山商业城小米手机店,江门发布,https://mp.weixin.qq.com/s/g5khDHYw8DsVIIlz9KlByg
379,广东省,江门,台山市,台山商业城OPPO手机店,江门发布,https://mp.weixin.qq.com/s/g5khDHYw8DsVIIlz9KlByg
380,广东省,江门,台山市,台山商业城名创优品,江门发布,https://mp.weixin.qq.com/s/g5khDHYw8DsVIIlz9KlByg
381,广东省,江门,台山市,台城街道龙舟路16号,江门发布,https://mp.weixin.qq.com/s/g5khDHYw8DsVIIlz9KlByg
382,广东省,江门,台山市,城西台荻路20号美品轩,江门发布,https://mp.weixin.qq.com/s/g5khDHYw8DsVIIlz9KlByg
383,广东省,江门,台山市,台山商业城华润超市,江门发布,https://mp.weixin.qq.com/s/g5khDHYw8DsVIIlz9KlByg
384,广东省,江门,台山市,城西台荻路24号群康药房,江门发布,https://mp.weixin.qq.com/s/g5khDHYw8DsVIIlz9KlByg
385,广东省,江门,台山市,城西市场鑫汇超市,江门发布,https://mp.weixin.qq.com/s/g5khDHYw8DsVIIlz9KlByg
386,陕西省,西安,灞桥区,胡家庙华润万家,西安日报,https://mp.weixin.qq.com/s/g89sB9SZS0FSyD1B-bnwag
387,陕西省,西安,灞桥区,胡家庙早市,西安日报,https://mp.weixin.qq.com/s/g89sB9SZS0FSyD1B-bnwag
388,广东省,深圳,福田区,水围九街,深圳卫健委,https://mp.weixin.qq.com/s/GA_mH8SwviTGaxiSdeHO2A
389,江西省,南昌,进贤县,民和镇云桥路,江西日报,https://mp.weixin.qq.com/s/gd2P77m_DseuaCvzmHLwbg
390,江西省,南昌,进贤县,文港镇晏殊大道晏归北路,江西日报,https://mp.weixin.qq.com/s/gd2P77m_DseuaCvzmHLwbg
391,江西省,南昌,进贤县,李渡镇里湖路,江西日报,https://mp.weixin.qq.com/s/gd2P77m_DseuaCvzmHLwbg
392,江西省,南昌,南昌县,东新乡保集半岛,江西日报,https://mp.weixin.qq.com/s/gd2P77m_DseuaCvzmHLwbg
393,江西省,南昌,南昌县,东新乡象湖绿地兰宫,江西日报,https://mp.weixin.qq.com/s/gd2P77m_DseuaCvzmHLwbg
394,江西省,南昌,南昌县,莲塘镇澄湖左岸小区,江西日报,https://mp.weixin.qq.com/s/gd2P77m_DseuaCvzmHLwbg
395,江西省,南昌,西湖区,朝阳洲街道皇冠国际,江西日报,https://mp.weixin.qq.com/s/gd2P77m_DseuaCvzmHLwbg
396,江西省,南昌,西湖区,朝阳洲街道抚生路朝阳小区,江西日报,https://mp.weixin.qq.com/s/gd2P77m_DseuaCvzmHLwbg
397,江西省,南昌,西湖区,朝农街道力高滨江,江西日报,https://mp.weixin.qq.com/s/gd2P77m_DseuaCvzmHLwbg
398,江西省,南昌,国家高新技术产业开发区,麻丘镇闵家村,江西日报,https://mp.weixin.qq.com/s/gd2P77m_DseuaCvzmHLwbg
399,江西省,南昌,国家高新技术产业开发区,麻丘镇孙家,江西日报,https://mp.weixin.qq.com/s/gd2P77m_DseuaCvzmHLwbg
400,江西省,南昌,国家高新技术产业开发区,艾溪湖管理处昌东大道城泰湖韵天成,江西日报,https://mp.weixin.qq.com/s/gd2P77m_DseuaCvzmHLwbg
401,江西省,南昌,东湖区,公园街道上营坊,江西日报,https://mp.weixin.qq.com/s/gd2P77m_DseuaCvzmHLwbg
402,江西省,南昌,经济技术开发区,白水湖管理处双港东大街港口村,江西日报,https://mp.weixin.qq.com/s/gd2P77m_DseuaCvzmHLwbg
403,江西省,南昌,经济技术开发区,白水湖管理处中联村,江西日报,https://mp.weixin.qq.com/s/gd2P77m_DseuaCvzmHLwbg
404,江西省,上饶,鄱阳县,四十里街镇四甲陈村,江西日报,https://mp.weixin.qq.com/s/gd2P77m_DseuaCvzmHLwbg
405,江西省,上饶,鄱阳县,鄱阳镇百亩千户小区,江西日报,https://mp.weixin.qq.com/s/gd2P77m_DseuaCvzmHLwbg
406,江西省,上饶,鄱阳县,古县渡镇南滨村,江西日报,https://mp.weixin.qq.com/s/gd2P77m_DseuaCvzmHLwbg
407,江西省,上饶,鄱阳县,鄱阳镇道汊村,江西日报,https://mp.weixin.qq.com/s/gd2P77m_DseuaCvzmHLwbg
408,江西省,上饶,鄱阳县,饶丰镇虹东路,江西日报,https://mp.weixin.qq.com/s/gd2P77m_DseuaCvzmHLwbg
409,江西省,上饶,鄱阳县,鄱阳镇绿野花园,江西日报,https://mp.weixin.qq.com/s/gd2P77m_DseuaCvzmHLwbg
410,江西省,上饶,鄱阳县,鄱阳镇东湖新村,江西日报,https://mp.weixin.qq.com/s/gd2P77m_DseuaCvzmHLwbg
411,江西省,上饶,鄱阳县,鄱阳镇朱家桥村,江西日报,https://mp.weixin.qq.com/s/gd2P77m_DseuaCvzmHLwbg
412,江西省,上饶,鄱阳县,鸦鹊湖乡高家圩村,江西日报,https://mp.weixin.qq.com/s/gd2P77m_DseuaCvzmHLwbg
413,江西省,上饶,鄱阳县,四十里街镇占家村,江西日报,https://mp.weixin.qq.com/s/gd2P77m_DseuaCvzmHLwbg
414,江西省,上饶,广丰区,大石街道龙井安,江西日报,https://mp.weixin.qq.com/s/gd2P77m_DseuaCvzmHLwbg
415,江西省,上饶,广丰区,五都镇紫坞,江西日报,https://mp.weixin.qq.com/s/gd2P77m_DseuaCvzmHLwbg
416,江西省,上饶,广丰区,永丰街道卧龙城,江西日报,https://mp.weixin.qq.com/s/gd2P77m_DseuaCvzmHLwbg
417,江西省,上饶,广丰区,永丰街道芦洲大道,江西日报,https://mp.weixin.qq.com/s/gd2P77m_DseuaCvzmHLwbg
418,江西省,上饶,信州区,北门街道铁路新村,江西日报,https://mp.weixin.qq.com/s/gd2P77m_DseuaCvzmHLwbg
419,江西省,上饶,余干县,玉亭镇干越社区,江西日报,https://mp.weixin.qq.com/s/gd2P77m_DseuaCvzmHLwbg
420,江西省,新余,渝水区,城北街道桥背管理处长埠堎村小组,江西日报,https://mp.weixin.qq.com/s/gd2P77m_DseuaCvzmHLwbg
421,江西省,新余,渝水区,城北街道里木塘4栋1单元,江西日报,https://mp.weixin.qq.com/s/gd2P77m_DseuaCvzmHLwbg
422,江西省,新余,渝水区,罗坊镇刘家村委刘家村,江西日报,https://mp.weixin.qq.com/s/gd2P77m_DseuaCvzmHLwbg
423,江西省,新余,渝水区,城北街道新余日报社家属楼2栋2单元,江西日报,https://mp.weixin.qq.com/s/gd2P77m_DseuaCvzmHLwbg
424,江西省,新余,渝水区,城北街道电厂生活区14栋2单元,江西日报,https://mp.weixin.qq.com/s/gd2P77m_DseuaCvzmHLwbg
425,江西省,新余,渝水区,城南街道公园1号6栋,江西日报,https://mp.weixin.qq.com/s/gd2P77m_DseuaCvzmHLwbg
426,江西省,新余,渝水区,城南街道茶山口社区玉紫北路党校小区（独栋）,江西日报,https://mp.weixin.qq.com/s/gd2P77m_DseuaCvzmHLwbg
427,江西省,宜春,丰城市,张巷镇戴家,江西日报,https://mp.weixin.qq.com/s/gd2P77m_DseuaCvzmHLwbg
428,江西省,宜春,丰城市,张巷镇上泽李家村,江西日报,https://mp.weixin.qq.com/s/gd2P77m_DseuaCvzmHLwbg
429,江西省,宜春,丰城市,杜市镇门前村,江西日报,https://mp.weixin.qq.com/s/gd2P77m_DseuaCvzmHLwbg
430,江西省,宜春,丰城市,张巷镇,江西日报,https://mp.weixin.qq.com/s/gd2P77m_DseuaCvzmHLwbg
431,江西省,宜春,高安市,筠阳街道南门村,江西日报,https://mp.weixin.qq.com/s/gd2P77m_DseuaCvzmHLwbg
432,江西省,宜春,奉新县,干洲镇张家村,江西日报,https://mp.weixin.qq.com/s/gd2P77m_DseuaCvzmHLwbg
433,江西省,抚州,临川区,上顿渡镇建设路,江西日报,https://mp.weixin.qq.com/s/gd2P77m_DseuaCvzmHLwbg
434,江西省,抚州,临川区,上顿渡镇书香门第小区,江西日报,https://mp.weixin.qq.com/s/gd2P77m_DseuaCvzmHLwbg
435,江西省,萍乡,上栗县,东源乡小枧村长山埠,江西日报,https://mp.weixin.qq.com/s/gd2P77m_DseuaCvzmHLwbg
436,山东省,聊城,东昌府区,振华超市闸口店,齐鲁晚报,https://mp.weixin.qq.com/s/GGeiv9zLDVP9t5CXddQAvw
437,广东省,东莞,桥头镇,信怡路,东莞市卫生健康局,https://mp.weixin.qq.com/s/gJ2GE_ihEoPaeQmY143dhA
438,广东省,深圳,福田区,莲花一村,羊城晚报,https://mp.weixin.qq.com/s/gOIBYl1Hm1R7cQTlkVjyyw
439,山东省,枣庄,峄城区,濠江花园,齐鲁晚报,https://mp.weixin.qq.com/s/gX82KJTHdwAbVgK6hADT9A
440,山东省,枣庄,峄城区,坛山街道办事处前湾村,齐鲁晚报,https://mp.weixin.qq.com/s/gX82KJTHdwAbVgK6hADT9A
441,山东省,枣庄,滕州市,大坞镇大坞村,齐鲁晚报,https://mp.weixin.qq.com/s/gX82KJTHdwAbVgK6hADT9A
442,山东省,枣庄,滕州市,鲍沟镇薛中村,齐鲁晚报,https://mp.weixin.qq.com/s/gX82KJTHdwAbVgK6hADT9A
443,山东省,枣庄,滕州市,东沙河镇党村,齐鲁晚报,https://mp.weixin.qq.com/s/gX82KJTHdwAbVgK6hADT9A
444,山东省,枣庄,山亭区,山城办事处中水峪村,齐鲁晚报,https://mp.weixin.qq.com/s/gX82KJTHdwAbVgK6hADT9A
445,山东省,枣庄,山亭区,青屏路千水星家具店,齐鲁晚报,https://mp.weixin.qq.com/s/gX82KJTHdwAbVgK6hADT9A
446,山东省,枣庄,薛城区,临城街道朝阳小区,齐鲁晚报,https://mp.weixin.qq.com/s/gX82KJTHdwAbVgK6hADT9A
447,山东省,枣庄,薛城区,巨山街道阳光小区,齐鲁晚报,https://mp.weixin.qq.com/s/gX82KJTHdwAbVgK6hADT9A
448,江苏省,徐州,睢宁县,太平洋购物广场,江苏新闻,https://mp.weixin.qq.com/s/Hdz-Q-3Eig8VGsZJwzTNow
449,江苏省,徐州,睢宁县,人民东路路北铁板鸭店,江苏新闻,https://mp.weixin.qq.com/s/Hdz-Q-3Eig8VGsZJwzTNow
450,江苏省,徐州,睢宁县,宁海学校东面的米乐购,江苏新闻,https://mp.weixin.qq.com/s/Hdz-Q-3Eig8VGsZJwzTNow
451,江苏省,徐州,睢宁县,中山路OPPO专卖店,江苏新闻,https://mp.weixin.qq.com/s/Hdz-Q-3Eig8VGsZJwzTNow
452,江苏省,徐州,睢宁县,九鼎商贸城,江苏新闻,https://mp.weixin.qq.com/s/Hdz-Q-3Eig8VGsZJwzTNow
453,江苏省,徐州,睢宁县,八一路百盛润家超市,江苏新闻,https://mp.weixin.qq.com/s/Hdz-Q-3Eig8VGsZJwzTNow
454,江苏省,徐州,睢宁县,沐王府浴室,江苏新闻,https://mp.weixin.qq.com/s/Hdz-Q-3Eig8VGsZJwzTNow
455,江苏省,徐州,睢宁县,八一公馆旭旺超市,江苏新闻,https://mp.weixin.qq.com/s/Hdz-Q-3Eig8VGsZJwzTNow
456,江苏省,徐州,睢宁县,成侯花园对面的真得味百货,江苏新闻,https://mp.weixin.qq.com/s/Hdz-Q-3Eig8VGsZJwzTNow
457,江苏省,徐州,睢宁县,东方花园,江苏新闻,https://mp.weixin.qq.com/s/Hdz-Q-3Eig8VGsZJwzTNow
458,江苏省,徐州,丰县,中阳大道南五光十色灯具店,江苏新闻,https://mp.weixin.qq.com/s/Hdz-Q-3Eig8VGsZJwzTNow
459,江苏省,徐州,丰县,金都对面北中国石化加油站,江苏新闻,https://mp.weixin.qq.com/s/Hdz-Q-3Eig8VGsZJwzTNow
460,江苏省,徐州,丰县,东方春城对面“鸡汤烧饼”小吃部,江苏新闻,https://mp.weixin.qq.com/s/Hdz-Q-3Eig8VGsZJwzTNow
461,江苏省,徐州,丰县,王庄村,江苏新闻,https://mp.weixin.qq.com/s/Hdz-Q-3Eig8VGsZJwzTNow
462,江苏省,南京,江宁区,金宝农贸市场,江苏新闻,https://mp.weixin.qq.com/s/Hdz-Q-3Eig8VGsZJwzTNow
463,江苏省,南京,江宁区,中润华购超市,江苏新闻,https://mp.weixin.qq.com/s/Hdz-Q-3Eig8VGsZJwzTNow
464,江苏省,南京,建邺区,华润苏果江东南路店,江苏新闻,https://mp.weixin.qq.com/s/Hdz-Q-3Eig8VGsZJwzTNow
465,江苏省,淮安,淮安区,淮安华东妇产医院,江苏新闻,https://mp.weixin.qq.com/s/Hdz-Q-3Eig8VGsZJwzTNow
466,江苏省,淮安,淮安区,林集卫生院,江苏新闻,https://mp.weixin.qq.com/s/Hdz-Q-3Eig8VGsZJwzTNow
467,广东省,惠州,惠城区,江北街道城市花园,惠州发布,https://mp.weixin.qq.com/s/i5Qja8vQ7wmL65JhuRxS-g
468,江西省,南昌,进贤县,文港镇圣东路,江西日报,https://mp.weixin.qq.com/s/I8W5RhgaVZE5pV9gf010Ew
469,江西省,南昌,进贤县,李渡镇李渡大道排楼村,江西日报,https://mp.weixin.qq.com/s/I8W5RhgaVZE5pV9gf010Ew
470,江西省,南昌,南昌县,八一乡板莲村,江西日报,https://mp.weixin.qq.com/s/I8W5RhgaVZE5pV9gf010Ew
471,江西省,南昌,西湖区,十字街街道安石路桃花住宅区,江西日报,https://mp.weixin.qq.com/s/I8W5RhgaVZE5pV9gf010Ew
472,江西省,南昌,西湖区,南站街道丁公路岔道口西路江西储运公司宿舍,江西日报,https://mp.weixin.qq.com/s/I8W5RhgaVZE5pV9gf010Ew
473,江西省,南昌,国家高新技术产业开发区,麻丘镇宝塔村,江西日报,https://mp.weixin.qq.com/s/I8W5RhgaVZE5pV9gf010Ew
474,江西省,南昌,青云谱区,京山街道施尧路水榭花都,江西日报,https://mp.weixin.qq.com/s/I8W5RhgaVZE5pV9gf010Ew
475,江西省,南昌,青云谱区,三家店街道新巷镇新巷村,江西日报,https://mp.weixin.qq.com/s/I8W5RhgaVZE5pV9gf010Ew
476,江西省,南昌,红谷滩新区,沙井街道莱蒙都会,江西日报,https://mp.weixin.qq.com/s/I8W5RhgaVZE5pV9gf010Ew
477,江西省,上饶,鄱阳县,鄱阳镇葵花岭,江西日报,https://mp.weixin.qq.com/s/I8W5RhgaVZE5pV9gf010Ew
478,江西省,上饶,鄱阳县,鄱阳镇先锋小区,江西日报,https://mp.weixin.qq.com/s/I8W5RhgaVZE5pV9gf010Ew
479,江西省,新余,渝水区,城北街道香山听泉34栋,江西日报,https://mp.weixin.qq.com/s/I8W5RhgaVZE5pV9gf010Ew
480,江西省,新余,渝水区,城南街道三叠园听雨楼1幢3单元,江西日报,https://mp.weixin.qq.com/s/I8W5RhgaVZE5pV9gf010Ew
481,江西省,新余,渝水区,城北街道博大园中苑小区10幢2单元,江西日报,https://mp.weixin.qq.com/s/I8W5RhgaVZE5pV9gf010Ew
482,江西省,新余,渝水区,城北街道铁路四村74栋2单元,江西日报,https://mp.weixin.qq.com/s/I8W5RhgaVZE5pV9gf010Ew
483,江西省,新余,渝水区,姚圩镇刘家村委刘家村小组,江西日报,https://mp.weixin.qq.com/s/I8W5RhgaVZE5pV9gf010Ew
484,江西省,新余,分宜县,钤西办保健巷119号8栋2单元,江西日报,https://mp.weixin.qq.com/s/I8W5RhgaVZE5pV9gf010Ew
485,江西省,九江,濂溪区,五里街道美日阳光小区,江西日报,https://mp.weixin.qq.com/s/I8W5RhgaVZE5pV9gf010Ew
486,江西省,九江,都昌县,春桥乡堰上余世府,江西日报,https://mp.weixin.qq.com/s/I8W5RhgaVZE5pV9gf010Ew
487,江西省,九江,都昌县,汪墩乡杨坞村,江西日报,https://mp.weixin.qq.com/s/I8W5RhgaVZE5pV9gf010Ew
488,江西省,宜春,丰城市,杜市镇横岗村,江西日报,https://mp.weixin.qq.com/s/I8W5RhgaVZE5pV9gf010Ew
489,江西省,宜春,铜鼓县,永宁镇定江社区,江西日报,https://mp.weixin.qq.com/s/I8W5RhgaVZE5pV9gf010Ew
490,江西省,宜春,奉新县,冯川镇蒋家堎社区,江西日报,https://mp.weixin.qq.com/s/I8W5RhgaVZE5pV9gf010Ew
491,江西省,宜春,宜阳新区,官园街道明月安居片区翡翠城小区,江西日报,https://mp.weixin.qq.com/s/I8W5RhgaVZE5pV9gf010Ew
492,江西省,赣州,于都县,于都县罗坳镇三门村,江西日报,https://mp.weixin.qq.com/s/I8W5RhgaVZE5pV9gf010Ew
493,江西省,抚州,临川区,上顿渡镇自来水公司宿舍,江西日报,https://mp.weixin.qq.com/s/I8W5RhgaVZE5pV9gf010Ew
494,江西省,抚州,临川区,上顿渡镇汽车修理厂沿街宿舍,江西日报,https://mp.weixin.qq.com/s/I8W5RhgaVZE5pV9gf010Ew
495,江西省,抚州,金溪县,秀谷镇翠峰路,江西日报,https://mp.weixin.qq.com/s/I8W5RhgaVZE5pV9gf010Ew
496,江西省,抚州,南丰县,南丰县国安酒店,江西日报,https://mp.weixin.qq.com/s/I8W5RhgaVZE5pV9gf010Ew
497,江西省,抚州,南丰县,洽湾镇浆坑村戈界组,江西日报,https://mp.weixin.qq.com/s/I8W5RhgaVZE5pV9gf010Ew
498,江西省,抚州,东乡区,杨桥镇杨桥卫生院对面,江西日报,https://mp.weixin.qq.com/s/I8W5RhgaVZE5pV9gf010Ew
499,江西省,抚州,崇仁县,世纪华府小区,江西日报,https://mp.weixin.qq.com/s/I8W5RhgaVZE5pV9gf010Ew
500,江西省,萍乡,上栗县,鸡冠山乡庙背村15组,江西日报,https://mp.weixin.qq.com/s/I8W5RhgaVZE5pV9gf010Ew
501,江西省,吉安,吉水县,文峰镇万龙新村,江西日报,https://mp.weixin.qq.com/s/I8W5RhgaVZE5pV9gf010Ew
502,江西省,吉安,吉水县,文峰镇翰文苑小区,江西日报,https://mp.weixin.qq.com/s/I8W5RhgaVZE5pV9gf010Ew
503,江西省,吉安,吉水县,双村镇曲岭邹肖家村,江西日报,https://mp.weixin.qq.com/s/I8W5RhgaVZE5pV9gf010Ew
504,江西省,吉安,遂川县,碧洲镇栗头村,江西日报,https://mp.weixin.qq.com/s/I8W5RhgaVZE5pV9gf010Ew
505,江西省,吉安,泰和县,苏溪镇模山村,江西日报,https://mp.weixin.qq.com/s/I8W5RhgaVZE5pV9gf010Ew
506,江西省,吉安,泰和县,澄江镇山谷路,江西日报,https://mp.weixin.qq.com/s/I8W5RhgaVZE5pV9gf010Ew
507,江西省,吉安,泰和县,万合镇南坑村,江西日报,https://mp.weixin.qq.com/s/I8W5RhgaVZE5pV9gf010Ew
508,江西省,吉安,永丰县,恩江镇天立生态城小区,江西日报,https://mp.weixin.qq.com/s/I8W5RhgaVZE5pV9gf010Ew
509,江西省,吉安,永丰县,君埠乡北寨村,江西日报,https://mp.weixin.qq.com/s/I8W5RhgaVZE5pV9gf010Ew
510,江西省,吉安,新干县,金川镇新灯饰城小区,江西日报,https://mp.weixin.qq.com/s/I8W5RhgaVZE5pV9gf010Ew
511,江西省,吉安,万安县,潞田镇读堂村,江西日报,https://mp.weixin.qq.com/s/I8W5RhgaVZE5pV9gf010Ew
512,江西省,吉安,吉安县,桐坪镇张家村,江西日报,https://mp.weixin.qq.com/s/I8W5RhgaVZE5pV9gf010Ew
513,江西省,吉安,峡江县,桐林乡桐林村,江西日报,https://mp.weixin.qq.com/s/I8W5RhgaVZE5pV9gf010Ew
514,江西省,吉安,永新县,在中乡平分村,江西日报,https://mp.weixin.qq.com/s/I8W5RhgaVZE5pV9gf010Ew
515,江西省,鹰潭,月湖区,洪电新村,江西日报,https://mp.weixin.qq.com/s/I8W5RhgaVZE5pV9gf010Ew
516,广东省,茂名,信宜市,怀乡永隆竹坳双龙村,茂名发布,https://mp.weixin.qq.com/s/IGaJ4Sz0Uc7ncxnG1lrtGg
517,广东省,茂名,电白区,黄岭镇下平山村,茂名发布,https://mp.weixin.qq.com/s/IGaJ4Sz0Uc7ncxnG1lrtGg
518,广东省,深圳,南山区,御景峰,深圳卫健委,https://mp.weixin.qq.com/s/Ilcw8gqTBS1mj2sL9y8BBw
519,广东省,深圳,宝安区,金泓凯旋城,深圳卫健委,https://mp.weixin.qq.com/s/Ilcw8gqTBS1mj2sL9y8BBw
520,广东省,广州,荔湾区,华林街福安街,广州卫健委,https://mp.weixin.qq.com/s/i-OHNjnnHgRfODKlpUSYFg
521,上海市,上海,徐汇区,尚海湾豪庭,上海发布,https://mp.weixin.qq.com/s/iWJ6omQpWP3YwGkjPANq-Q
522,上海市,上海,宝山区,四季绿城（北区）,上海发布,https://mp.weixin.qq.com/s/iWJ6omQpWP3YwGkjPANq-Q
523,上海市,上海,闵行区,虹桥花苑,上海发布,https://mp.weixin.qq.com/s/iWJ6omQpWP3YwGkjPANq-Q
524,上海市,上海,闵行区,城市超市（虹梅路店）,上海发布,https://mp.weixin.qq.com/s/iWJ6omQpWP3YwGkjPANq-Q
525,上海市,上海,闵行区,虹六菜市场,上海发布,https://mp.weixin.qq.com/s/iWJ6omQpWP3YwGkjPANq-Q
526,广东省,深圳,宝安区,沙井西荟城,深圳大件事,https://mp.weixin.qq.com/s/J8zMLEAWqq7PLh-y0yO7Tg
527,广东省,深圳,宝安区,潭头社区四村,深圳大件事,https://mp.weixin.qq.com/s/J8zMLEAWqq7PLh-y0yO7Tg
528,广东省,深圳,龙华区,西头新村四区,深圳大件事,https://mp.weixin.qq.com/s/J8zMLEAWqq7PLh-y0yO7Tg
529,广东省,深圳,龙华区,花半里,深圳大件事,https://mp.weixin.qq.com/s/J8zMLEAWqq7PLh-y0yO7Tg
530,上海市,上海,闵行区,浦江万达永辉超市,上海奉贤,https://mp.weixin.qq.com/s/JaEaBvbW6dpw3M2LVmA-jw
531,上海市,上海,奉贤区,南桥镇阳光二期,上海奉贤,https://mp.weixin.qq.com/s/JaEaBvbW6dpw3M2LVmA-jw
532,上海市,上海,奉贤区,金汇镇齐贤南百小区,上海奉贤,https://mp.weixin.qq.com/s/JaEaBvbW6dpw3M2LVmA-jw
533,上海市,上海,奉贤区,大贤菜场,上海奉贤,https://mp.weixin.qq.com/s/JaEaBvbW6dpw3M2LVmA-jw
534,广东省,阳江,海陵区,闸坡镇,广东阳江发布,https://mp.weixin.qq.com/s/JEGFaPaXbJCyg4L2Y5f2cA
535,广东省,阳江,江城区,海陵岛,广东阳江发布,https://mp.weixin.qq.com/s/JEGFaPaXbJCyg4L2Y5f2cA
536,广东省,珠海,香洲区,珠海香洲吉大,珠海发布,https://mp.weixin.qq.com/s/jjFdgGdM_qILo5mLaZhylg
537,广东省,深圳,南山区,艺华花园,深圳卫健委,https://mp.weixin.qq.com/s/k6QZ28KFo3_9-Jvp2td2HA
538,广东省,深圳,福田区,海田路1008号雅颂居,深圳卫健委,https://mp.weixin.qq.com/s/k6QZ28KFo3_9-Jvp2td2HA
539,广东省,深圳,福田区,下沙花好园,深圳卫健委,https://mp.weixin.qq.com/s/k6QZ28KFo3_9-Jvp2td2HA
540,广东省,深圳,福田区,金地名津,深圳卫健委,https://mp.weixin.qq.com/s/k6QZ28KFo3_9-Jvp2td2HA
541,广东省,深圳,龙岗区,万科麓城,深圳卫健委,https://mp.weixin.qq.com/s/k6QZ28KFo3_9-Jvp2td2HA
542,广东省,深圳,龙岗区,金德丰雅居,深圳卫健委,https://mp.weixin.qq.com/s/k6QZ28KFo3_9-Jvp2td2HA
543,广东省,深圳,宝安区,松岗街道红星村温屋,深圳卫健委,https://mp.weixin.qq.com/s/k6QZ28KFo3_9-Jvp2td2HA
544,广东省,深圳,罗湖区,嘉宝田花园,深圳卫健委,https://mp.weixin.qq.com/s/k6QZ28KFo3_9-Jvp2td2HA
545,广东省,深圳,盐田区,京基洲际度假酒店,深圳卫健委,https://mp.weixin.qq.com/s/k6QZ28KFo3_9-Jvp2td2HA
546,江西省,南昌,西湖区,桃花镇玉兰路联发君领朝阳,南昌晚报,https://mp.weixin.qq.com/s/KK1b85TfZg3OKob_s8ju0Q
547,陕西省,西安,蓝田县,迎宾路圆盘东南角顶牛拉面馆,西安在线,https://mp.weixin.qq.com/s/L6UmSE1h35jGNX9nII7W1w
548,江苏省,常州,武进区,牛塘镇,常州发布,https://mp.weixin.qq.com/s/l7-4X1mqf191u1sKbwpwtg
549,江苏省,常州,金坛区,社头镇,常州发布,https://mp.weixin.qq.com/s/l7-4X1mqf191u1sKbwpwtg
550,广东省,广州,白云区,江高镇珠江村新贝路,广州卫健委,https://mp.weixin.qq.com/s/LBJ9bWwWH3dIDgHbX3JrMA
551,广东省,广州,白云区,永平街道百顺北路,广州卫健委,https://mp.weixin.qq.com/s/LBJ9bWwWH3dIDgHbX3JrMA
552,广东省,广州,越秀区,光塔街道起义路,广州卫健委,https://mp.weixin.qq.com/s/LBJ9bWwWH3dIDgHbX3JrMA
553,内蒙古省,呼和浩特,赛罕区,长乐湾小区,呼和浩特新闻网,https://mp.weixin.qq.com/s/ljO-jnuFaLY7dlay04vnQQ
554,内蒙古省,呼和浩特,赛罕区,内蒙古医院南侧羽神超市,呼和浩特新闻网,https://mp.weixin.qq.com/s/ljO-jnuFaLY7dlay04vnQQ
555,内蒙古省,呼和浩特,玉泉区,恒泰盛都小区e家人超市,呼和浩特新闻网,https://mp.weixin.qq.com/s/ljO-jnuFaLY7dlay04vnQQ
556,内蒙古省,呼和浩特,玉泉区,恒泰盛都小区,呼和浩特新闻网,https://mp.weixin.qq.com/s/ljO-jnuFaLY7dlay04vnQQ
557,内蒙古省,呼和浩特,玉泉区,五里营小区国大药房,呼和浩特新闻网,https://mp.weixin.qq.com/s/ljO-jnuFaLY7dlay04vnQQ
558,内蒙古省,呼和浩特,回民区,城发绿园3期,呼和浩特日报,https://mp.weixin.qq.com/s/L-kxyVWz2388nVMrHpNwSQ
559,内蒙古省,呼和浩特,回民区,天昱自由度小区鑫乐福超市,呼和浩特日报,https://mp.weixin.qq.com/s/L-kxyVWz2388nVMrHpNwSQ
560,内蒙古省,呼和浩特,回民区,城发绿园1期深达超市,呼和浩特日报,https://mp.weixin.qq.com/s/L-kxyVWz2388nVMrHpNwSQ
561,广东省,珠海,斗门区,白蕉镇大众市场,珠海发布,https://mp.weixin.qq.com/s/LLeJqI0C3wg_XMJxptr6hA
562,广东省,珠海,斗门区,白蕉镇连桥路299号,珠海发布,https://mp.weixin.qq.com/s/LLeJqI0C3wg_XMJxptr6hA
563,广东省,深圳,南山区,珠光村西区,深圳卫健委,https://mp.weixin.qq.com/s/MaIhftMbVTrBaslpSPNkuA
564,广东省,汕头,南澳县,深澳镇走马埔村,汕头发布,https://mp.weixin.qq.com/s/MJayWWtfMetX7uypjW34jA
565,广东省,汕头,南澳县,后宅镇隆澳大街,汕头发布,https://mp.weixin.qq.com/s/MJayWWtfMetX7uypjW34jA
566,广东省,汕头,潮南区,陇田镇南埔村,汕头发布,https://mp.weixin.qq.com/s/MJayWWtfMetX7uypjW34jA
567,广东省,清远,清城区,龙塘镇银盏嘉福工业园欣强电子有限公司宿舍区,清远发布,https://mp.weixin.qq.com/s/MPkzfHNESrN7F8ZKCYob7Q
568,广东省,肇庆,端州区,泰湖新城小区,健康肇庆,https://mp.weixin.qq.com/s/MpL6gwVXTxFjfOsBr2SqQg
569,广东省,肇庆,端州区,益华广场昌大昌超市,健康肇庆,https://mp.weixin.qq.com/s/MpL6gwVXTxFjfOsBr2SqQg
570,广东省,肇庆,端州区,星湖国际广场大润发超市,健康肇庆,https://mp.weixin.qq.com/s/MpL6gwVXTxFjfOsBr2SqQg
571,内蒙古省,包头,土右旗,萨拉齐镇云二百货,包头新闻网,https://mp.weixin.qq.com/s/nqSkq_C1SWyXwSoWH8Tl_Q
572,内蒙古省,包头,土右旗,萨拉齐镇包百商场,包头新闻网,https://mp.weixin.qq.com/s/nqSkq_C1SWyXwSoWH8Tl_Q
573,内蒙古省,包头,土右旗,萨拉齐镇凯盛大酒店,包头新闻网,https://mp.weixin.qq.com/s/nqSkq_C1SWyXwSoWH8Tl_Q
574,江苏省,宿迁,经济技术开发区,古楚街道朱圩街大众浴池,宿迁之声,https://mp.weixin.qq.com/s/o8htUb-Eq0jI-18koz4JSA
575,江苏省,宿迁,经济技术开发区,黄河街道万福隆卫民药房,宿迁之声,https://mp.weixin.qq.com/s/o8htUb-Eq0jI-18koz4JSA
576,陕西省,西安,未央区,丹尼尔商场,西安在线,https://mp.weixin.qq.com/s/oAp7a7J7b8ueznBiy6UfHw
577,陕西省,西安,未央区,康复路北口贝斯特鞋城F区-6号,西安在线,https://mp.weixin.qq.com/s/oAp7a7J7b8ueznBiy6UfHw
578,陕西省,西安,未央区,三桥车辆厂邮局附近,西安在线,https://mp.weixin.qq.com/s/oAp7a7J7b8ueznBiy6UfHw
579,陕西省,西安,未央区,三桥街道繁花郡小区附近,西安在线,https://mp.weixin.qq.com/s/oAp7a7J7b8ueznBiy6UfHw
580,陕西省,西安,未央区,三桥街道柏林春天小区附近,西安在线,https://mp.weixin.qq.com/s/oAp7a7J7b8ueznBiy6UfHw
581,陕西省,西安,未央区,三桥街道西雁小区附近,西安在线,https://mp.weixin.qq.com/s/oAp7a7J7b8ueznBiy6UfHw
582,陕西省,西安,未央区,三桥街道建章尚品小区附近,西安在线,https://mp.weixin.qq.com/s/oAp7a7J7b8ueznBiy6UfHw
583,陕西省,西安,未央区,三桥街道新店小区附近,西安在线,https://mp.weixin.qq.com/s/oAp7a7J7b8ueznBiy6UfHw
584,陕西省,西安,未央区,华润万象城,西安在线,https://mp.weixin.qq.com/s/oAp7a7J7b8ueznBiy6UfHw
585,广东省,湛江,雷州市,英利镇幸福农场旧市场,湛江政府网,https://mp.weixin.qq.com/s/O-d8n6f_AygAgNedh-sOoQ
586,广东省,广州,海珠区,江海街道台涌村新街,广州卫健委,https://mp.weixin.qq.com/s/oSfryyVX7e2CaDTyVRBR1A
587,广东省,广州,海珠区,沙园街道水榕路中海橡园,广州卫健委,https://mp.weixin.qq.com/s/oSfryyVX7e2CaDTyVRBR1A
588,广东省,广州,白云区,太和镇黄庄万科蓝山,广州卫健委,https://mp.weixin.qq.com/s/oSfryyVX7e2CaDTyVRBR1A
589,广东省,广州,荔湾区,冲口街道招村南胜九巷,广州卫健委,https://mp.weixin.qq.com/s/oSfryyVX7e2CaDTyVRBR1A
590,广东省,广州,黄埔区,长岭街道萝岗和苑,广州卫健委,https://mp.weixin.qq.com/s/oSfryyVX7e2CaDTyVRBR1A
591,宁夏省,固原,隆德县,观庄乡红堡村,银川晚报,https://mp.weixin.qq.com/s/p8FwAyaWqBQPQ9ExZNRunA
592,宁夏省,固原,隆德县,县城华天广场负一楼超市,银川晚报,https://mp.weixin.qq.com/s/p8FwAyaWqBQPQ9ExZNRunA
593,宁夏省,固原,隆德县,阳光小区完达山世纪贝贝孕婴店,银川晚报,https://mp.weixin.qq.com/s/p8FwAyaWqBQPQ9ExZNRunA
594,宁夏省,固原,隆德县,新世纪商城斜对面阳光宝贝婴幼儿生活馆,银川晚报,https://mp.weixin.qq.com/s/p8FwAyaWqBQPQ9ExZNRunA
595,宁夏省,固原,隆德县,县卫健局对面零岁计划孕婴童生活馆,银川晚报,https://mp.weixin.qq.com/s/p8FwAyaWqBQPQ9ExZNRunA
596,江苏省,宿迁,泗阳县,爱园镇好又多超市,宿迁之声,https://mp.weixin.qq.com/s/pAaXlR0Rc7IjTkrJ_nmOHw
597,江苏省,宿迁,泗阳县,爱园镇果园澡堂,宿迁之声,https://mp.weixin.qq.com/s/pAaXlR0Rc7IjTkrJ_nmOHw
598,广东省,广州,荔湾区,华林街兴中里6号,咩事,https://mp.weixin.qq.com/s/pathagzfYVfG7rgn4fsehw
599,广东省,广州,荔湾区,春天花花零食店,咩事,https://mp.weixin.qq.com/s/pathagzfYVfG7rgn4fsehw
600,广东省,广州,荔湾区,健民利众分店,咩事,https://mp.weixin.qq.com/s/pathagzfYVfG7rgn4fsehw
601,广东省,广州,荔湾区,书亦烧仙草店,咩事,https://mp.weixin.qq.com/s/pathagzfYVfG7rgn4fsehw
602,广东省,广州,荔湾区,水煎包十八甫路店,咩事,https://mp.weixin.qq.com/s/pathagzfYVfG7rgn4fsehw
603,山西省,朔州,应县,杏寨乡石店村,山西晚报,https://mp.weixin.qq.com/s/pCknNhnIW75e0cHBe54iyg
604,山西省,朔州,应县,南河种镇东堡村,山西晚报,https://mp.weixin.qq.com/s/pCknNhnIW75e0cHBe54iyg
605,山西省,朔州,应县,金城镇南丰里,山西晚报,https://mp.weixin.qq.com/s/pCknNhnIW75e0cHBe54iyg
606,江西省,南昌,进贤县,罗溪镇坝塘村,江西日报,https://mp.weixin.qq.com/s/PxlQtWded0LAEHEEjPPQjQ
607,江西省,南昌,进贤县,李渡镇李渡益康花园,江西日报,https://mp.weixin.qq.com/s/PxlQtWded0LAEHEEjPPQjQ
608,江西省,南昌,西湖区,九洲大街恒大华府,江西日报,https://mp.weixin.qq.com/s/PxlQtWded0LAEHEEjPPQjQ
609,江西省,南昌,国家高新技术产业开发区,麻丘镇南岗村,江西日报,https://mp.weixin.qq.com/s/PxlQtWded0LAEHEEjPPQjQ
610,江西省,南昌,国家高新技术产业开发区,艾溪湖管理处南塘村,江西日报,https://mp.weixin.qq.com/s/PxlQtWded0LAEHEEjPPQjQ
611,江西省,南昌,青云谱区,青云谱镇包家花园,江西日报,https://mp.weixin.qq.com/s/PxlQtWded0LAEHEEjPPQjQ
612,江西省,南昌,新建区,长堎镇莱卡小镇,江西日报,https://mp.weixin.qq.com/s/PxlQtWded0LAEHEEjPPQjQ
613,江西省,南昌,安义县,石鼻镇联合村,江西日报,https://mp.weixin.qq.com/s/PxlQtWded0LAEHEEjPPQjQ
614,江西省,南昌,经济技术开发区,蛟桥镇枫林东大街,江西日报,https://mp.weixin.qq.com/s/PxlQtWded0LAEHEEjPPQjQ
615,江西省,上饶,鄱阳县,谢家滩镇余畈村,江西日报,https://mp.weixin.qq.com/s/PxlQtWded0LAEHEEjPPQjQ
616,江西省,上饶,鄱阳县,鄱阳镇桃花源纪,江西日报,https://mp.weixin.qq.com/s/PxlQtWded0LAEHEEjPPQjQ
617,江西省,上饶,鄱阳县,鄱阳镇新民小区,江西日报,https://mp.weixin.qq.com/s/PxlQtWded0LAEHEEjPPQjQ
618,江西省,上饶,鄱阳县,谢家滩镇田铺村,江西日报,https://mp.weixin.qq.com/s/PxlQtWded0LAEHEEjPPQjQ
619,江西省,上饶,鄱阳县,昌洲乡陈高村,江西日报,https://mp.weixin.qq.com/s/PxlQtWded0LAEHEEjPPQjQ
620,江西省,上饶,鄱阳县,莲湖乡毛家村,江西日报,https://mp.weixin.qq.com/s/PxlQtWded0LAEHEEjPPQjQ
621,江西省,上饶,广丰区,永丰街道南街12号,江西日报,https://mp.weixin.qq.com/s/PxlQtWded0LAEHEEjPPQjQ
622,江西省,上饶,广丰区,永丰街道螺蛳山,江西日报,https://mp.weixin.qq.com/s/PxlQtWded0LAEHEEjPPQjQ
623,江西省,上饶,广丰区,大南镇李家村,江西日报,https://mp.weixin.qq.com/s/PxlQtWded0LAEHEEjPPQjQ
624,江西省,上饶,广丰区,丰溪街道巴黎庄园,江西日报,https://mp.weixin.qq.com/s/PxlQtWded0LAEHEEjPPQjQ
625,江西省,上饶,广丰区,大石街道大石头村,江西日报,https://mp.weixin.qq.com/s/PxlQtWded0LAEHEEjPPQjQ
626,江西省,上饶,广丰区,永丰街道南街付家弄,江西日报,https://mp.weixin.qq.com/s/PxlQtWded0LAEHEEjPPQjQ
627,江西省,上饶,信州区,茅家岭街道翰林印象,江西日报,https://mp.weixin.qq.com/s/PxlQtWded0LAEHEEjPPQjQ
628,江西省,上饶,婺源县,蚺城街道君尚名府,江西日报,https://mp.weixin.qq.com/s/PxlQtWded0LAEHEEjPPQjQ
629,江西省,上饶,玉山县,岩瑞镇石牌村,江西日报,https://mp.weixin.qq.com/s/PxlQtWded0LAEHEEjPPQjQ
630,江西省,新余,渝水区,城北街道青竹园小区2栋,江西日报,https://mp.weixin.qq.com/s/PxlQtWded0LAEHEEjPPQjQ
631,江西省,新余,渝水区,城北街道半岛豪园15栋,江西日报,https://mp.weixin.qq.com/s/PxlQtWded0LAEHEEjPPQjQ
632,江西省,新余,渝水区,城南街道老西街钻石花苑1栋2单元,江西日报,https://mp.weixin.qq.com/s/PxlQtWded0LAEHEEjPPQjQ
633,江西省,新余,渝水区,城北街道北湖路明珠花园12栋1单元,江西日报,https://mp.weixin.qq.com/s/PxlQtWded0LAEHEEjPPQjQ
634,江西省,新余,渝水区,城南街道五交化公司宿舍2栋,江西日报,https://mp.weixin.qq.com/s/PxlQtWded0LAEHEEjPPQjQ
635,江西省,新余,渝水区,城北街道交通银行一大院2栋,江西日报,https://mp.weixin.qq.com/s/PxlQtWded0LAEHEEjPPQjQ
636,江西省,新余,渝水区,城北街道盛德世纪花园10栋4单元,江西日报,https://mp.weixin.qq.com/s/PxlQtWded0LAEHEEjPPQjQ
637,江西省,新余,渝水区,城北街道鸿发苑2栋2单元,江西日报,https://mp.weixin.qq.com/s/PxlQtWded0LAEHEEjPPQjQ
638,江西省,新余,渝水区,白水塘小区18栋3单元,江西日报,https://mp.weixin.qq.com/s/PxlQtWded0LAEHEEjPPQjQ
639,江西省,九江,濂溪区,五里街道龙珠花园,江西日报,https://mp.weixin.qq.com/s/PxlQtWded0LAEHEEjPPQjQ
640,江西省,九江,浔阳区,白水湖街道景馨小区,江西日报,https://mp.weixin.qq.com/s/PxlQtWded0LAEHEEjPPQjQ
641,江西省,九江,浔阳区,甘棠街道中辉凯旋城,江西日报,https://mp.weixin.qq.com/s/PxlQtWded0LAEHEEjPPQjQ
642,江西省,九江,湖口县,武山镇莲凤村,江西日报,https://mp.weixin.qq.com/s/PxlQtWded0LAEHEEjPPQjQ
643,江西省,九江,永修县,九合乡新华村,江西日报,https://mp.weixin.qq.com/s/PxlQtWded0LAEHEEjPPQjQ
644,江西省,九江,永修县,立新乡杨春村,江西日报,https://mp.weixin.qq.com/s/PxlQtWded0LAEHEEjPPQjQ
645,江西省,九江,庐山市,温泉镇通书院村,江西日报,https://mp.weixin.qq.com/s/PxlQtWded0LAEHEEjPPQjQ
646,江西省,九江,德安县,河东乡人民财产保险公司家属楼,江西日报,https://mp.weixin.qq.com/s/PxlQtWded0LAEHEEjPPQjQ
647,江西省,宜春,丰城市,洛市镇庄田村,江西日报,https://mp.weixin.qq.com/s/PxlQtWded0LAEHEEjPPQjQ
648,江西省,赣州,于都县,罗坳镇茅坪村,江西日报,https://mp.weixin.qq.com/s/PxlQtWded0LAEHEEjPPQjQ
649,江西省,赣州,章贡区,钓鱼台,江西日报,https://mp.weixin.qq.com/s/PxlQtWded0LAEHEEjPPQjQ
650,江西省,赣州,赣县区,江口镇江口村,江西日报,https://mp.weixin.qq.com/s/PxlQtWded0LAEHEEjPPQjQ
651,江西省,赣州,赣县区,茅店镇杨洞村,江西日报,https://mp.weixin.qq.com/s/PxlQtWded0LAEHEEjPPQjQ
652,江西省,赣州,龙南县,杨村镇五星村,江西日报,https://mp.weixin.qq.com/s/PxlQtWded0LAEHEEjPPQjQ
653,江西省,抚州,临川区,名门世家小区,江西日报,https://mp.weixin.qq.com/s/PxlQtWded0LAEHEEjPPQjQ
654,江西省,抚州,临川区,帝景豪苑小区,江西日报,https://mp.weixin.qq.com/s/PxlQtWded0LAEHEEjPPQjQ
655,江西省,抚州,临川区,上顿渡镇桥东路,江西日报,https://mp.weixin.qq.com/s/PxlQtWded0LAEHEEjPPQjQ
656,江西省,抚州,金溪县,陆坊乡葛坊村李坊源村,江西日报,https://mp.weixin.qq.com/s/PxlQtWded0LAEHEEjPPQjQ
657,江西省,抚州,金溪县,玉虹国际小区,江西日报,https://mp.weixin.qq.com/s/PxlQtWded0LAEHEEjPPQjQ
658,江西省,抚州,黎川县,洵口镇石莲村道和墩小组,江西日报,https://mp.weixin.qq.com/s/PxlQtWded0LAEHEEjPPQjQ
659,江西省,抚州,乐安县,鳌溪镇蓝天巷,江西日报,https://mp.weixin.qq.com/s/PxlQtWded0LAEHEEjPPQjQ
660,江西省,抚州,乐安县,鳌溪镇香山豪庭,江西日报,https://mp.weixin.qq.com/s/PxlQtWded0LAEHEEjPPQjQ
661,江西省,萍乡,安源区,高坑镇新华村车谷岭,江西日报,https://mp.weixin.qq.com/s/PxlQtWded0LAEHEEjPPQjQ
662,江西省,鹰潭,贵溪市,东门街道嘉裕花苑,江西日报,https://mp.weixin.qq.com/s/PxlQtWded0LAEHEEjPPQjQ
663,江西省,鹰潭,月湖区,白露小英村,江西日报,https://mp.weixin.qq.com/s/PxlQtWded0LAEHEEjPPQjQ
664,江西省,鹰潭,月湖区,凯翔宾馆,江西日报,https://mp.weixin.qq.com/s/PxlQtWded0LAEHEEjPPQjQ
665,江西省,鹰潭,信江新区,恒大绿洲10栋2单元,江西日报,https://mp.weixin.qq.com/s/PxlQtWded0LAEHEEjPPQjQ
666,江西省,鹰潭,信江新区,江北办事处信江村,江西日报,https://mp.weixin.qq.com/s/PxlQtWded0LAEHEEjPPQjQ
667,江西省,鹰潭,余江区,邓埠镇安仁大道,江西日报,https://mp.weixin.qq.com/s/PxlQtWded0LAEHEEjPPQjQ
668,广东省,广州,海珠区,江南中街道前进路聚龙新街,广州卫健委,https://mp.weixin.qq.com/s/qMb78wvftwMT0Fx-fbgkVA
669,广东省,广州,白云区,同德街道西槎路同景东街,广州卫健委,https://mp.weixin.qq.com/s/qMb78wvftwMT0Fx-fbgkVA
670,广东省,广州,白云区,同和街道同沙路云东小区,广州卫健委,https://mp.weixin.qq.com/s/qMb78wvftwMT0Fx-fbgkVA
671,广东省,广州,番禺区,钟村街道鸿福路,广州卫健委,https://mp.weixin.qq.com/s/qMb78wvftwMT0Fx-fbgkVA
672,广东省,东莞,望牛墩镇,望牛墩镇,东莞市卫生健康局,https://mp.weixin.qq.com/s/qnN8WIp6bdivLrcxn3kw8A
673,广东省,东莞,石龙镇,石龙镇,东莞市卫生健康局,https://mp.weixin.qq.com/s/qnN8WIp6bdivLrcxn3kw8A
674,陕西省,西安,鄠邑区,余下街道惠南小区,西安在线,https://mp.weixin.qq.com/s/qQZ6QvNts9rpSWcPgDXZUA
675,陕西省,西安,鄠邑区,玉蝉街办曲抱村,西安在线,https://mp.weixin.qq.com/s/qQZ6QvNts9rpSWcPgDXZUA
676,广东省,河源,源城区,河源大道北,河源发布,https://mp.weixin.qq.com/s/qVcPv1s491KY6BfXb7BGDg
677,广东省,河源,源城区,越王大道,河源发布,https://mp.weixin.qq.com/s/qVcPv1s491KY6BfXb7BGDg
678,广东省,河源,源城区,坚基商业中心,河源发布,https://mp.weixin.qq.com/s/qVcPv1s491KY6BfXb7BGDg
679,广东省,河源,源城区,源西街道白岭头高屋村,河源发布,https://mp.weixin.qq.com/s/qVcPv1s491KY6BfXb7BGDg
680,广东省,广州,花都区,新华街道田美村,广州卫健委,https://mp.weixin.qq.com/s/QVO-ku5SAFS5lGfrJ3tqvw
681,辽宁省,沈阳,铁西区,霁虹街道鑫丰花园,辽沈晚报,https://mp.weixin.qq.com/s/Rbni3MycgbIuiz5YgD2DCg
682,辽宁省,沈阳,铁西区,高花,辽沈晚报,https://mp.weixin.qq.com/s/Rbni3MycgbIuiz5YgD2DCg
683,辽宁省,沈阳,铁西区,中街新玛特商场内好利来蛋糕店,辽沈晚报,https://mp.weixin.qq.com/s/Rbni3MycgbIuiz5YgD2DCg
684,辽宁省,沈阳,铁西区,中街新玛特商场内周生生,辽沈晚报,https://mp.weixin.qq.com/s/Rbni3MycgbIuiz5YgD2DCg
685,辽宁省,沈阳,铁西区,爱工街23-5,辽沈晚报,https://mp.weixin.qq.com/s/Rbni3MycgbIuiz5YgD2DCg
686,辽宁省,沈阳,大东区,津桥街道大什字街237-1,辽沈晚报,https://mp.weixin.qq.com/s/Rbni3MycgbIuiz5YgD2DCg
687,辽宁省,辽阳,白塔区,风和日丽小区,辽沈晚报,https://mp.weixin.qq.com/s/Rbni3MycgbIuiz5YgD2DCg
688,广东省,广州,海珠区,赤岗街道迎商酒店,广州卫健委,https://mp.weixin.qq.com/s/rfJiJIU49y8MmMJOXttxBw
689,广东省,惠州,大亚湾区,西区街道金汇上元,惠州发布,https://mp.weixin.qq.com/s/S5JyC2E2Vn5XL0jcKkmBPg
690,广东省,东莞,东城街道,雍华庭,东莞市卫生健康局,https://mp.weixin.qq.com/s/sHZtvU0GD-sUbKT8lexYZA
691,广东省,东莞,大岭山镇,信立农批市场,东莞市卫生健康局,https://mp.weixin.qq.com/s/sHZtvU0GD-sUbKT8lexYZA
692,广东省,东莞,横沥镇,山厦村四海工业区,东莞市卫生健康局,https://mp.weixin.qq.com/s/sHZtvU0GD-sUbKT8lexYZA
693,广东省,佛山,顺德区,大良街道鉴海南路2号都汇豪庭,佛山发布,https://mp.weixin.qq.com/s/SRElAd3cHRF5Z1yIJOeMYQ
694,广东省,广州,天河区,天盈广场,广州天河发布,https://mp.weixin.qq.com/s/T7W4z1YpykNltgM4Els3cw
695,江苏省,扬州,宝应县,安宜镇芦松三村,扬州发布,https://mp.weixin.qq.com/s/tHvCXVKoe13lU2_EP935QQ
696,江苏省,扬州,宝应县,泾河镇张桥村,扬州发布,https://mp.weixin.qq.com/s/tHvCXVKoe13lU2_EP935QQ
697,江苏省,扬州,宝应县,锦春大酒店,扬州发布,https://mp.weixin.qq.com/s/tHvCXVKoe13lU2_EP935QQ
698,江苏省,扬州,宝应县,碧桂园,扬州发布,https://mp.weixin.qq.com/s/tHvCXVKoe13lU2_EP935QQ
699,江苏省,扬州,宝应县,安宜东路文峰南门西侧环球手机连锁店,扬州发布,https://mp.weixin.qq.com/s/tHvCXVKoe13lU2_EP935QQ
700,江苏省,扬州,宝应县,宝应县体育场门口药店,扬州发布,https://mp.weixin.qq.com/s/tHvCXVKoe13lU2_EP935QQ
701,江苏省,扬州,宝应县,安宜镇铁桥口巷,扬州发布,https://mp.weixin.qq.com/s/tHvCXVKoe13lU2_EP935QQ
702,江苏省,扬州,宝应县,邗沟路菜场,扬州发布,https://mp.weixin.qq.com/s/tHvCXVKoe13lU2_EP935QQ
703,江苏省,扬州,宝应县,莲馨家园9栋,扬州发布,https://mp.weixin.qq.com/s/tHvCXVKoe13lU2_EP935QQ
704,广东省,揭阳,揭西县,揭西县,揭阳发布,https://mp.weixin.qq.com/s/TndLruxymZlVFM7oT-tbmQ
705,广东省,茂名,高州市,平山镇玉坑塘新村,茂名发布,https://mp.weixin.qq.com/s/TTppjI31ZGHP4nDiAueQZw
706,江西省,宜春,宜阳新区,一百超市市府店,江西女性,https://mp.weixin.qq.com/s/U019DW4SJCxW7RTcd9I1Iw
707,山西省,大同,平城区,曹夫翰林院B区新杏林大药房,山西日报,https://mp.weixin.qq.com/s/uaNlrAc-0-i_rMvYaAYVJA
708,山西省,大同,平城区,新泉西里,山西日报,https://mp.weixin.qq.com/s/uaNlrAc-0-i_rMvYaAYVJA
709,山西省,大同,平城区,曹夫楼社区站,山西日报,https://mp.weixin.qq.com/s/uaNlrAc-0-i_rMvYaAYVJA
710,山西省,大同,平城区,曹夫翰林苑B区,山西日报,https://mp.weixin.qq.com/s/uaNlrAc-0-i_rMvYaAYVJA
711,山西省,大同,平城区,曹夫翰林苑A区,山西日报,https://mp.weixin.qq.com/s/uaNlrAc-0-i_rMvYaAYVJA
712,山西省,大同,平城区,同泉路,山西日报,https://mp.weixin.qq.com/s/uaNlrAc-0-i_rMvYaAYVJA
713,山西省,大同,平城区,大秦佳苑小区南门,山西日报,https://mp.weixin.qq.com/s/uaNlrAc-0-i_rMvYaAYVJA
714,山西省,大同,平城区,东信广场,山西日报,https://mp.weixin.qq.com/s/uaNlrAc-0-i_rMvYaAYVJA
715,山西省,大同,平城区,马军营乡西河河村,山西日报,https://mp.weixin.qq.com/s/uaNlrAc-0-i_rMvYaAYVJA
716,山西省,大同,平城区,沃尔玛超市,山西日报,https://mp.weixin.qq.com/s/uaNlrAc-0-i_rMvYaAYVJA
717,山西省,大同,平城区,曹夫翰林苑B区新杏林大药房,山西日报,https://mp.weixin.qq.com/s/uaNlrAc-0-i_rMvYaAYVJA
718,山西省,大同,云冈区,新胜街道,山西日报,https://mp.weixin.qq.com/s/uaNlrAc-0-i_rMvYaAYVJA
719,山西省,大同,浑源县,瑞丰食府,山西日报,https://mp.weixin.qq.com/s/uaNlrAc-0-i_rMvYaAYVJA
720,山西省,大同,浑源县,永安镇雷家府天峰社区,山西日报,https://mp.weixin.qq.com/s/uaNlrAc-0-i_rMvYaAYVJA
721,山西省,大同,天镇县,玉泉镇,山西日报,https://mp.weixin.qq.com/s/uaNlrAc-0-i_rMvYaAYVJA
722,内蒙古省,呼和浩特,玉泉区,锡林南路秋实璟峯汇小区,呼和浩特日报,https://mp.weixin.qq.com/s/v8_qO9NA0OZlohlo0sbCZg
723,广东省,深圳,福田区,新世界·四季山水一期,深圳卫健委,https://mp.weixin.qq.com/s/VCPYIcswFYrXKMT_iAo4sQ
724,广东省,深圳,福田区,福宁街桐林公寓,深圳卫健委,https://mp.weixin.qq.com/s/VCPYIcswFYrXKMT_iAo4sQ
725,广东省,深圳,龙岗区,百合星城二期,深圳卫健委,https://mp.weixin.qq.com/s/VCPYIcswFYrXKMT_iAo4sQ
726,广东省,深圳,龙岗区,锦航酒店,深圳卫健委,https://mp.weixin.qq.com/s/VCPYIcswFYrXKMT_iAo4sQ
727,广东省,茂名,化州市,笪桥镇仓背行政村仓背自然村,茂名发布,https://mp.weixin.qq.com/s/VHyCUTBLdswJUs4v94gCGg
728,上海市,上海,宝山区,呼玛三村,上海宝山,https://mp.weixin.qq.com/s/VlmSYauI8yaDuegXGATg1A
729,上海市,上海,宝山区,呼玛集贸市场,上海宝山,https://mp.weixin.qq.com/s/VlmSYauI8yaDuegXGATg1A
730,上海市,上海,宝山区,南秀雅苑,上海宝山,https://mp.weixin.qq.com/s/VlmSYauI8yaDuegXGATg1A
731,广东省,东莞,大岭山镇,松湖澜园,东莞市卫生健康局,https://mp.weixin.qq.com/s/VlptYBqxOilNbokYmgAq3w
732,广东省,肇庆,封开县,江口镇宾悦酒店,肇庆发布,https://mp.weixin.qq.com/s/vyMK9XAfBREa6c7KkQZE_g
733,广东省,肇庆,封开县,平凤镇新围村,肇庆发布,https://mp.weixin.qq.com/s/vyMK9XAfBREa6c7KkQZE_g
734,广东省,肇庆,封开县,江口镇星辉曲艺社江口社区,肇庆发布,https://mp.weixin.qq.com/s/vyMK9XAfBREa6c7KkQZE_g
735,广东省,肇庆,封开县,江口镇水上居民安置楼,肇庆发布,https://mp.weixin.qq.com/s/vyMK9XAfBREa6c7KkQZE_g
736,山东省,济宁,任城区,如意嘉园,齐鲁晚报,https://mp.weixin.qq.com/s/W9Iqq_rF4D9qHfI91nC0MQ
737,山东省,济宁,任城区,建设新村,齐鲁晚报,https://mp.weixin.qq.com/s/W9Iqq_rF4D9qHfI91nC0MQ
738,山东省,济宁,任城区,太白国际,齐鲁晚报,https://mp.weixin.qq.com/s/W9Iqq_rF4D9qHfI91nC0MQ
739,山东省,济宁,曲阜市,书院街道旧县三街,齐鲁晚报,https://mp.weixin.qq.com/s/W9Iqq_rF4D9qHfI91nC0MQ
740,山东省,济宁,曲阜市,鲁城街道卫生局家属院,齐鲁晚报,https://mp.weixin.qq.com/s/W9Iqq_rF4D9qHfI91nC0MQ
741,山东省,济宁,曲阜市,小雪街道武家村,齐鲁晚报,https://mp.weixin.qq.com/s/W9Iqq_rF4D9qHfI91nC0MQ
742,山东省,济宁,曲阜市,鲁城街道南关体育局家属院,齐鲁晚报,https://mp.weixin.qq.com/s/W9Iqq_rF4D9qHfI91nC0MQ
743,山东省,济宁,高新区,海亮公馆,齐鲁晚报,https://mp.weixin.qq.com/s/W9Iqq_rF4D9qHfI91nC0MQ
744,山东省,济宁,高新区,洸河街道市检察院宿舍,齐鲁晚报,https://mp.weixin.qq.com/s/W9Iqq_rF4D9qHfI91nC0MQ
745,山东省,济宁,高新区,洸河街道舜泰园小区,齐鲁晚报,https://mp.weixin.qq.com/s/W9Iqq_rF4D9qHfI91nC0MQ
746,山东省,济宁,汶上县,信合小区,齐鲁晚报,https://mp.weixin.qq.com/s/W9Iqq_rF4D9qHfI91nC0MQ
747,山东省,济宁,兖州区,奎星苑小区,齐鲁晚报,https://mp.weixin.qq.com/s/W9Iqq_rF4D9qHfI91nC0MQ
748,山东省,济宁,兖州区,颜店镇李宫一村,齐鲁晚报,https://mp.weixin.qq.com/s/W9Iqq_rF4D9qHfI91nC0MQ
749,山东省,济宁,金乡县,化雨镇吴海村,齐鲁晚报,https://mp.weixin.qq.com/s/W9Iqq_rF4D9qHfI91nC0MQ
750,山东省,济宁,嘉祥县,仲山镇仲山西村,齐鲁晚报,https://mp.weixin.qq.com/s/W9Iqq_rF4D9qHfI91nC0MQ
751,内蒙古省,呼和浩特,赛罕区,东万达广场,内蒙古日报,https://mp.weixin.qq.com/s/WBkYAkadMMy8qkjvZeTbyQ
752,内蒙古省,呼和浩特,赛罕区,惠多利超市,内蒙古日报,https://mp.weixin.qq.com/s/WBkYAkadMMy8qkjvZeTbyQ
753,内蒙古省,呼和浩特,赛罕区,鄂尔多斯大街东苑小区,内蒙古日报,https://mp.weixin.qq.com/s/WBkYAkadMMy8qkjvZeTbyQ
754,内蒙古省,呼和浩特,赛罕区,烟厂小区,内蒙古日报,https://mp.weixin.qq.com/s/WBkYAkadMMy8qkjvZeTbyQ
755,内蒙古省,呼和浩特,赛罕区,百捷酒店管理有限公司锦江之星酒店,内蒙古日报,https://mp.weixin.qq.com/s/WBkYAkadMMy8qkjvZeTbyQ
756,内蒙古省,呼和浩特,赛罕区,一品螯庄大闸蟹,内蒙古日报,https://mp.weixin.qq.com/s/WBkYAkadMMy8qkjvZeTbyQ
757,内蒙古省,呼和浩特,赛罕区,锡林郭勒南路与学苑西街交汇处,内蒙古日报,https://mp.weixin.qq.com/s/WBkYAkadMMy8qkjvZeTbyQ
758,内蒙古省,呼和浩特,赛罕区,金汉御园小区西门附近,内蒙古日报,https://mp.weixin.qq.com/s/WBkYAkadMMy8qkjvZeTbyQ
759,内蒙古省,呼和浩特,赛罕区,东影南路桥华世界村,内蒙古日报,https://mp.weixin.qq.com/s/WBkYAkadMMy8qkjvZeTbyQ
760,内蒙古省,呼和浩特,赛罕区,交校加油站附近,内蒙古日报,https://mp.weixin.qq.com/s/WBkYAkadMMy8qkjvZeTbyQ
761,内蒙古省,呼和浩特,赛罕区,长乐宫路口南侧,内蒙古日报,https://mp.weixin.qq.com/s/WBkYAkadMMy8qkjvZeTbyQ
762,内蒙古省,呼和浩特,赛罕区,恩和大厦附近,内蒙古日报,https://mp.weixin.qq.com/s/WBkYAkadMMy8qkjvZeTbyQ
763,内蒙古省,呼和浩特,赛罕区,恩和家园小区附近,内蒙古日报,https://mp.weixin.qq.com/s/WBkYAkadMMy8qkjvZeTbyQ
764,内蒙古省,呼和浩特,赛罕区,锦江国际大酒店附近,内蒙古日报,https://mp.weixin.qq.com/s/WBkYAkadMMy8qkjvZeTbyQ
765,内蒙古省,呼和浩特,赛罕区,驰誉民族实验小学附近,内蒙古日报,https://mp.weixin.qq.com/s/WBkYAkadMMy8qkjvZeTbyQ
766,内蒙古省,呼和浩特,赛罕区,驰誉南侧科技厅家属院小区附近,内蒙古日报,https://mp.weixin.qq.com/s/WBkYAkadMMy8qkjvZeTbyQ
767,内蒙古省,呼和浩特,赛罕区,正泰家园附近,内蒙古日报,https://mp.weixin.qq.com/s/WBkYAkadMMy8qkjvZeTbyQ
768,内蒙古省,呼和浩特,赛罕区,先锋中巷,内蒙古日报,https://mp.weixin.qq.com/s/WBkYAkadMMy8qkjvZeTbyQ
769,内蒙古省,呼和浩特,赛罕区,东瓦窑新村二区,内蒙古日报,https://mp.weixin.qq.com/s/WBkYAkadMMy8qkjvZeTbyQ
770,内蒙古省,呼和浩特,赛罕区,华茂名居,内蒙古日报,https://mp.weixin.qq.com/s/WBkYAkadMMy8qkjvZeTbyQ
771,内蒙古省,呼和浩特,玉泉区,印象江南小区,内蒙古日报,https://mp.weixin.qq.com/s/WBkYAkadMMy8qkjvZeTbyQ
772,内蒙古省,呼和浩特,玉泉区,大南街麦香村,内蒙古日报,https://mp.weixin.qq.com/s/WBkYAkadMMy8qkjvZeTbyQ
773,内蒙古省,呼和浩特,玉泉区,三里营街与碱滩巷三岔口附近,内蒙古日报,https://mp.weixin.qq.com/s/WBkYAkadMMy8qkjvZeTbyQ
774,内蒙古省,呼和浩特,玉泉区,幸福小区附近,内蒙古日报,https://mp.weixin.qq.com/s/WBkYAkadMMy8qkjvZeTbyQ
775,内蒙古省,呼和浩特,玉泉区,丽日花园附近,内蒙古日报,https://mp.weixin.qq.com/s/WBkYAkadMMy8qkjvZeTbyQ
776,内蒙古省,呼和浩特,玉泉区,园丁文明小区附近,内蒙古日报,https://mp.weixin.qq.com/s/WBkYAkadMMy8qkjvZeTbyQ
777,内蒙古省,呼和浩特,玉泉区,石东路小学对面马路,内蒙古日报,https://mp.weixin.qq.com/s/WBkYAkadMMy8qkjvZeTbyQ
778,内蒙古省,呼和浩特,新城区,巴彦德乐海,内蒙古日报,https://mp.weixin.qq.com/s/WBkYAkadMMy8qkjvZeTbyQ
779,内蒙古省,呼和浩特,新城区,如意小区,内蒙古日报,https://mp.weixin.qq.com/s/WBkYAkadMMy8qkjvZeTbyQ
780,内蒙古省,呼和浩特,新城区,盛世名筑康庄,内蒙古日报,https://mp.weixin.qq.com/s/WBkYAkadMMy8qkjvZeTbyQ
781,内蒙古省,呼和浩特,新城区,劝业场附近,内蒙古日报,https://mp.weixin.qq.com/s/WBkYAkadMMy8qkjvZeTbyQ
782,内蒙古省,呼和浩特,新城区,海东公馆附近,内蒙古日报,https://mp.weixin.qq.com/s/WBkYAkadMMy8qkjvZeTbyQ
783,内蒙古省,呼和浩特,新城区,呼铁家园附近,内蒙古日报,https://mp.weixin.qq.com/s/WBkYAkadMMy8qkjvZeTbyQ
784,内蒙古省,呼和浩特,新城区,旧交警支队附近,内蒙古日报,https://mp.weixin.qq.com/s/WBkYAkadMMy8qkjvZeTbyQ
785,内蒙古省,呼和浩特,新城区,中山东路与卫生厅西巷交汇口,内蒙古日报,https://mp.weixin.qq.com/s/WBkYAkadMMy8qkjvZeTbyQ
786,内蒙古省,呼和浩特,新城区,爱民街253医院（公交站）,内蒙古日报,https://mp.weixin.qq.com/s/WBkYAkadMMy8qkjvZeTbyQ
787,内蒙古省,呼和浩特,新城区,海拉尔大街十字路口,内蒙古日报,https://mp.weixin.qq.com/s/WBkYAkadMMy8qkjvZeTbyQ
788,内蒙古省,呼和浩特,回民区,刀刀板安居就业小区附近,内蒙古日报,https://mp.weixin.qq.com/s/WBkYAkadMMy8qkjvZeTbyQ
789,内蒙古省,呼和浩特,回民区,糖厂路派出所附近,内蒙古日报,https://mp.weixin.qq.com/s/WBkYAkadMMy8qkjvZeTbyQ
790,内蒙古省,呼和浩特,回民区,蓝天航空旅行社附近,内蒙古日报,https://mp.weixin.qq.com/s/WBkYAkadMMy8qkjvZeTbyQ
791,内蒙古省,呼和浩特,回民区,天元商厦,内蒙古日报,https://mp.weixin.qq.com/s/WBkYAkadMMy8qkjvZeTbyQ
792,内蒙古省,包头,土右旗,众心堂药店,内蒙古日报,https://mp.weixin.qq.com/s/WBkYAkadMMy8qkjvZeTbyQ
793,内蒙古省,包头,土右旗,敕勒川大街,内蒙古日报,https://mp.weixin.qq.com/s/WBkYAkadMMy8qkjvZeTbyQ
794,内蒙古省,包头,土右旗,地矿小区,内蒙古日报,https://mp.weixin.qq.com/s/WBkYAkadMMy8qkjvZeTbyQ
795,内蒙古省,包头,土右旗,土右旗萨拉齐镇花苑园,内蒙古日报,https://mp.weixin.qq.com/s/WBkYAkadMMy8qkjvZeTbyQ
796,内蒙古省,包头,土右旗,萨拉齐公墓,内蒙古日报,https://mp.weixin.qq.com/s/WBkYAkadMMy8qkjvZeTbyQ
797,内蒙古省,包头,土右旗,蒙大超市,内蒙古日报,https://mp.weixin.qq.com/s/WBkYAkadMMy8qkjvZeTbyQ
798,内蒙古省,包头,土右旗,果园小区,内蒙古日报,https://mp.weixin.qq.com/s/WBkYAkadMMy8qkjvZeTbyQ
799,内蒙古省,包头,昆都仑区,明日星城知雅苑,内蒙古日报,https://mp.weixin.qq.com/s/WBkYAkadMMy8qkjvZeTbyQ
800,内蒙古省,包头,昆都仑区,三八路北京华联超市,内蒙古日报,https://mp.weixin.qq.com/s/WBkYAkadMMy8qkjvZeTbyQ
801,内蒙古省,包头,昆都仑区,团结大街九号街坊华龙苑,内蒙古日报,https://mp.weixin.qq.com/s/WBkYAkadMMy8qkjvZeTbyQ
802,内蒙古省,包头,昆都仑区,如家酒店,内蒙古日报,https://mp.weixin.qq.com/s/WBkYAkadMMy8qkjvZeTbyQ
803,内蒙古省,包头,昆都仑区,钢铁大街保利香槟公寓,内蒙古日报,https://mp.weixin.qq.com/s/WBkYAkadMMy8qkjvZeTbyQ
804,内蒙古省,包头,昆都仑区,昆区维多利商场,内蒙古日报,https://mp.weixin.qq.com/s/WBkYAkadMMy8qkjvZeTbyQ
805,内蒙古省,包头,昆都仑区,乌兰道老鼠街,内蒙古日报,https://mp.weixin.qq.com/s/WBkYAkadMMy8qkjvZeTbyQ
806,内蒙古省,包头,昆都仑区,阿不力孜烧烤,内蒙古日报,https://mp.weixin.qq.com/s/WBkYAkadMMy8qkjvZeTbyQ
807,内蒙古省,包头,昆都仑区,罗丽丝店,内蒙古日报,https://mp.weixin.qq.com/s/WBkYAkadMMy8qkjvZeTbyQ
808,内蒙古省,包头,昆都仑区,体育馆道潘胖胖麻辣烫店,内蒙古日报,https://mp.weixin.qq.com/s/WBkYAkadMMy8qkjvZeTbyQ
809,内蒙古省,包头,昆都仑区,苏宁易购,内蒙古日报,https://mp.weixin.qq.com/s/WBkYAkadMMy8qkjvZeTbyQ
810,内蒙古省,包头,昆都仑区,滨江国际2期9栋,内蒙古日报,https://mp.weixin.qq.com/s/WBkYAkadMMy8qkjvZeTbyQ
811,内蒙古省,包头,昆都仑区,包百时代蓝天商场,内蒙古日报,https://mp.weixin.qq.com/s/WBkYAkadMMy8qkjvZeTbyQ
812,内蒙古省,鄂尔多斯,达拉特旗,树林召书香名邸小区,内蒙古日报,https://mp.weixin.qq.com/s/WBkYAkadMMy8qkjvZeTbyQ
813,内蒙古省,鄂尔多斯,达拉特旗,悦康药店（中凯雅苑附近）,内蒙古日报,https://mp.weixin.qq.com/s/WBkYAkadMMy8qkjvZeTbyQ
814,内蒙古省,鄂尔多斯,达拉特旗,草原牛肉城（烟草公司对面）,内蒙古日报,https://mp.weixin.qq.com/s/WBkYAkadMMy8qkjvZeTbyQ
815,内蒙古省,鄂尔多斯,达拉特旗,牵尚理发馆,内蒙古日报,https://mp.weixin.qq.com/s/WBkYAkadMMy8qkjvZeTbyQ
816,内蒙古省,鄂尔多斯,达拉特旗,贵族鞋城,内蒙古日报,https://mp.weixin.qq.com/s/WBkYAkadMMy8qkjvZeTbyQ
817,内蒙古省,鄂尔多斯,达拉特旗,潮丝街,内蒙古日报,https://mp.weixin.qq.com/s/WBkYAkadMMy8qkjvZeTbyQ
818,内蒙古省,鄂尔多斯,达拉特旗,电厂十字路口“供销石化加油站”,内蒙古日报,https://mp.weixin.qq.com/s/WBkYAkadMMy8qkjvZeTbyQ
819,内蒙古省,鄂尔多斯,达拉特旗,恩格贝镇蓿亥图村牛场梁社,内蒙古日报,https://mp.weixin.qq.com/s/WBkYAkadMMy8qkjvZeTbyQ
820,内蒙古省,鄂尔多斯,达拉特旗,刘六烟花爆竹批发（旧市场路东北边土产）,内蒙古日报,https://mp.weixin.qq.com/s/WBkYAkadMMy8qkjvZeTbyQ
821,内蒙古省,鄂尔多斯,达拉特旗,全年红灯笼批发（旧市场路东）,内蒙古日报,https://mp.weixin.qq.com/s/WBkYAkadMMy8qkjvZeTbyQ
822,内蒙古省,鄂尔多斯,达拉特旗,北国购物广场,内蒙古日报,https://mp.weixin.qq.com/s/WBkYAkadMMy8qkjvZeTbyQ
823,内蒙古省,鄂尔多斯,达拉特旗,耳字壕河洛图白家梁,内蒙古日报,https://mp.weixin.qq.com/s/WBkYAkadMMy8qkjvZeTbyQ
824,内蒙古省,鄂尔多斯,达拉特旗,耳字壕万家鸿综合超市,内蒙古日报,https://mp.weixin.qq.com/s/WBkYAkadMMy8qkjvZeTbyQ
825,内蒙古省,鄂尔多斯,达拉特旗,四季青农贸市场,内蒙古日报,https://mp.weixin.qq.com/s/WBkYAkadMMy8qkjvZeTbyQ
826,内蒙古省,鄂尔多斯,达拉特旗,永盛成超市（北国购物店）,内蒙古日报,https://mp.weixin.qq.com/s/WBkYAkadMMy8qkjvZeTbyQ
827,内蒙古省,鄂尔多斯,达拉特旗,东源新村便民市场客多多超市,内蒙古日报,https://mp.weixin.qq.com/s/WBkYAkadMMy8qkjvZeTbyQ
828,内蒙古省,鄂尔多斯,达拉特旗,东源新村便民市场雲强洗车行,内蒙古日报,https://mp.weixin.qq.com/s/WBkYAkadMMy8qkjvZeTbyQ
829,内蒙古省,鄂尔多斯,达拉特旗,京顺大药房益春堂店,内蒙古日报,https://mp.weixin.qq.com/s/WBkYAkadMMy8qkjvZeTbyQ
830,内蒙古省,鄂尔多斯,达拉特旗,京顺大药店志兴堂店（交警队附近）,内蒙古日报,https://mp.weixin.qq.com/s/WBkYAkadMMy8qkjvZeTbyQ
831,内蒙古省,鄂尔多斯,达拉特旗,锦瑞大药房靖康店（蓝宝酒店北）,内蒙古日报,https://mp.weixin.qq.com/s/WBkYAkadMMy8qkjvZeTbyQ
832,内蒙古省,鄂尔多斯,达拉特旗,京顺大药店许氏店（天力小区附近）,内蒙古日报,https://mp.weixin.qq.com/s/WBkYAkadMMy8qkjvZeTbyQ
833,内蒙古省,巴彦淖尔,临河区,白脑包镇联丰村五组,内蒙古日报,https://mp.weixin.qq.com/s/WBkYAkadMMy8qkjvZeTbyQ
834,内蒙古省,巴彦淖尔,五原县,时代宾馆,内蒙古日报,https://mp.weixin.qq.com/s/WBkYAkadMMy8qkjvZeTbyQ
835,内蒙古省,巴彦淖尔,五原县,王富友水果超市,内蒙古日报,https://mp.weixin.qq.com/s/WBkYAkadMMy8qkjvZeTbyQ
836,内蒙古省,巴彦淖尔,五原县,时代宾馆北侧小杨超市,内蒙古日报,https://mp.weixin.qq.com/s/WBkYAkadMMy8qkjvZeTbyQ
837,内蒙古省,乌兰察布,四子王旗,乌兰花镇文化路一中西北斗星文化办公用品店,内蒙古日报,https://mp.weixin.qq.com/s/WBkYAkadMMy8qkjvZeTbyQ
838,内蒙古省,乌兰察布,四子王旗,乌兰花镇欧易购超市购物,内蒙古日报,https://mp.weixin.qq.com/s/WBkYAkadMMy8qkjvZeTbyQ
839,内蒙古省,乌兰察布,四子王旗,王府佳园西区文北路社区王府佳园卫生室,内蒙古日报,https://mp.weixin.qq.com/s/WBkYAkadMMy8qkjvZeTbyQ
840,内蒙古省,呼伦贝尔,莫旗,双汇冷鲜肉,内蒙古日报,https://mp.weixin.qq.com/s/WBkYAkadMMy8qkjvZeTbyQ
841,内蒙古省,呼伦贝尔,莫旗,市场东门百果缘水果店,内蒙古日报,https://mp.weixin.qq.com/s/WBkYAkadMMy8qkjvZeTbyQ
842,内蒙古省,锡林郭勒盟,锡林浩特市,德克隆贝子庙超市,内蒙古日报,https://mp.weixin.qq.com/s/WBkYAkadMMy8qkjvZeTbyQ
843,江苏省,淮安,淮安区,漕运镇码头湾浴场附近,淮安发布,https://mp.weixin.qq.com/s/wpsNrPfHKhGECppcmODvAA
844,江苏省,淮安,淮安区,漕运镇林集派出所附近,淮安发布,https://mp.weixin.qq.com/s/wpsNrPfHKhGECppcmODvAA
845,江苏省,淮安,生态文旅区,绿地世纪城小区,淮安发布,https://mp.weixin.qq.com/s/wpsNrPfHKhGECppcmODvAA
846,江苏省,淮安,生态文旅区,板闸家苑小区,淮安发布,https://mp.weixin.qq.com/s/wpsNrPfHKhGECppcmODvAA
847,广东省,广州,白云区,江高镇神山北街,广州卫健委,https://mp.weixin.qq.com/s/X4CKfM-zAvmJTCi_4I-bVg
848,广东省,广州,天河区,猎德街道猎德花园,广州卫健委,https://mp.weixin.qq.com/s/X4CKfM-zAvmJTCi_4I-bVg
849,广东省,广州,番禺区,钟村街道倚翠苑,广州卫健委,https://mp.weixin.qq.com/s/X4CKfM-zAvmJTCi_4I-bVg
850,广东省,广州,黄埔区,云埔街道榕村西街,广州卫健委,https://mp.weixin.qq.com/s/X4CKfM-zAvmJTCi_4I-bVg
851,广东省,广州,黄埔区,红山街道红荔西路,广州卫健委,https://mp.weixin.qq.com/s/X4CKfM-zAvmJTCi_4I-bVg
852,辽宁省,沈阳,铁西区,肇工街北三路启工社区恒大华府,辽沈晚报,https://mp.weixin.qq.com/s/XLC_oAGCkfZ-9QZiN7dyFw
853,辽宁省,沈阳,沈河区,文艺路54号泊岸华庭,辽沈晚报,https://mp.weixin.qq.com/s/XLC_oAGCkfZ-9QZiN7dyFw
854,辽宁省,沈阳,沈河区,沈水东路365号翠堤湾小区,辽沈晚报,https://mp.weixin.qq.com/s/XLC_oAGCkfZ-9QZiN7dyFw
855,辽宁省,沈阳,沈河区,马官桥地区公司仓库,辽沈晚报,https://mp.weixin.qq.com/s/XLC_oAGCkfZ-9QZiN7dyFw
856,辽宁省,沈阳,和平区,地利生鲜超市,辽沈晚报,https://mp.weixin.qq.com/s/XLC_oAGCkfZ-9QZiN7dyFw
857,辽宁省,沈阳,沈北新区,泰盈九如溪谷小区,辽沈晚报,https://mp.weixin.qq.com/s/XLC_oAGCkfZ-9QZiN7dyFw
858,辽宁省,沈阳,于洪区,迎宾路街道洪湖街8-2,辽沈晚报,https://mp.weixin.qq.com/s/XLC_oAGCkfZ-9QZiN7dyFw
859,广东省,惠州,惠城区,桥东街道东湖九区,惠州发布,https://mp.weixin.qq.com/s/xPkUySDb9RVh1fWlcQLwGQ
860,广东省,梅州,五华县,华城镇兴一村,健康梅州,https://mp.weixin.qq.com/s/xSgycy4VCvOdSGZl_lWrrw
861,广东省,梅州,五华县,华城镇西林村,健康梅州,https://mp.weixin.qq.com/s/xSgycy4VCvOdSGZl_lWrrw
862,广东省,梅州,五华县,华城金山市场,健康梅州,https://mp.weixin.qq.com/s/xSgycy4VCvOdSGZl_lWrrw
863,广东省,梅州,五华县,华城多又香蛋糕店（蓝天大厦下面）,健康梅州,https://mp.weixin.qq.com/s/xSgycy4VCvOdSGZl_lWrrw
864,河北省,邯郸,魏县,魏县,河北日报,https://mp.weixin.qq.com/s/xYVXdohY_4acdQTniOGWUA
865,山西省,吕梁,离石区,同生堂大药房（交口街道办高家沟新纵十八街）,山西日报,https://mp.weixin.qq.com/s/Y43irqUbONn5cePk8zDMVA
866,山西省,吕梁,离石区,凤山街道办北川河东路中央公园南门,山西日报,https://mp.weixin.qq.com/s/Y43irqUbONn5cePk8zDMVA
867,山西省,吕梁,离石区,离石宏泰广场,山西日报,https://mp.weixin.qq.com/s/Y43irqUbONn5cePk8zDMVA
868,山西省,吕梁,离石区,同仁康大药房滨河店,山西日报,https://mp.weixin.qq.com/s/Y43irqUbONn5cePk8zDMVA
869,山西省,吕梁,离石区,吕梁影剧院,山西日报,https://mp.weixin.qq.com/s/Y43irqUbONn5cePk8zDMVA
870,广东省,揭阳,普宁市,高铁站如家酒店,揭阳发布,https://mp.weixin.qq.com/s/y9lpITTKuZivPJB9l55ORg
871,广东省,揭阳,普宁市,翡翠明珠酒店,揭阳发布,https://mp.weixin.qq.com/s/y9lpITTKuZivPJB9l55ORg
872,广东省,揭阳,普宁市,流沙郭厝寮普宁泰嵘医药有限公司,揭阳发布,https://mp.weixin.qq.com/s/y9lpITTKuZivPJB9l55ORg
873,陕西省,西安,碑林区,东关南街社区医院,陕西发布,https://mp.weixin.qq.com/s/yB_kxKjAEYVn9MR8PyRCZg
874,广东省,惠州,惠城区,小金口街道,惠州发布,https://mp.weixin.qq.com/s/YfzMmv1vUZyiphWUgzOLlA
875,广东省,汕头,龙湖区,鸥汀街道陈厝寨华兴园,汕头发布,https://mp.weixin.qq.com/s/YgLkGhE1VlX6oQWl9nqyMg
876,广东省,汕头,金平区,中信怀英花园,汕头发布,https://mp.weixin.qq.com/s/YgLkGhE1VlX6oQWl9nqyMg
877,广东省,惠州,大亚湾区,大亚湾西区碧桂园公园上城,惠州发布,https://mp.weixin.qq.com/s/YLSR_0NXJ5LUg6LWGW_aDg
878,广东省,惠州,惠城区,小金口街道乌石村田寮村民小组,惠州发布,https://mp.weixin.qq.com/s/yq4IcgXi4vxQxO3UBYOZ-A
879,广东省,惠州,惠城区,小金口街道金都雅苑,惠州发布,https://mp.weixin.qq.com/s/yq4IcgXi4vxQxO3UBYOZ-A
880,广东省,惠州,惠城区,中海凯旋城5区,惠州发布,https://mp.weixin.qq.com/s/yq4IcgXi4vxQxO3UBYOZ-A
881,内蒙古省,巴彦淖尔,临河区,大兰庙桥北治安村二组路口康中福大药店,巴彦淖尔日报,https://mp.weixin.qq.com/s/yT_I4r6Sc2K3O7-3iAl-mA
882,内蒙古省,巴彦淖尔,临河区,曙光乡治安村三组,巴彦淖尔日报,https://mp.weixin.qq.com/s/yT_I4r6Sc2K3O7-3iAl-mA
883,内蒙古省,巴彦淖尔,临河区,王学武胃肠科医院,巴彦淖尔日报,https://mp.weixin.qq.com/s/yT_I4r6Sc2K3O7-3iAl-mA
884,内蒙古省,巴彦淖尔,临河区,富源商场,巴彦淖尔日报,https://mp.weixin.qq.com/s/yT_I4r6Sc2K3O7-3iAl-mA
885,内蒙古省,巴彦淖尔,临河区,临河大厦,巴彦淖尔日报,https://mp.weixin.qq.com/s/yT_I4r6Sc2K3O7-3iAl-mA
886,内蒙古省,巴彦淖尔,临河区,临河西批发菜市场,巴彦淖尔日报,https://mp.weixin.qq.com/s/yT_I4r6Sc2K3O7-3iAl-mA
887,内蒙古省,巴彦淖尔,五原县,银定图医院,巴彦淖尔日报,https://mp.weixin.qq.com/s/yT_I4r6Sc2K3O7-3iAl-mA
888,内蒙古省,巴彦淖尔,乌拉特中旗,乌拉特中旗乌加河镇宏丰村,巴彦淖尔日报,https://mp.weixin.qq.com/s/yT_I4r6Sc2K3O7-3iAl-mA
889,江西省,南昌,进贤县,文港镇前途冠堡村,江西日报,https://mp.weixin.qq.com/s/yyeefgne4StL6ZH9mRh80Q
890,江西省,南昌,进贤县,三里乡红富大队,江西日报,https://mp.weixin.qq.com/s/yyeefgne4StL6ZH9mRh80Q
891,江西省,南昌,进贤县,三里乡何家,江西日报,https://mp.weixin.qq.com/s/yyeefgne4StL6ZH9mRh80Q
892,江西省,南昌,南昌县,莲塘镇向阳路汇源华庭,江西日报,https://mp.weixin.qq.com/s/yyeefgne4StL6ZH9mRh80Q
893,江西省,南昌,西湖区,丁公路街道二七南路,江西日报,https://mp.weixin.qq.com/s/yyeefgne4StL6ZH9mRh80Q
894,江西省,上饶,鄱阳县,谢家滩镇三潼镇,江西日报,https://mp.weixin.qq.com/s/yyeefgne4StL6ZH9mRh80Q
895,江西省,上饶,鄱阳县,四十里街镇老屋村,江西日报,https://mp.weixin.qq.com/s/yyeefgne4StL6ZH9mRh80Q
896,江西省,上饶,广丰区,大石街道水角村,江西日报,https://mp.weixin.qq.com/s/yyeefgne4StL6ZH9mRh80Q
897,江西省,上饶,德兴市,花桥镇北小区,江西日报,https://mp.weixin.qq.com/s/yyeefgne4StL6ZH9mRh80Q
898,江西省,新余,渝水区,康盛世纪花园59栋1单元,江西日报,https://mp.weixin.qq.com/s/yyeefgne4StL6ZH9mRh80Q
899,江西省,新余,渝水区,城北街道名仕公馆13栋,江西日报,https://mp.weixin.qq.com/s/yyeefgne4StL6ZH9mRh80Q
900,江西省,新余,渝水区,仰天岗办事处同创中央公园7栋,江西日报,https://mp.weixin.qq.com/s/yyeefgne4StL6ZH9mRh80Q
901,江西省,新余,渝水区,新钢街道望城小区4栋4单元,江西日报,https://mp.weixin.qq.com/s/yyeefgne4StL6ZH9mRh80Q
902,江西省,新余,渝水区,城南街道水务尚都2栋1单元,江西日报,https://mp.weixin.qq.com/s/yyeefgne4StL6ZH9mRh80Q
903,江西省,新余,渝水区,城北街道暨阳世纪城27栋1单元,江西日报,https://mp.weixin.qq.com/s/yyeefgne4StL6ZH9mRh80Q
904,江西省,新余,分宜县,广府御景北1栋2单元,江西日报,https://mp.weixin.qq.com/s/yyeefgne4StL6ZH9mRh80Q
905,江西省,九江,共青城市,泽泉乡长塘村,江西日报,https://mp.weixin.qq.com/s/yyeefgne4StL6ZH9mRh80Q
906,江西省,九江,彭泽县,马当镇湖西村,江西日报,https://mp.weixin.qq.com/s/yyeefgne4StL6ZH9mRh80Q
907,江西省,宜春,丰城市,铁路镇胥家村,江西日报,https://mp.weixin.qq.com/s/yyeefgne4StL6ZH9mRh80Q
908,江西省,宜春,丰城市,河州街道富竹社区,江西日报,https://mp.weixin.qq.com/s/yyeefgne4StL6ZH9mRh80Q
909,江西省,宜春,铜鼓县,永宁镇西湖村,江西日报,https://mp.weixin.qq.com/s/yyeefgne4StL6ZH9mRh80Q
910,江西省,赣州,章贡区,西桥路,江西日报,https://mp.weixin.qq.com/s/yyeefgne4StL6ZH9mRh80Q
911,江西省,赣州,大余县,南安镇,江西日报,https://mp.weixin.qq.com/s/yyeefgne4StL6ZH9mRh80Q
912,江西省,抚州,黎川县,日峰镇人民路,江西日报,https://mp.weixin.qq.com/s/yyeefgne4StL6ZH9mRh80Q
913,江西省,鹰潭,贵溪市,东门街道御水苑,江西日报,https://mp.weixin.qq.com/s/yyeefgne4StL6ZH9mRh80Q
914,广东省,广州,天河区,富源大厦,江门发布,https://mp.weixin.qq.com/s/z1mVzAvyEoNiS2s0jsIgQw
915,广东省,江门,恩平市,恩城街道凤山社区凤山路,江门发布,https://mp.weixin.qq.com/s/z1mVzAvyEoNiS2s0jsIgQw
916,广东省,江门,恩平市,南堤西路华侨中学,江门发布,https://mp.weixin.qq.com/s/z1mVzAvyEoNiS2s0jsIgQw
917,广东省,江门,恩平市,凤山市场,江门发布,https://mp.weixin.qq.com/s/z1mVzAvyEoNiS2s0jsIgQw
918,广东省,江门,恩平市,御景湾路段年宵花市,江门发布,https://mp.weixin.qq.com/s/z1mVzAvyEoNiS2s0jsIgQw
919,广东省,江门,恩平市,河南邮政银行,江门发布,https://mp.weixin.qq.com/s/z1mVzAvyEoNiS2s0jsIgQw
920,广东省,江门,恩平市,南堤西路侨中路段长堤,江门发布,https://mp.weixin.qq.com/s/z1mVzAvyEoNiS2s0jsIgQw
921,广东省,江门,恩平市,凤山路市场附近百灵东街,江门发布,https://mp.weixin.qq.com/s/z1mVzAvyEoNiS2s0jsIgQw
922,广东省,江门,恩平市,飞腾宾馆,江门发布,https://mp.weixin.qq.com/s/z1mVzAvyEoNiS2s0jsIgQw
923,辽宁省,鞍山,岫岩满族自治县,牧牛镇大古木峪村,辽沈晚报,https://mp.weixin.qq.com/s/zOGzJVviegMaLRE8tuiLRw
924,辽宁省,鞍山,岫岩满族自治县,牌楼镇,辽沈晚报,https://mp.weixin.qq.com/s/zOGzJVviegMaLRE8tuiLRw
925,陕西省,西安,高陵区,高陵区鹿鸣西路飘雪理发店,高陵融媒,https://weibo.com/7129811001/IrH6peQ3d?from=page_1002067129811001_profile&wvr=6&mod=weibotime&type=comment#_rnd1581676880432
926,陕西省,西安,未央区,扬善路汉城商业街6号福禧酒楼,高陵融媒,https://weibo.com/7129811001/IssWHlJzw?from=page_1002067129811001_profile&wvr=6&mod=weibotime&type=comment
927,陕西省,西安,高陵区,龙发时代广场,高陵融媒,https://weibo.com/7129811001/ItKAzr93p?from=page_1002067129811001_profile&wvr=6&mod=weibotime&type=comment#_rnd1581676145115
928,陕西省,西安,高陵区,北环城路好家浴池,高陵融媒,https://weibo.com/7129811001/ItKAzr93p?from=page_1002067129811001_profile&wvr=6&mod=weibotime&type=comment#_rnd1581676145115
929,山西省,晋中,平遥县,香乐乡香乐村,shanxi.gov.cn,http://wjw.shanxi.gov.cn/wjywl02/24757.hrh
930,山西省,晋中,平遥县,香乐村万福隆超市,shanxi.gov.cn,http://wjw.shanxi.gov.cn/wjywl02/24757.hrh
931,山西省,临汾,吉县,荣辰佳苑,shanxi.gov.cn,http://wjw.shanxi.gov.cn/wjywl02/24757.hrh
932,山西省,阳泉,盂县,秀水镇路洞社区（红楼干休所）,shanxi.gov.cn,http://wjw.shanxi.gov.cn/wjywl02/24757.hrh
933,山西省,大同,平城区,交通苑,shanxi.gov.cn,http://wjw.shanxi.gov.cn/wjywl02/24774.hrh
934,山西省,晋中,平遥县,杜家庄乡苏家堡村,shanxi.gov.cn,http://wjw.shanxi.gov.cn/wjywl02/24774.hrh
935,山西省,忻州,五台县,茹村乡陡咀村,shanxi.gov.cn,http://wjw.shanxi.gov.cn/wjywl02/24774.hrh
936,辽宁省,沈阳,大东区,津桥路巨无霸餐厅大厅,辽沈晚报,https://mp.weixin.qq.com/s/UD8VFba4oRx4LLJm3cX7zw
937,辽宁省,沈阳,大东区,金融中心私人订制KTV,辽沈晚报,https://mp.weixin.qq.com/s/UD8VFba4oRx4LLJm3cX7zw
938,辽宁省,沈阳,大东区,阿里郎大酒店包房,辽沈晚报,https://mp.weixin.qq.com/s/UD8VFba4oRx4LLJm3cX7zw
939,辽宁省,丹东,宽甸满族自治县,成大方圆药店,辽沈晚报,https://mp.weixin.qq.com/s/UD8VFba4oRx4LLJm3cX7zw
940,辽宁省,丹东,宽甸满族自治县,家和一百超市,辽沈晚报,https://mp.weixin.qq.com/s/UD8VFba4oRx4LLJm3cX7zw
941,辽宁省,丹东,宽甸满族自治县,木木秀不夜城店,辽沈晚报,https://mp.weixin.qq.com/s/UD8VFba4oRx4LLJm3cX7zw
942,辽宁省,丹东,振兴区,新安东阁宾馆,辽沈晚报,https://mp.weixin.qq.com/s/UD8VFba4oRx4LLJm3cX7zw
943,辽宁省,丹东,振安区,太平湾,辽沈晚报,https://mp.weixin.qq.com/s/UD8VFba4oRx4LLJm3cX7zw
944,辽宁省,葫芦岛,连山区,玉皇商城奈斯儿童世界,辽沈晚报,https://mp.weixin.qq.com/s/UD8VFba4oRx4LLJm3cX7zw
945,辽宁省,葫芦岛,连山区,振武贵宾楼,辽沈晚报,https://mp.weixin.qq.com/s/UD8VFba4oRx4LLJm3cX7zw
946,辽宁省,葫芦岛,连山区,莲花三村,辽沈晚报,https://mp.weixin.qq.com/s/UD8VFba4oRx4LLJm3cX7zw
947,辽宁省,葫芦岛,连山区,玉皇商城小商品城,辽沈晚报,https://mp.weixin.qq.com/s/UD8VFba4oRx4LLJm3cX7zw
948,辽宁省,葫芦岛,连山区,“又见炊烟”饭店,辽沈晚报,https://mp.weixin.qq.com/s/UD8VFba4oRx4LLJm3cX7zw
949,辽宁省,葫芦岛,连山区,大润发超市,辽沈晚报,https://mp.weixin.qq.com/s/UD8VFba4oRx4LLJm3cX7zw
950,辽宁省,葫芦岛,连山区,张三疯煎饼店,辽沈晚报,https://mp.weixin.qq.com/s/UD8VFba4oRx4LLJm3cX7zw
951,辽宁省,葫芦岛,连山区,飞天广场茶炯奶茶店,辽沈晚报,https://mp.weixin.qq.com/s/UD8VFba4oRx4LLJm3cX7zw
952,辽宁省,葫芦岛,连山区,莲花三村葫芦岛大药房,辽沈晚报,https://mp.weixin.qq.com/s/UD8VFba4oRx4LLJm3cX7zw
953,辽宁省,葫芦岛,连山区,连山大街45-9A,辽沈晚报,https://mp.weixin.qq.com/s/UD8VFba4oRx4LLJm3cX7zw
954,辽宁省,葫芦岛,龙港区,人民康泰药店（新基地站点店）,辽沈晚报,https://mp.weixin.qq.com/s/UD8VFba4oRx4LLJm3cX7zw
955,辽宁省,铁岭,西丰县,金溪汇汤泉,辽沈晚报,https://mp.weixin.qq.com/s/UD8VFba4oRx4LLJm3cX7zw
956,辽宁省,铁岭,调兵山,新区三区永乐汇,辽沈晚报,https://mp.weixin.qq.com/s/UD8VFba4oRx4LLJm3cX7zw
957,辽宁省,锦州,凌河区,元都酒店,辽沈晚报,https://mp.weixin.qq.com/s/UD8VFba4oRx4LLJm3cX7zw
958,辽宁省,锦州,凌河区,玉泉宫附中南门店洗浴,辽沈晚报,https://mp.weixin.qq.com/s/UD8VFba4oRx4LLJm3cX7zw
959,辽宁省,锦州,义县,头道河镇头道河村,辽沈晚报,https://mp.weixin.qq.com/s/UD8VFba4oRx4LLJm3cX7zw
960,辽宁省,锦州,义县,刘龙台镇全善堡村王家屯,辽沈晚报,https://mp.weixin.qq.com/s/UD8VFba4oRx4LLJm3cX7zw
961,辽宁省,锦州,古塔区,御烧烤,辽沈晚报,https://mp.weixin.qq.com/s/UD8VFba4oRx4LLJm3cX7zw
962,辽宁省,营口,老边区,恒大绿洲小区,辽沈晚报,https://mp.weixin.qq.com/s/UD8VFba4oRx4LLJm3cX7zw
963,辽宁省,营口,西市区,富安园小区,辽沈晚报,https://mp.weixin.qq.com/s/UD8VFba4oRx4LLJm3cX7zw
964,辽宁省,本溪,平山区,万达广场,辽沈晚报,https://mp.weixin.qq.com/s/UD8VFba4oRx4LLJm3cX7zw
965,广东省,中山,石岐区,上海城,中山发布,https://mp.weixin.qq.com/s/uiBhG5cbibkaO3D2wSMrzA
966,广东省,中山,石岐区,中海锦城,中山发布,https://mp.weixin.qq.com/s/uiBhG5cbibkaO3D2wSMrzA
967,广东省,中山,阜沙镇,丰联村祥和街,中山发布,https://mp.weixin.qq.com/s/uiBhG5cbibkaO3D2wSMrzA
968,江苏省,徐州,睢宁县,宁海学校附近过桥米线店,徐州发布,https://mp.weixin.qq.com/s/UK7n7JRT9q4Qmmq0nVa7Yw
969,江苏省,徐州,睢宁县,太平洋东面“好想来”零食店,徐州发布,https://mp.weixin.qq.com/s/UK7n7JRT9q4Qmmq0nVa7Yw
970,江苏省,徐州,睢宁县,户大姐土豆粉（万宁店）,徐州发布,https://mp.weixin.qq.com/s/UK7n7JRT9q4Qmmq0nVa7Yw
971,江苏省,徐州,睢宁县,东北小区,徐州发布,https://mp.weixin.qq.com/s/UK7n7JRT9q4Qmmq0nVa7Yw
972,江苏省,徐州,睢宁县,睢城镇睢城街道红旗小区,徐州发布,https://mp.weixin.qq.com/s/UK7n7JRT9q4Qmmq0nVa7Yw
973,江苏省,徐州,睢宁县,睢城镇龙城国际,徐州发布,https://mp.weixin.qq.com/s/UK7n7JRT9q4Qmmq0nVa7Yw
974,江苏省,徐州,丰县,华山镇邢桥村郭楼王庄,徐州发布,https://mp.weixin.qq.com/s/UK7n7JRT9q4Qmmq0nVa7Yw
975,广东省,河源,源城区,旺福路出租屋,徐州发布,https://mp.weixin.qq.com/s/UK7n7JRT9q4Qmmq0nVa7Yw
976,广东省,河源,东源县,船塘镇三河积良下村,徐州发布,https://mp.weixin.qq.com/s/UK7n7JRT9q4Qmmq0nVa7Yw
977,宁夏省,吴忠,同心县,韦州镇韦一村,徐州发布,https://mp.weixin.qq.com/s/UK7n7JRT9q4Qmmq0nVa7Yw
978,宁夏省,吴忠,同心县,韦州镇石峡村,徐州发布,https://mp.weixin.qq.com/s/UK7n7JRT9q4Qmmq0nVa7Yw
979,广东省,韶关,浈江区,浈江区,徐州发布,https://mp.weixin.qq.com/s/UK7n7JRT9q4Qmmq0nVa7Yw
980,广东省,韶关,曲江区,曲江区,徐州发布,https://mp.weixin.qq.com/s/UK7n7JRT9q4Qmmq0nVa7Yw
981,广东省,韶关,新丰县,大润欢超市,徐州发布,https://mp.weixin.qq.com/s/UK7n7JRT9q4Qmmq0nVa7Yw
982,广东省,韶关,新丰县,中心市场,徐州发布,https://mp.weixin.qq.com/s/UK7n7JRT9q4Qmmq0nVa7Yw
983,广东省,韶关,新丰县,西门广客隆,徐州发布,https://mp.weixin.qq.com/s/UK7n7JRT9q4Qmmq0nVa7Yw
984,广东省,韶关,新丰县,丰城街道,徐州发布,https://mp.weixin.qq.com/s/UK7n7JRT9q4Qmmq0nVa7Yw
985,广东省,韶关,新丰县,优滋鲜果店,徐州发布,https://mp.weixin.qq.com/s/UK7n7JRT9q4Qmmq0nVa7Yw
986,广东省,韶关,新丰县,龙围市场,徐州发布,https://mp.weixin.qq.com/s/UK7n7JRT9q4Qmmq0nVa7Yw
