,url,省,市,区,地点
0,https://mp.weixin.qq.com/s/HTsNM1zxEAx3IqoF1uYnYA,广东省,肇庆,封开县,开县江口镇东方二路115号
1,https://mp.weixin.qq.com/s/HTsNM1zxEAx3IqoF1uYnYA,广东省,肇庆,封开县,井根农贸市场
2,https://mp.weixin.qq.com/s/HTsNM1zxEAx3IqoF1uYnYA,广东省,肇庆,封开县,江口镇东堤路25号
3,https://mp.weixin.qq.com/s/HTsNM1zxEAx3IqoF1uYnYA,广东省,肇庆,封开县,杏花宾馆宿舍
4,https://mp.weixin.qq.com/s/HTsNM1zxEAx3IqoF1uYnYA,广东省,肇庆,封开县,封开县江口镇河堤二路22号
5,https://mp.weixin.qq.com/s/HTsNM1zxEAx3IqoF1uYnYA,广东省,肇庆,封开县,江口镇蝴蝶塘路
6,https://mp.weixin.qq.com/s/HTsNM1zxEAx3IqoF1uYnYA,广东省,肇庆,封开县,好又多超市
7,http://hc.nc.gov.cn/ncwjw/gzdt/202002/b5cf89720dbf4968850892328059db4c.shtml,江西省,南昌,进贤县,文港镇新坪村
8,http://hc.nc.gov.cn/ncwjw/gzdt/202002/b5cf89720dbf4968850892328059db4c.shtml,江西省,南昌,进贤县,文港镇晏殊大道
9,http://hc.nc.gov.cn/ncwjw/gzdt/202002/b5cf89720dbf4968850892328059db4c.shtml,江西省,南昌,进贤县,民和镇世纪新城
10,http://hc.nc.gov.cn/ncwjw/gzdt/202002/b5cf89720dbf4968850892328059db4c.shtml,江西省,南昌,南昌县,莲塘镇莲西大道无伦华庭小区
11,http://hc.nc.gov.cn/ncwjw/gzdt/202002/b5cf89720dbf4968850892328059db4c.shtml,江西省,南昌,南昌县,幽兰镇黄坊村
12,http://hc.nc.gov.cn/ncwjw/gzdt/202002/b5cf89720dbf4968850892328059db4c.shtml,江西省,南昌,南昌县,泾口乡小莲村
13,http://hc.nc.gov.cn/ncwjw/gzdt/202002/b5cf89720dbf4968850892328059db4c.shtml,江西省,南昌,南昌县,塘南镇渡口村
14,http://hc.nc.gov.cn/ncwjw/gzdt/202002/b5cf89720dbf4968850892328059db4c.shtml,江西省,南昌,南昌县,塘南镇张溪村
15,http://hc.nc.gov.cn/ncwjw/gzdt/202002/b5cf89720dbf4968850892328059db4c.shtml,江西省,南昌,南昌县,莲塘镇府前路
16,http://hc.nc.gov.cn/ncwjw/gzdt/202002/b5cf89720dbf4968850892328059db4c.shtml,江西省,南昌,南昌县,银三角管委会良种场付林村
17,http://hc.nc.gov.cn/ncwjw/gzdt/202002/b5cf89720dbf4968850892328059db4c.shtml,江西省,南昌,南昌县,塘南镇塘南街
18,http://hc.nc.gov.cn/ncwjw/gzdt/202002/b5cf89720dbf4968850892328059db4c.shtml,江西省,南昌,南昌县,县银三角管委会良种场付林村
19,http://hc.nc.gov.cn/ncwjw/gzdt/202002/b5cf89720dbf4968850892328059db4c.shtml,江西省,南昌,西湖区,桃源街道桃花路洪城财满街
20,http://hc.nc.gov.cn/ncwjw/gzdt/202002/b5cf89720dbf4968850892328059db4c.shtml,江西省,南昌,西湖区,桃花镇三角村
21,http://hc.nc.gov.cn/ncwjw/gzdt/202002/b5cf89720dbf4968850892328059db4c.shtml,江西省,南昌,西湖区,桃花镇三小村
22,http://hc.nc.gov.cn/ncwjw/gzdt/202002/b5cf89720dbf4968850892328059db4c.shtml,江西省,南昌,西湖区,朝阳洲街道抚生路镇金国际村
23,http://hc.nc.gov.cn/ncwjw/gzdt/202002/b5cf89720dbf4968850892328059db4c.shtml,江西省,南昌,西湖区,绳金塔街道八一大道永叔路
24,http://hc.nc.gov.cn/ncwjw/gzdt/202002/b5cf89720dbf4968850892328059db4c.shtml,江西省,南昌,西湖区,桃源街道桃苑大街公安小区
25,http://hc.nc.gov.cn/ncwjw/gzdt/202002/b5cf89720dbf4968850892328059db4c.shtml,江西省,南昌,西湖区,南浦街道濠上街
26,http://hc.nc.gov.cn/ncwjw/gzdt/202002/b5cf89720dbf4968850892328059db4c.shtml,江西省,南昌,西湖区,桃源街道桃花路
27,http://hc.nc.gov.cn/ncwjw/gzdt/202002/b5cf89720dbf4968850892328059db4c.shtml,江西省,南昌,西湖区,桃花镇桃欣嘉苑
28,http://hc.nc.gov.cn/ncwjw/gzdt/202002/b5cf89720dbf4968850892328059db4c.shtml,江西省,南昌,西湖区,桃花镇郭家庄
29,http://hc.nc.gov.cn/ncwjw/gzdt/202002/b5cf89720dbf4968850892328059db4c.shtml,江西省,南昌,西湖区,朝阳洲街道滨江壹号
30,http://hc.nc.gov.cn/ncwjw/gzdt/202002/b5cf89720dbf4968850892328059db4c.shtml,江西省,南昌,西湖区,南站街道解放西路
31,http://hc.nc.gov.cn/ncwjw/gzdt/202002/b5cf89720dbf4968850892328059db4c.shtml,江西省,南昌,国家高新技术产业开发区,麻丘镇瑶湖豪宅
32,http://hc.nc.gov.cn/ncwjw/gzdt/202002/b5cf89720dbf4968850892328059db4c.shtml,江西省,南昌,国家高新技术产业开发区,麻丘镇厚溪
33,http://hc.nc.gov.cn/ncwjw/gzdt/202002/b5cf89720dbf4968850892328059db4c.shtml,江西省,南昌,国家高新技术产业开发区,麻丘镇长江村
34,http://hc.nc.gov.cn/ncwjw/gzdt/202002/b5cf89720dbf4968850892328059db4c.shtml,江西省,南昌,国家高新技术产业开发区,昌东镇尤口街
35,http://hc.nc.gov.cn/ncwjw/gzdt/202002/b5cf89720dbf4968850892328059db4c.shtml,江西省,南昌,国家高新技术产业开发区,昌东镇三联村
36,http://hc.nc.gov.cn/ncwjw/gzdt/202002/b5cf89720dbf4968850892328059db4c.shtml,江西省,南昌,国家高新技术产业开发区,麻丘镇广安村
37,http://hc.nc.gov.cn/ncwjw/gzdt/202002/b5cf89720dbf4968850892328059db4c.shtml,江西省,南昌,国家高新技术产业开发区,麻丘镇麻丘街瑶湖花园
38,http://hc.nc.gov.cn/ncwjw/gzdt/202002/b5cf89720dbf4968850892328059db4c.shtml,江西省,南昌,国家高新技术产业开发区,昌东镇光明村
39,http://hc.nc.gov.cn/ncwjw/gzdt/202002/b5cf89720dbf4968850892328059db4c.shtml,江西省,南昌,国家高新技术产业开发区,麻丘镇文教路
40,http://hc.nc.gov.cn/ncwjw/gzdt/202002/b5cf89720dbf4968850892328059db4c.shtml,江西省,南昌,青云谱区,青云谱镇上海南路墅溪公寓
41,http://hc.nc.gov.cn/ncwjw/gzdt/202002/b5cf89720dbf4968850892328059db4c.shtml,江西省,南昌,青云谱区,三家店街道井冈山大道
42,http://hc.nc.gov.cn/ncwjw/gzdt/202002/b5cf89720dbf4968850892328059db4c.shtml,江西省,南昌,青云谱区,青云谱镇城南家园
43,http://hc.nc.gov.cn/ncwjw/gzdt/202002/b5cf89720dbf4968850892328059db4c.shtml,江西省,南昌,东湖区,董家窑街道八一大道
44,http://hc.nc.gov.cn/ncwjw/gzdt/202002/b5cf89720dbf4968850892328059db4c.shtml,江西省,南昌,东湖区,豫章街道青山南路阳明锦城
45,http://hc.nc.gov.cn/ncwjw/gzdt/202002/b5cf89720dbf4968850892328059db4c.shtml,江西省,南昌,东湖区,董家窑街道永外正街
46,http://hc.nc.gov.cn/ncwjw/gzdt/202002/b5cf89720dbf4968850892328059db4c.shtml,江西省,南昌,东湖区,豫章街道三经路
47,http://hc.nc.gov.cn/ncwjw/gzdt/202002/b5cf89720dbf4968850892328059db4c.shtml,江西省,南昌,东湖区,董家窑街道青山路蓝天碧水小区
48,http://hc.nc.gov.cn/ncwjw/gzdt/202002/b5cf89720dbf4968850892328059db4c.shtml,江西省,南昌,东湖区,大院街道省府西路
49,http://hc.nc.gov.cn/ncwjw/gzdt/202002/b5cf89720dbf4968850892328059db4c.shtml,江西省,南昌,青山湖区,塘山镇香溢花城
50,http://hc.nc.gov.cn/ncwjw/gzdt/202002/b5cf89720dbf4968850892328059db4c.shtml,江西省,南昌,青山湖区,罗家镇赵坊秦村
51,http://hc.nc.gov.cn/ncwjw/gzdt/202002/b5cf89720dbf4968850892328059db4c.shtml,江西省,南昌,青山湖区,京东镇京东南大道西
52,http://hc.nc.gov.cn/ncwjw/gzdt/202002/b5cf89720dbf4968850892328059db4c.shtml,江西省,南昌,青山湖区,高新技术产业园区高新南大道鑫和园小区
53,http://hc.nc.gov.cn/ncwjw/gzdt/202002/b5cf89720dbf4968850892328059db4c.shtml,江西省,南昌,青山湖区,湖坊镇庐山花园
54,http://hc.nc.gov.cn/ncwjw/gzdt/202002/b5cf89720dbf4968850892328059db4c.shtml,江西省,南昌,新建区,溪霞镇甘舍村
55,http://hc.nc.gov.cn/ncwjw/gzdt/202002/b5cf89720dbf4968850892328059db4c.shtml,江西省,南昌,新建区,长堎镇兴国路
56,http://hc.nc.gov.cn/ncwjw/gzdt/202002/b5cf89720dbf4968850892328059db4c.shtml,江西省,南昌,红谷滩新区,沙井街道万达华府
57,http://hc.nc.gov.cn/ncwjw/gzdt/202002/b5cf89720dbf4968850892328059db4c.shtml,江西省,南昌,安义县,石鼻镇向坊村
58,http://hc.nc.gov.cn/ncwjw/gzdt/202002/b5cf89720dbf4968850892328059db4c.shtml,江西省,南昌,安义县,长埠镇车田村
59,http://hc.nc.gov.cn/ncwjw/gzdt/202002/b5cf89720dbf4968850892328059db4c.shtml,江西省,南昌,安义县,江西省南昌市安义县石鼻镇古楼村
60,http://hc.nc.gov.cn/ncwjw/gzdt/202002/b5cf89720dbf4968850892328059db4c.shtml,江西省,南昌,经济技术开发区,冠山管理处
61,http://m.ha.bendibao.com/mip/1636.shtm,江苏省,淮安,淮安区,浅深浴室
62,http://m.ha.bendibao.com/mip/1636.shtm,江苏省,淮安,经开区,大湖城邦小区
63,http://news.gxnews.com.cn/staticpages/20200209/newgx5e3f4bbc-19247534-3.shtml,广东省,广州,番禺区,巨大国际公寓
64,http://o.xiancity.cn/system/2020/02/09/030713354.shtml,陕西省,西安,周至县,县城西关农贸市场
65,http://sn.ifeng.com/a/20200209/8181674_0.shtml,陕西省,西安,雁塔区,南窑头公交车站
66,http://sxwjw.shaanxi.gov.cn/art/2020/2/13/art_9_67993.html,陕西省,西安,新城区,多彩商城
67,http://sxwjw.shaanxi.gov.cn/art/2020/2/3/art_9_67666.html,陕西省,西安,未央区,辛家庙社区卫生服务中心
68,http://sy.bendibao.com/news/202023/55857.shtm,辽宁省,沈阳,铁西区,彰驿镇前庙村
69,http://wjw.gz.gov.cn/ztzl/xxfyyqfk/yqtb/content/post_5648584.html,广东省,广州,番禺区,钟村街晋富路
70,http://wjw.gz.gov.cn/ztzl/xxfyyqfk/yqtb/content/post_5662091.html,广东省,广州,天河区,棠下街道棠德花苑
71,http://wjw.gz.gov.cn/ztzl/xxfyyqfk/yqtb/content/post_5662091.html,广东省,广州,番禺区,市桥街道仓边大街
72,http://wjw.gz.gov.cn/ztzl/xxfyyqfk/yqtb/content/post_5662091.html,广东省,广州,花都区,花城街道茶园路
73,http://wjw.nmg.gov.cn/doc/2020/02/01/286091.shtml,内蒙古省,呼和浩特,赛罕区,九州通药业有限公司
74,http://wjw.nmg.gov.cn/doc/2020/02/01/286091.shtml,内蒙古省,呼和浩特,赛罕区,凯德MALL
75,http://wjw.nmg.gov.cn/doc/2020/02/02/286191.shtml,内蒙古省,鄂尔多斯,达拉特旗,陶瓷广场地下商场
76,http://wjw.nmg.gov.cn/doc/2020/02/02/286191.shtml,内蒙古省,鄂尔多斯,达拉特旗,中和西镇南伙房村
77,http://wjw.nmg.gov.cn/doc/2020/02/02/286191.shtml,内蒙古省,鄂尔多斯,达拉特旗,东源新村
78,http://wjw.nmg.gov.cn/doc/2020/02/09/291226.shtml,内蒙古省,通辽,霍林郭勒,友谊路亿达抻面馆
79,http://wjw.nmg.gov.cn/doc/2020/02/09/291226.shtml,内蒙古省,通辽,霍林郭勒,锡林大街天都火锅
80,http://wjw.nmg.gov.cn/doc/2020/02/09/291226.shtml,内蒙古省,通辽,霍林郭勒,宝日呼吉尔街道金亚辰水世界
81,http://wjw.nmg.gov.cn/doc/2020/02/09/291226.shtml,内蒙古省,通辽,霍林郭勒,珠斯花街道豪林国际小区双利超市
82,http://wjw.sz.gov.cn/yqxx/202002/t20200209_19006168.htm,广东省,深圳,宝安区,丽枫酒店（深圳海雅缤纷城店）
83,http://wjw.taiyuan.gov.cn/doc/2020/02/07/955867.shtml,山西省,长治,长治市,武乡县
84,http://wjw.taiyuan.gov.cn/doc/2020/02/07/955867.shtml,山西省,太原,尖草坪区,汇丰街道兴华北小区
85,http://wjw.taiyuan.gov.cn/doc/2020/02/07/955867.shtml,山西省,太原,小店区,山西省政法管理干部学院宿舍
86,http://wjw.taiyuan.gov.cn/doc/2020/02/07/955867.shtml,山西省,太原,小店区,正阳街汇泰丽城
87,http://wjw.taiyuan.gov.cn/doc/2020/02/07/955867.shtml,山西省,太原,小店区,华泰御景湾
88,http://wjw.taiyuan.gov.cn/doc/2020/02/07/955867.shtml,山西省,太原,杏花岭区,胜利桥东路省统计局宿舍
89,http://wjw.taiyuan.gov.cn/doc/2020/02/07/955867.shtml,山西省,太原,阳曲县,文玲旅店（阳曲县北塔地新村杨兴小区门口）
90,http://wjw.taiyuan.gov.cn/doc/2020/02/07/955867.shtml,山西省,太原,阳曲县,阳曲县益源液化气公司
91,http://wjw.taiyuan.gov.cn/doc/2020/02/07/955867.shtml,山西省,太原,晋源区,焦化小区
92,http://wjw.taiyuan.gov.cn/doc/2020/02/08/955916.shtml,山西省,太原,杏花岭区,胜利东街晋安3号院
93,http://wsjkw.sh.gov.cn/xwfb/20200208/f3882592b1144b558a13a5a9c4ac4a9f.html,上海市,上海,浦东区,汤臣豪园四期
94,http://www.wuzhong.gov.cn/ztzl/ztlb/kjyq/202001/t20200130_1936123.html,宁夏省,吴忠,红寺堡区,新庄集乡东川村
95,http://wx.hznews.com/data/hzby_2019-nCoV/index_bl.php,广东省,惠州,惠阳区,新圩东风村
96,https://baijiahao.baidu.com/s?id=1657795127584927321&wfr=spider&for=pc,辽宁省,沈阳,沈河区,汉庭酒店
97,https://baijiahao.baidu.com/s?id=1657795127584927321&wfr=spider&for=pc,辽宁省,沈阳,法库县,百家沟镇刘大沟村
98,https://baijiahao.baidu.com/s?id=1657795127584927321&wfr=spider&for=pc,辽宁省,沈阳,法库县,华溪绿洲洗浴中心
99,https://baijiahao.baidu.com/s?id=1657795127584927321&wfr=spider&for=pc,辽宁省,沈阳,法库县,北街农贸市场
100,https://baijiahao.baidu.com/s?id=1657795127584927321&wfr=spider&for=pc,辽宁省,沈阳,法库县,大明市场
101,https://baijiahao.baidu.com/s?id=1657795127584927321&wfr=spider&for=pc,辽宁省,沈阳,和平区,雅致永乐汇商务会馆
102,https://baijiahao.baidu.com/s?id=1658403541897422656&wfr=spider&for=pc,内蒙古省,锡林郭勒盟,多伦县,大北沟镇南风雨诊所
103,https://m.mp.oeeee.com/a/BAAFRD000020200203257514.html?layer=4&share=chat&isndappinstalled=12,广东省,江门,开平市,美宜佳超市(I DO酒吧)
104,https://m.mp.oeeee.com/a/BAAFRD000020200212262511.html,广东省,广州,天河区,东圃镇车陂高地大街
105,https://m.weibo.cn/2162541102/4469831778965414,陕西省,西安,雁塔区,延平门地铁站
106,https://m.weibo.cn/2162541102/4469831778965414,陕西省,商洛,丹凤县,商镇桃源村小河卫生室
107,https://m.weibo.cn/3757167087/4469821893163355,陕西省,西安,雁塔区,东仪路职工活动中心
108,https://m.weibo.cn/3757167087/4469821893163355,陕西省,西安,雁塔区,紫薇花园小区
109,https://m.weibo.cn/3757167087/4469821893163355,陕西省,西安,雁塔区,KFC朱雀店（小寨银泰城店）
110,https://m.weibo.cn/3757167087/4469821893163355,陕西省,西安,雁塔区,西北水电家属院
111,https://m.weibo.cn/3757167087/4471457452715962,陕西省,西安,灞桥区,穆将王菜市场
112,https://m.weibo.cn/3757167087/4471458430201395,陕西省,西安,雁塔区,鑫朱雀市场
113,https://m.weibo.cn/3757167087/4471458430201395,陕西省,西安,雁塔区,曲江国际会展中心
114,https://m.weibo.cn/detail/4468614512282405,山西省,运城,稷山县,稷山县稷峰镇太杜村
115,https://mp.weixin.qq.com/s/03w_HdZGypbtAG33jikquw,广东省,中山,石岐区,民安街
116,https://mp.weixin.qq.com/s/0xihh12dgBBxbfozR6fnNg,广东省,中山,三角镇,沙栏西路
117,https://mp.weixin.qq.com/s/0zzx4G3oUPQmzNk6JTTUzQ,辽宁省,沈阳,辽中区,念慈堂殡葬服务中心
118,https://mp.weixin.qq.com/s/0zzx4G3oUPQmzNk6JTTUzQ,辽宁省,葫芦岛,南票区,打渔山幸福小区
119,https://mp.weixin.qq.com/s/0zzx4G3oUPQmzNk6JTTUzQ,辽宁省,朝阳,朝阳县,根德营子乡平房村
120,https://mp.weixin.qq.com/s/0zzx4G3oUPQmzNk6JTTUzQ,辽宁省,朝阳,朝阳县,肖家店露天集市
121,https://mp.weixin.qq.com/s/15bQoiHzj8ABrnySvnEtQA,陕西省,咸阳,秦都区,世纪大道金泰丝路花城东边儿童摄影馆
122,https://mp.weixin.qq.com/s/15bQoiHzj8ABrnySvnEtQA,陕西省,咸阳,秦都区,东张村
123,https://mp.weixin.qq.com/s/15bQoiHzj8ABrnySvnEtQA,陕西省,咸阳,秦都区,沣河森林公园
124,https://mp.weixin.qq.com/s/15bQoiHzj8ABrnySvnEtQA,陕西省,咸阳,秦都区,妇幼保健院
125,https://mp.weixin.qq.com/s/15bQoiHzj8ABrnySvnEtQA,陕西省,咸阳,秦都区,沣西新城
126,https://mp.weixin.qq.com/s/16ICfUi-Z2UMbbckkm0Xpw,宁夏省,银川,西夏区,工行家属院小区
127,https://mp.weixin.qq.com/s/16ICfUi-Z2UMbbckkm0Xpw,宁夏省,银川,西夏区,文萃街宁阳店新百超市
128,https://mp.weixin.qq.com/s/16ICfUi-Z2UMbbckkm0Xpw,宁夏省,银川,西夏区,浙江商城地下负一层新百超市
129,https://mp.weixin.qq.com/s/16ICfUi-Z2UMbbckkm0Xpw,宁夏省,银川,西夏区,老百货大楼
130,https://mp.weixin.qq.com/s/16ICfUi-Z2UMbbckkm0Xpw,宁夏省,银川,西夏区,三小西侧远志堂大药店
131,https://mp.weixin.qq.com/s/16ICfUi-Z2UMbbckkm0Xpw,宁夏省,银川,西夏区,同心路东塔巷露天市场
132,https://mp.weixin.qq.com/s/16ICfUi-Z2UMbbckkm0Xpw,宁夏省,银川,兴庆区,解放路新百ccmall俏玲珑餐厅
133,https://mp.weixin.qq.com/s/16ICfUi-Z2UMbbckkm0Xpw,宁夏省,银川,兴庆区,银川国际商贸城门口
134,https://mp.weixin.qq.com/s/16ICfUi-Z2UMbbckkm0Xpw,宁夏省,银川,兴庆区,新世纪冷链物流中心水果交易厅小任果蔬批发店
135,https://mp.weixin.qq.com/s/16ICfUi-Z2UMbbckkm0Xpw,宁夏省,银川,兴庆区,温州商城
136,https://mp.weixin.qq.com/s/16ICfUi-Z2UMbbckkm0Xpw,宁夏省,银川,金凤区,新华联商厦HM店
137,https://mp.weixin.qq.com/s/16ICfUi-Z2UMbbckkm0Xpw,宁夏省,中卫,沙坡头区,宣和乡草台新隆村
138,https://mp.weixin.qq.com/s/1gv6bdr4kVBq4nUYOMqJHg,江苏省,宿迁,宿城区,埠子镇官庄小区
139,https://mp.weixin.qq.com/s/1gv6bdr4kVBq4nUYOMqJHg,江苏省,宿迁,宿城区,埠子镇阳光名邸小区张红旗浴池
140,https://mp.weixin.qq.com/s/1l-RCQ_OfAMhOZZSmo2sDw,上海市,上海,徐汇区,炎虹路76弄
141,https://mp.weixin.qq.com/s/1l-RCQ_OfAMhOZZSmo2sDw,上海市,上海,浦东区,陆家嘴锦绣前城
142,https://mp.weixin.qq.com/s/1l-RCQ_OfAMhOZZSmo2sDw,上海市,上海,浦东区,证大家园
143,https://mp.weixin.qq.com/s/1l-RCQ_OfAMhOZZSmo2sDw,上海市,上海,浦东区,上海贺普药业股份有限公司
144,https://mp.weixin.qq.com/s/1l-RCQ_OfAMhOZZSmo2sDw,上海市,上海,宝山区,共康雅苑（二期）
145,https://mp.weixin.qq.com/s/1l-RCQ_OfAMhOZZSmo2sDw,上海市,上海,嘉定区,华润中央公园
146,https://mp.weixin.qq.com/s/1l-RCQ_OfAMhOZZSmo2sDw,上海市,上海,松江区,亭中小区
147,https://mp.weixin.qq.com/s/1l-RCQ_OfAMhOZZSmo2sDw,上海市,上海,松江区,乐都西路1636弄
148,https://mp.weixin.qq.com/s/1l-RCQ_OfAMhOZZSmo2sDw,上海市,上海,松江区,久阳文华府邸
149,https://mp.weixin.qq.com/s/1l-RCQ_OfAMhOZZSmo2sDw,上海市,上海,长宁区,新华豪庭
150,https://mp.weixin.qq.com/s/1l-RCQ_OfAMhOZZSmo2sDw,上海市,上海,静安区,嘉利明珠城
151,https://mp.weixin.qq.com/s/21pwvOkvunpCGf0F8UGsKQ,陕西省,西安,未央区,兴隆路奥达文景观园员工宿舍
152,https://mp.weixin.qq.com/s/22zfhtcc5aqqWpt0anCVOQ,广东省,广州,越秀区,越秀南路
153,https://mp.weixin.qq.com/s/22zfhtcc5aqqWpt0anCVOQ,广东省,广州,荔湾区,文明路
154,https://mp.weixin.qq.com/s/22zfhtcc5aqqWpt0anCVOQ,广东省,广州,荔湾区,大南路
155,https://mp.weixin.qq.com/s/22zfhtcc5aqqWpt0anCVOQ,广东省,广州,荔湾区,大德路
156,https://mp.weixin.qq.com/s/22zfhtcc5aqqWpt0anCVOQ,广东省,广州,荔湾区,长寿路
157,https://mp.weixin.qq.com/s/23fOSN0X3dT99e22m34Few,山西省,忻州,忻府区,高城乡永丰庄村
158,https://mp.weixin.qq.com/s/2COYPOACgINLbVZGLJ20pw,广东省,东莞,沙田镇,进港南路
159,https://mp.weixin.qq.com/s/2HRalKs46VxIkbLMBBGbCA,广东省,梅州,兴宁市,坭陂镇圩镇
160,https://mp.weixin.qq.com/s/2HRalKs46VxIkbLMBBGbCA,广东省,梅州,兴宁市,坭陂镇理中村
161,https://mp.weixin.qq.com/s/2J9_3bKsljNLeVmFqY4rxQ,江苏省,连云港,海州区,幸福路街道光明小区
162,https://mp.weixin.qq.com/s/2J9_3bKsljNLeVmFqY4rxQ,江苏省,连云港,海州区,新东街道文昌小区
163,https://mp.weixin.qq.com/s/2J9_3bKsljNLeVmFqY4rxQ,江苏省,连云港,海州区,路南街道盐河社区
164,https://mp.weixin.qq.com/s/2J9_3bKsljNLeVmFqY4rxQ,江苏省,连云港,海州区,丁庄村
165,https://mp.weixin.qq.com/s/2J9_3bKsljNLeVmFqY4rxQ,江苏省,连云港,海州区,新浦街道万山城市花园小区
166,https://mp.weixin.qq.com/s/2J9_3bKsljNLeVmFqY4rxQ,江苏省,连云港,海州区,浦南镇小兴村
167,https://mp.weixin.qq.com/s/2J9_3bKsljNLeVmFqY4rxQ,江苏省,连云港,海州区,新海街道矿山设计院家属区
168,https://mp.weixin.qq.com/s/2J9_3bKsljNLeVmFqY4rxQ,江苏省,连云港,海州区,洪门街道小康小区
169,https://mp.weixin.qq.com/s/2J9_3bKsljNLeVmFqY4rxQ,江苏省,连云港,灌南县,田楼镇林丰村
170,https://mp.weixin.qq.com/s/2J9_3bKsljNLeVmFqY4rxQ,江苏省,连云港,灌南县,新安镇运输公司家属院
171,https://mp.weixin.qq.com/s/2J9_3bKsljNLeVmFqY4rxQ,江苏省,连云港,灌南县,新安镇黄浦银都城小区
172,https://mp.weixin.qq.com/s/2J9_3bKsljNLeVmFqY4rxQ,江苏省,连云港,灌南县,新安镇镇中村
173,https://mp.weixin.qq.com/s/2J9_3bKsljNLeVmFqY4rxQ,江苏省,连云港,东海县,牛山街道郑庄村
174,https://mp.weixin.qq.com/s/2J9_3bKsljNLeVmFqY4rxQ,江苏省,连云港,东海县,驼峰乡曹浦村
175,https://mp.weixin.qq.com/s/2J9_3bKsljNLeVmFqY4rxQ,江苏省,连云港,赣榆区,青口镇御水湾小区
176,https://mp.weixin.qq.com/s/2J9_3bKsljNLeVmFqY4rxQ,江苏省,连云港,赣榆区,城头镇刘门河村
177,https://mp.weixin.qq.com/s/2J9_3bKsljNLeVmFqY4rxQ,江苏省,连云港,连云区,徐圩街道辛高圩社区
178,https://mp.weixin.qq.com/s/2ri05eGgAq5QHorGkz07sw,广东省,深圳,南山区,西海明珠
179,https://mp.weixin.qq.com/s/2ri05eGgAq5QHorGkz07sw,广东省,深圳,宝安区,宝民社区灶下村
180,https://mp.weixin.qq.com/s/2ri05eGgAq5QHorGkz07sw,广东省,深圳,宝安区,华润万家（宝安店）
181,https://mp.weixin.qq.com/s/3_ru000m-BsCB3uAjbohAg,江西省,宜春,丰城市,河洲街道柳湖花园
182,https://mp.weixin.qq.com/s/3_ru000m-BsCB3uAjbohAg,江西省,宜春,丰城市,秀市镇秀市村
183,https://mp.weixin.qq.com/s/3_ru000m-BsCB3uAjbohAg,江西省,宜春,丰城市,淘沙镇埠下村
184,https://mp.weixin.qq.com/s/39apxV_xQLEu0MJ5ToE__g,陕西省,西安,碑林区,东门人人乐超市
185,https://mp.weixin.qq.com/s/39apxV_xQLEu0MJ5ToE__g,陕西省,西安,未央区,西北商贸中心
186,https://mp.weixin.qq.com/s/3GBAMxcOz-brFl_7_soiXg,宁夏省,银川,西夏区,澳海澜庭小区8号楼车棚商店
187,https://mp.weixin.qq.com/s/3GBAMxcOz-brFl_7_soiXg,宁夏省,银川,西夏区,澳海澜庭加气站
188,https://mp.weixin.qq.com/s/3GBAMxcOz-brFl_7_soiXg,宁夏省,银川,西夏区,新百生活超市（澳海澜庭店）
189,https://mp.weixin.qq.com/s/40KCQ1yZszq1b5OMNsRctg,广东省,珠海,金湾区,红旗镇世纪名城一期
190,https://mp.weixin.qq.com/s/40KCQ1yZszq1b5OMNsRctg,广东省,珠海,金湾区,红旗镇中珠上郡四期
191,https://mp.weixin.qq.com/s/40KCQ1yZszq1b5OMNsRctg,广东省,珠海,金湾区,三灶镇龙光玖珑府
192,https://mp.weixin.qq.com/s/4JrjMJc7lPDCFHXY3LFSeQ,广东省,汕头,澄海区,澄海区
193,https://mp.weixin.qq.com/s/4ofIalWCUGmYPNTPhiuiTg,广东省,梅州,五华县,香蜜闺秀内衣店
194,https://mp.weixin.qq.com/s/4ofIalWCUGmYPNTPhiuiTg,广东省,梅州,五华县,工人球场菜市场
195,https://mp.weixin.qq.com/s/4ofIalWCUGmYPNTPhiuiTg,广东省,梅州,五华县,腾天超市
196,https://mp.weixin.qq.com/s/4ofIalWCUGmYPNTPhiuiTg,广东省,梅州,五华县,岐岭镇朝阳村
197,https://mp.weixin.qq.com/s/4ofIalWCUGmYPNTPhiuiTg,广东省,梅州,五华县,华城镇林峰超市
198,https://mp.weixin.qq.com/s/4ofIalWCUGmYPNTPhiuiTg,广东省,梅州,梅江区,万达广场
199,https://mp.weixin.qq.com/s/53yB1QgwVerWm6riIRUV6A,上海市,上海,浦东区,地杰国际城E欧泊时光
200,https://mp.weixin.qq.com/s/53yB1QgwVerWm6riIRUV6A,上海市,上海,浦东区,绿林路51弄
201,https://mp.weixin.qq.com/s/53yB1QgwVerWm6riIRUV6A,上海市,上海,浦东区,绿地崴廉公寓
202,https://mp.weixin.qq.com/s/53yB1QgwVerWm6riIRUV6A,上海市,上海,闵行区,中华美路60弄
203,https://mp.weixin.qq.com/s/53yB1QgwVerWm6riIRUV6A,上海市,上海,闵行区,爱博一村
204,https://mp.weixin.qq.com/s/53yB1QgwVerWm6riIRUV6A,上海市,上海,闵行区,大润发（华漕店）
205,https://mp.weixin.qq.com/s/53yB1QgwVerWm6riIRUV6A,上海市,上海,嘉定区,光明D9空间
206,https://mp.weixin.qq.com/s/53yB1QgwVerWm6riIRUV6A,上海市,上海,嘉定区,发祥路89号
207,https://mp.weixin.qq.com/s/53yB1QgwVerWm6riIRUV6A,上海市,上海,嘉定区,永辉超市（嘉定宝龙广场店）
208,https://mp.weixin.qq.com/s/53yB1QgwVerWm6riIRUV6A,上海市,上海,松江区,新凯家园一期
209,https://mp.weixin.qq.com/s/53yB1QgwVerWm6riIRUV6A,上海市,上海,普陀区,西乡路91弄
210,https://mp.weixin.qq.com/s/53yB1QgwVerWm6riIRUV6A,上海市,上海,静安区,闻喜路935弄
211,https://mp.weixin.qq.com/s/6j-iL-tu6pxdC8q8srFvdA,广东省,阳江,阳春市,阳春石望镇
212,https://mp.weixin.qq.com/s/6j-iL-tu6pxdC8q8srFvdA,广东省,阳江,阳春市,春城街道
213,https://mp.weixin.qq.com/s/6QQRQ2p1q9OSHHa85dJvpA,宁夏省,吴忠,同心县,韦州镇庆华村
214,https://mp.weixin.qq.com/s/704BrIOuTkxkpuXdek9sXw,广东省,东莞,大朗镇,怡朗路
215,https://mp.weixin.qq.com/s/704BrIOuTkxkpuXdek9sXw,广东省,东莞,茶山镇,超朗村
216,https://mp.weixin.qq.com/s/7aB-WIhbkljfsaO6in6cIw,广东省,深圳,南山区,花园城一期
217,https://mp.weixin.qq.com/s/7aB-WIhbkljfsaO6in6cIw,广东省,深圳,福田区,玮鹏花园
218,https://mp.weixin.qq.com/s/7aB-WIhbkljfsaO6in6cIw,广东省,深圳,龙岗区,上木古社区岭根吓
219,https://mp.weixin.qq.com/s/7aB-WIhbkljfsaO6in6cIw,广东省,深圳,龙岗区,正大时代华庭
220,https://mp.weixin.qq.com/s/7aB-WIhbkljfsaO6in6cIw,广东省,深圳,龙岗区,新亚洲花园
221,https://mp.weixin.qq.com/s/7aB-WIhbkljfsaO6in6cIw,广东省,深圳,宝安区,东方社区上头田新村
222,https://mp.weixin.qq.com/s/7aB-WIhbkljfsaO6in6cIw,广东省,深圳,坪山区,汤坑社区东方丽园
223,https://mp.weixin.qq.com/s/7aB-WIhbkljfsaO6in6cIw,广东省,深圳,盐田区,东海丽景花园
224,https://mp.weixin.qq.com/s/7Odzuq-I-eqrHPwU9vEujQ,上海市,上海,徐汇区,枫林路街道东安二村
225,https://mp.weixin.qq.com/s/7Odzuq-I-eqrHPwU9vEujQ,上海市,上海,徐汇区,安吉斯铭汽车销售服务有限公司
226,https://mp.weixin.qq.com/s/7Odzuq-I-eqrHPwU9vEujQ,上海市,上海,浦东区,惠南镇锦江之星宾馆
227,https://mp.weixin.qq.com/s/7Odzuq-I-eqrHPwU9vEujQ,上海市,上海,浦东区,阳光花城
228,https://mp.weixin.qq.com/s/7Odzuq-I-eqrHPwU9vEujQ,上海市,上海,浦东区,北蔡芳草路欧麦克KTV
229,https://mp.weixin.qq.com/s/7Odzuq-I-eqrHPwU9vEujQ,上海市,上海,浦东区,民乐城兰丽苑
230,https://mp.weixin.qq.com/s/7Odzuq-I-eqrHPwU9vEujQ,上海市,上海,浦东区,新高苑
231,https://mp.weixin.qq.com/s/7Odzuq-I-eqrHPwU9vEujQ,上海市,上海,宝山区,海尚菊苑
232,https://mp.weixin.qq.com/s/7Odzuq-I-eqrHPwU9vEujQ,上海市,上海,宝山区,采菊苑
233,https://mp.weixin.qq.com/s/7Odzuq-I-eqrHPwU9vEujQ,上海市,上海,嘉定区,江桥镇金园一路1118弄
234,https://mp.weixin.qq.com/s/7Odzuq-I-eqrHPwU9vEujQ,上海市,上海,嘉定区,首创旭辉城
235,https://mp.weixin.qq.com/s/7Odzuq-I-eqrHPwU9vEujQ,上海市,上海,松江区,新桥镇华兴小区
236,https://mp.weixin.qq.com/s/7Odzuq-I-eqrHPwU9vEujQ,上海市,上海,松江区,沃天百联生活超市(新桥店)
237,https://mp.weixin.qq.com/s/7Odzuq-I-eqrHPwU9vEujQ,上海市,上海,杨浦区,定海路街道宁武路218弄
238,https://mp.weixin.qq.com/s/7Odzuq-I-eqrHPwU9vEujQ,上海市,上海,普陀区,连亮路111弄
239,https://mp.weixin.qq.com/s/7Odzuq-I-eqrHPwU9vEujQ,上海市,上海,长宁区,虹桥街道虹桥路1024弄
240,https://mp.weixin.qq.com/s/7Odzuq-I-eqrHPwU9vEujQ,上海市,上海,奉贤区,南行贤苑
241,https://mp.weixin.qq.com/s/8g-ggBSz1IbIZJZOFVxn0A,广东省,东莞,南城街道,胜和花园公寓
242,https://mp.weixin.qq.com/s/8g-ggBSz1IbIZJZOFVxn0A,广东省,东莞,大朗镇,黎贝岭豪锦公寓
243,https://mp.weixin.qq.com/s/8g-ggBSz1IbIZJZOFVxn0A,广东省,东莞,大朗镇,水平村荔华西路
244,https://mp.weixin.qq.com/s/8g-ggBSz1IbIZJZOFVxn0A,广东省,东莞,常平镇,万科城
245,https://mp.weixin.qq.com/s/8g-ggBSz1IbIZJZOFVxn0A,广东省,东莞,高埗镇,颐龙湾
246,https://mp.weixin.qq.com/s/92XTQRGQ4PLLM0yz9dgZHA,广东省,茂名,电白区,那霍镇三渡村合和村
247,https://mp.weixin.qq.com/s/99IBrH7yBT2bi_k6CXWk1A,山东省,潍坊,高密市,密水街道莳戈庄
248,https://mp.weixin.qq.com/s/99IBrH7yBT2bi_k6CXWk1A,山东省,潍坊,高密市,拒城河村
249,https://mp.weixin.qq.com/s/99IBrH7yBT2bi_k6CXWk1A,山东省,滨州,邹平市,黄山街道东景新村
250,https://mp.weixin.qq.com/s/99IBrH7yBT2bi_k6CXWk1A,山东省,滨州,邹平市,西董街道办事处
251,https://mp.weixin.qq.com/s/99IBrH7yBT2bi_k6CXWk1A,山东省,滨州,邹平市,黛溪街道办事处
252,https://mp.weixin.qq.com/s/99IBrH7yBT2bi_k6CXWk1A,山东省,滨州,邹平市,韩店镇
253,https://mp.weixin.qq.com/s/99IBrH7yBT2bi_k6CXWk1A,山东省,滨州,滨城区,市西街道办事处
254,https://mp.weixin.qq.com/s/99IBrH7yBT2bi_k6CXWk1A,山东省,滨州,阳信县,水落坡镇
255,https://mp.weixin.qq.com/s/99IBrH7yBT2bi_k6CXWk1A,山东省,滨州,惠民县,姜楼镇
256,https://mp.weixin.qq.com/s/A1M0SLD-CJUegw0GAIlvEQ,广东省,中山,沙溪镇,世纪新城
257,https://mp.weixin.qq.com/s/A4_l39IRa-METFqXyLUaKw,广东省,东莞,寮步镇,万科城市高尔夫花园
258,https://mp.weixin.qq.com/s/AL2WfgREI1kR0MaUaP3yVA,广东省,汕头,潮南区,成田镇简朴村
259,https://mp.weixin.qq.com/s/AL2WfgREI1kR0MaUaP3yVA,广东省,汕头,潮南区,成田镇深沟村
260,https://mp.weixin.qq.com/s/AL2WfgREI1kR0MaUaP3yVA,广东省,汕头,潮阳区,关埠镇下底村
261,https://mp.weixin.qq.com/s/AL2WfgREI1kR0MaUaP3yVA,广东省,汕头,潮阳区,揭阳炮台
262,https://mp.weixin.qq.com/s/ANsFtyEh-ThyG6bYF23Mdw,广东省,珠海,香洲区,香湾街道碧涛路33号
263,https://mp.weixin.qq.com/s/AtGvqHMpPj--woNeOVHqJg,广东省,惠州,惠城区,水口街道世纪东方城
264,https://mp.weixin.qq.com/s/aupP3RkGcLcJ3kcRTWIQSw,广东省,佛山,南海区,狮山镇罗村长信银湾小区
265,https://mp.weixin.qq.com/s/aupP3RkGcLcJ3kcRTWIQSw,广东省,佛山,南海区,里水镇沙涌环村西路
266,https://mp.weixin.qq.com/s/aupP3RkGcLcJ3kcRTWIQSw,广东省,佛山,三水区,乐平镇源潭张岗头村新六巷
267,https://mp.weixin.qq.com/s/aupP3RkGcLcJ3kcRTWIQSw,广东省,佛山,三水区,云东海街道绿湖爱伦堡二区
268,https://mp.weixin.qq.com/s/AuuQN67_9XRnT3v-YQ-6Kg,陕西省,宝鸡,扶风县,绛帐镇牛仓村
269,https://mp.weixin.qq.com/s/AuuQN67_9XRnT3v-YQ-6Kg,陕西省,宝鸡,金台区,群众路同心小区
270,https://mp.weixin.qq.com/s/AuuQN67_9XRnT3v-YQ-6Kg,陕西省,宝鸡,渭滨区,宝钛新区门口百汇超市
271,https://mp.weixin.qq.com/s/AuuQN67_9XRnT3v-YQ-6Kg,陕西省,咸阳,杨凌示范区,松园小区
272,https://mp.weixin.qq.com/s/BbpXFJ_S_I2aHe8_BCqA3w,广东省,东莞,沙田镇,启盈集团工地员工宿舍
273,https://mp.weixin.qq.com/s/BEf8kNgXeQhxvmMjylOmgQ,山西省,长治,长子县,慈林镇南沟村
274,https://mp.weixin.qq.com/s/BEf8kNgXeQhxvmMjylOmgQ,山西省,长治,潞州区,长治学院北校区9号楼
275,https://mp.weixin.qq.com/s/bFw2DNyZr50uzgb7lYg2iw,广东省,深圳,南山区,鼎太风华二期
276,https://mp.weixin.qq.com/s/bFw2DNyZr50uzgb7lYg2iw,广东省,深圳,福田区,鑫竹苑
277,https://mp.weixin.qq.com/s/bFw2DNyZr50uzgb7lYg2iw,广东省,深圳,龙岗区,佳兆业·中央广场一期
278,https://mp.weixin.qq.com/s/bFw2DNyZr50uzgb7lYg2iw,广东省,深圳,宝安区,万科·金色领域一期（宝安大道）
279,https://mp.weixin.qq.com/s/BowMr0k90t8psMKEWMmshQ,山东省,临沂,莒南县,板泉镇
280,https://mp.weixin.qq.com/s/BowMr0k90t8psMKEWMmshQ,山东省,临沂,莒南县,坪上镇
281,https://mp.weixin.qq.com/s/BowMr0k90t8psMKEWMmshQ,山东省,临沂,兰山区,兰山街道
282,https://mp.weixin.qq.com/s/BowMr0k90t8psMKEWMmshQ,山东省,临沂,兰山区,柳青街道
283,https://mp.weixin.qq.com/s/BowMr0k90t8psMKEWMmshQ,山东省,临沂,兰山区,银雀山街道
284,https://mp.weixin.qq.com/s/BowMr0k90t8psMKEWMmshQ,山东省,临沂,临沭县,临沭街道
285,https://mp.weixin.qq.com/s/BowMr0k90t8psMKEWMmshQ,山东省,临沂,郯城县,泉源乡
286,https://mp.weixin.qq.com/s/BowMr0k90t8psMKEWMmshQ,山东省,临沂,郯城县,马头镇
287,https://mp.weixin.qq.com/s/BowMr0k90t8psMKEWMmshQ,山东省,临沂,郯城县,郯城街道
288,https://mp.weixin.qq.com/s/BowMr0k90t8psMKEWMmshQ,山东省,临沂,沂水县,许家湖镇
289,https://mp.weixin.qq.com/s/BowMr0k90t8psMKEWMmshQ,山东省,临沂,沂水县,道托镇
290,https://mp.weixin.qq.com/s/BowMr0k90t8psMKEWMmshQ,山东省,临沂,沂南县,铜井镇
291,https://mp.weixin.qq.com/s/BowMr0k90t8psMKEWMmshQ,山东省,临沂,费县,探沂镇
292,https://mp.weixin.qq.com/s/BowMr0k90t8psMKEWMmshQ,山东省,临沂,兰陵县,卞庄街道
293,https://mp.weixin.qq.com/s/BowMr0k90t8psMKEWMmshQ,山东省,临沂,平邑县,柏林镇
294,https://mp.weixin.qq.com/s/BowMr0k90t8psMKEWMmshQ,山东省,临沂,河东区,九曲街道
295,https://mp.weixin.qq.com/s/BQk8wSVC6V4SLRp5A0BSDQ,广东省,江门,鹤山市,桃源镇325国道旁的草莓园
296,https://mp.weixin.qq.com/s/brhYtrHRMv5rb_SYHoX3fA,江西省,南昌,安义县,黄洲镇塘下村介牌村小组
297,https://mp.weixin.qq.com/s/brhYtrHRMv5rb_SYHoX3fA,江西省,抚州,南丰县,琴城镇建设路31号
298,https://mp.weixin.qq.com/s/BTBVokDLUFUBisFVrreTIg,山东省,济南,历下区,利农庄23号
299,https://mp.weixin.qq.com/s/BTBVokDLUFUBisFVrreTIg,山东省,济南,历下区,姚家街道窑头小区
300,https://mp.weixin.qq.com/s/BTBVokDLUFUBisFVrreTIg,山东省,济南,历下区,趵突泉小区一区
301,https://mp.weixin.qq.com/s/BTBVokDLUFUBisFVrreTIg,山东省,济南,市中区,中海国际社区
302,https://mp.weixin.qq.com/s/BTBVokDLUFUBisFVrreTIg,山东省,济南,市中区,十六里河办事处万寿路13号
303,https://mp.weixin.qq.com/s/BTBVokDLUFUBisFVrreTIg,山东省,济南,市中区,七贤街道中海国际社区
304,https://mp.weixin.qq.com/s/BTBVokDLUFUBisFVrreTIg,山东省,济南,天桥区,泺口街道河畔景苑
305,https://mp.weixin.qq.com/s/BTBVokDLUFUBisFVrreTIg,山东省,济南,天桥区,畔景苑小区外便民市场
306,https://mp.weixin.qq.com/s/BTBVokDLUFUBisFVrreTIg,山东省,济南,平阴县,榆山街道龙山小区
307,https://mp.weixin.qq.com/s/BTBVokDLUFUBisFVrreTIg,山东省,济南,历城区,全福街道办事处锦绣澜湾小区
308,https://mp.weixin.qq.com/s/BTBVokDLUFUBisFVrreTIg,山东省,济南,长清区,崮云湖乐天小区
309,https://mp.weixin.qq.com/s/BTBVokDLUFUBisFVrreTIg,山东省,济南,章丘区,刁镇街道办季周村
310,https://mp.weixin.qq.com/s/BTBVokDLUFUBisFVrreTIg,重庆省,重庆,渝北区,欧瑞锦江酒店
311,https://mp.weixin.qq.com/s/BTBVokDLUFUBisFVrreTIg,重庆省,重庆,渝北区,龙湖小区社区门诊
312,https://mp.weixin.qq.com/s/byOBjYcuIE-ozN5-5j2NjQ,广东省,韶关,乐昌市,白石镇新田村委会带头组
313,https://mp.weixin.qq.com/s/byOBjYcuIE-ozN5-5j2NjQ,广东省,韶关,乐昌市,乐城街道长迳村何家组
314,https://mp.weixin.qq.com/s/BzRmrot5EL4FRlANN3jPog,广东省,佛山,顺德区,陈村镇花地湾
315,https://mp.weixin.qq.com/s/CCv9mOu-azDpGCngDnutWw,山东省,日照,东港区,秦楼街道
316,https://mp.weixin.qq.com/s/CCv9mOu-azDpGCngDnutWw,山东省,日照,东港区,卧龙山街道山海天旅游度假区
317,https://mp.weixin.qq.com/s/CCv9mOu-azDpGCngDnutWw,山东省,日照,岚山区,巨峰镇
318,https://mp.weixin.qq.com/s/D_O9alCJ9kQNF9HzQovfpw,广东省,东莞,沙田镇,穗丰年昌达公寓
319,https://mp.weixin.qq.com/s/d0ChVGAE859JSuSQ4-yuwg,陕西省,榆林,定边县,红柳沟
320,https://mp.weixin.qq.com/s/d0ChVGAE859JSuSQ4-yuwg,陕西省,榆林,定边县,定边新区二道街荞面饸烙面馆
321,https://mp.weixin.qq.com/s/d0ChVGAE859JSuSQ4-yuwg,宁夏省,银川,兴庆区,银川商城
322,https://mp.weixin.qq.com/s/d0ChVGAE859JSuSQ4-yuwg,宁夏省,银川,兴庆区,宝湖路颐园小区北门对面美佳味麻辣烫
323,https://mp.weixin.qq.com/s/d0ChVGAE859JSuSQ4-yuwg,宁夏省,吴忠,青铜峡市,邵岗镇甘城子卫生院
324,https://mp.weixin.qq.com/s/d0ChVGAE859JSuSQ4-yuwg,宁夏省,吴忠,青铜峡市,甘城子十字路口东南的达美堂医药林园堂药房
325,https://mp.weixin.qq.com/s/d0ChVGAE859JSuSQ4-yuwg,宁夏省,吴忠,青铜峡市,邵岗镇大沟村卫生室
326,https://mp.weixin.qq.com/s/d0ChVGAE859JSuSQ4-yuwg,宁夏省,吴忠,青铜峡市,甘城子大沟村1队
327,https://mp.weixin.qq.com/s/d9aurz1S2epuqAQy3ZL_hw,广东省,东莞,石龙镇,聚龙里
328,https://mp.weixin.qq.com/s/DclHoJStly7-_Uz_uk2LmA,江西省,萍乡,湘东区,腊市镇明塘村胡家屋场
329,https://mp.weixin.qq.com/s/DGeAhP_Mks4hJputXQK4_w,广东省,东莞,南城街道,国际公馆
330,https://mp.weixin.qq.com/s/DGeAhP_Mks4hJputXQK4_w,广东省,东莞,南城街道,金域中央
331,https://mp.weixin.qq.com/s/DNtuRvc9NM88eBEX61IpAQ,陕西省,西安,雁塔区,朱雀大街19号南方星座D座2层
332,https://mp.weixin.qq.com/s/DNtuRvc9NM88eBEX61IpAQ,陕西省,西安,莲湖区,枣园西路附近1978老成都市井串串香
333,https://mp.weixin.qq.com/s/DNtuRvc9NM88eBEX61IpAQ,陕西省,西安,高新区,安吉巷36号天仁居涮肉坊
334,https://mp.weixin.qq.com/s/DWFNXijNXN0pQLZr2icG5A,广东省,茂名,信宜市,平塘镇黄龙大堡村
335,https://mp.weixin.qq.com/s/DWFNXijNXN0pQLZr2icG5A,广东省,茂名,滨海新区,电城镇南门头村下村
336,https://mp.weixin.qq.com/s/DWFNXijNXN0pQLZr2icG5A,广东省,茂名,滨海新区,滨海新区电城镇湿水村黄姜（羌）路口
337,https://mp.weixin.qq.com/s/eECI1S8obg-Vx11xTjggoA,内蒙古省,乌海,海勃湾区,万联生鲜超市
338,https://mp.weixin.qq.com/s/EiKDu4VTdr4k8o2Uq5Fvcw,陕西省,西安,莲湖区,西安铁路职业技术学院家属院
339,https://mp.weixin.qq.com/s/EiKDu4VTdr4k8o2Uq5Fvcw,陕西省,西安,莲湖区,青年路葫芦头饭店
340,https://mp.weixin.qq.com/s/EiKDu4VTdr4k8o2Uq5Fvcw,陕西省,西安,莲湖区,莲湖公园站
341,https://mp.weixin.qq.com/s/EiKDu4VTdr4k8o2Uq5Fvcw,陕西省,西安,新城区,后寨门水盆羊肉店
342,https://mp.weixin.qq.com/s/EiKDu4VTdr4k8o2Uq5Fvcw,陕西省,西安,新城区,皇城东路大众理发店
343,https://mp.weixin.qq.com/s/EiKDu4VTdr4k8o2Uq5Fvcw,陕西省,渭南,临渭区,万达广场对面公交公司
344,https://mp.weixin.qq.com/s/EiKDu4VTdr4k8o2Uq5Fvcw,陕西省,渭南,临渭区,桃花源
345,https://mp.weixin.qq.com/s/EiKDu4VTdr4k8o2Uq5Fvcw,陕西省,渭南,临渭区,青青家园三期11栋902室
346,https://mp.weixin.qq.com/s/EiKDu4VTdr4k8o2Uq5Fvcw,陕西省,渭南,临渭区,南塘口立军裤带面馆
347,https://mp.weixin.qq.com/s/EiKDu4VTdr4k8o2Uq5Fvcw,陕西省,渭南,临渭区,中心广场年货市场
348,https://mp.weixin.qq.com/s/EiKDu4VTdr4k8o2Uq5Fvcw,陕西省,渭南,临渭区,胜利大街粮油市场
349,https://mp.weixin.qq.com/s/EiKDu4VTdr4k8o2Uq5Fvcw,陕西省,渭南,临渭区,轻工小区家属院
350,https://mp.weixin.qq.com/s/EiKDu4VTdr4k8o2Uq5Fvcw,陕西省,渭南,临渭区,大实惠超市
351,https://mp.weixin.qq.com/s/EiKDu4VTdr4k8o2Uq5Fvcw,陕西省,渭南,华州区,赤水镇政府
352,https://mp.weixin.qq.com/s/EiKDu4VTdr4k8o2Uq5Fvcw,陕西省,渭南,华州区,赤水信用社
353,https://mp.weixin.qq.com/s/EiKDu4VTdr4k8o2Uq5Fvcw,陕西省,渭南,华州区,赤水镇农业银行
354,https://mp.weixin.qq.com/s/EiKDu4VTdr4k8o2Uq5Fvcw,陕西省,渭南,华州区,辛庄镇信用社
355,https://mp.weixin.qq.com/s/EiKDu4VTdr4k8o2Uq5Fvcw,陕西省,渭南,华州区,赤水镇魏山庄4组
356,https://mp.weixin.qq.com/s/en5XMsElXu6JIs0UHd_lmA,内蒙古省,包头,土右旗,萨拉齐镇聚星驾校（对面平房）
357,https://mp.weixin.qq.com/s/en5XMsElXu6JIs0UHd_lmA,内蒙古省,包头,土右旗,忠忠薄利超市
358,https://mp.weixin.qq.com/s/en5XMsElXu6JIs0UHd_lmA,内蒙古省,包头,土右旗,萨拉齐镇东瓯小商品城
359,https://mp.weixin.qq.com/s/en5XMsElXu6JIs0UHd_lmA,内蒙古省,包头,土右旗,萨拉齐镇帝豪鞋城
360,https://mp.weixin.qq.com/s/en5XMsElXu6JIs0UHd_lmA,内蒙古省,包头,土右旗,辛集皮革城
361,https://mp.weixin.qq.com/s/en5XMsElXu6JIs0UHd_lmA,内蒙古省,包头,东河区,铝厂北区
362,https://mp.weixin.qq.com/s/F2RiiyzIE87ilYzlAZ0OOw,陕西省,渭南,临渭区,华润万家（朝阳大街店）
363,https://mp.weixin.qq.com/s/FEf_w5LyNb8-xXKA_T3e5g,广东省,中山,黄圃镇,大岑工业区
364,https://mp.weixin.qq.com/s/feTfJCSFxyoufeEAks228w,广东省,江门,台山市,台城镇第一小学
365,https://mp.weixin.qq.com/s/feTfJCSFxyoufeEAks228w,广东省,中山,火炬区开发区,宫花村
366,https://mp.weixin.qq.com/s/feTfJCSFxyoufeEAks228w,广东省,中山,东升镇,中山御洋商务酒店
367,https://mp.weixin.qq.com/s/fTiCuXTR8iCNPE0zX3gOrw,山东省,淄博,淄川区,昆仑镇电瓷厂宿舍
368,https://mp.weixin.qq.com/s/fTiCuXTR8iCNPE0zX3gOrw,山东省,淄博,淄川区,西河镇南黄崖村村口
369,https://mp.weixin.qq.com/s/fTiCuXTR8iCNPE0zX3gOrw,山东省,淄博,淄川区,龙泉镇龙四村
370,https://mp.weixin.qq.com/s/fTiCuXTR8iCNPE0zX3gOrw,山东省,淄博,博山区,城东街道恒泰怡景
371,https://mp.weixin.qq.com/s/fTiCuXTR8iCNPE0zX3gOrw,山东省,淄博,张店区,马尚镇龙凤苑小区
372,https://mp.weixin.qq.com/s/fTiCuXTR8iCNPE0zX3gOrw,山东省,淄博,桓台县,新城镇邢家村
373,https://mp.weixin.qq.com/s/fTiCuXTR8iCNPE0zX3gOrw,山东省,淄博,周村区,青年路办事处区交通局宿舍
374,https://mp.weixin.qq.com/s/ftLPQ6l4nOIX7aRnrRSLCA,广东省,阳江,阳春市,兴华路
375,https://mp.weixin.qq.com/s/FYb03z5wslK1Wzzp1FiA5A,内蒙古省,包头,东河区,东华热电西门壕赖沟新村
376,https://mp.weixin.qq.com/s/g5khDHYw8DsVIIlz9KlByg,广东省,江门,台山市,五龙桥
377,https://mp.weixin.qq.com/s/g5khDHYw8DsVIIlz9KlByg,广东省,江门,台山市,台山商业城大参林药店
378,https://mp.weixin.qq.com/s/g5khDHYw8DsVIIlz9KlByg,广东省,江门,台山市,台山商业城小米手机店
379,https://mp.weixin.qq.com/s/g5khDHYw8DsVIIlz9KlByg,广东省,江门,台山市,台山商业城OPPO手机店
380,https://mp.weixin.qq.com/s/g5khDHYw8DsVIIlz9KlByg,广东省,江门,台山市,台山商业城名创优品
381,https://mp.weixin.qq.com/s/g5khDHYw8DsVIIlz9KlByg,广东省,江门,台山市,台城街道龙舟路16号
382,https://mp.weixin.qq.com/s/g5khDHYw8DsVIIlz9KlByg,广东省,江门,台山市,城西台荻路20号美品轩
383,https://mp.weixin.qq.com/s/g5khDHYw8DsVIIlz9KlByg,广东省,江门,台山市,台山商业城华润超市
384,https://mp.weixin.qq.com/s/g5khDHYw8DsVIIlz9KlByg,广东省,江门,台山市,城西台荻路24号群康药房
385,https://mp.weixin.qq.com/s/g5khDHYw8DsVIIlz9KlByg,广东省,江门,台山市,城西市场鑫汇超市
386,https://mp.weixin.qq.com/s/g89sB9SZS0FSyD1B-bnwag,陕西省,西安,灞桥区,胡家庙华润万家
387,https://mp.weixin.qq.com/s/g89sB9SZS0FSyD1B-bnwag,陕西省,西安,灞桥区,胡家庙早市
388,https://mp.weixin.qq.com/s/GA_mH8SwviTGaxiSdeHO2A,广东省,深圳,福田区,水围九街
389,https://mp.weixin.qq.com/s/gd2P77m_DseuaCvzmHLwbg,江西省,南昌,进贤县,民和镇云桥路
390,https://mp.weixin.qq.com/s/gd2P77m_DseuaCvzmHLwbg,江西省,南昌,进贤县,文港镇晏殊大道晏归北路
391,https://mp.weixin.qq.com/s/gd2P77m_DseuaCvzmHLwbg,江西省,南昌,进贤县,李渡镇里湖路
392,https://mp.weixin.qq.com/s/gd2P77m_DseuaCvzmHLwbg,江西省,南昌,南昌县,东新乡保集半岛
393,https://mp.weixin.qq.com/s/gd2P77m_DseuaCvzmHLwbg,江西省,南昌,南昌县,东新乡象湖绿地兰宫
394,https://mp.weixin.qq.com/s/gd2P77m_DseuaCvzmHLwbg,江西省,南昌,南昌县,莲塘镇澄湖左岸小区
395,https://mp.weixin.qq.com/s/gd2P77m_DseuaCvzmHLwbg,江西省,南昌,西湖区,朝阳洲街道皇冠国际
396,https://mp.weixin.qq.com/s/gd2P77m_DseuaCvzmHLwbg,江西省,南昌,西湖区,朝阳洲街道抚生路朝阳小区
397,https://mp.weixin.qq.com/s/gd2P77m_DseuaCvzmHLwbg,江西省,南昌,西湖区,朝农街道力高滨江
398,https://mp.weixin.qq.com/s/gd2P77m_DseuaCvzmHLwbg,江西省,南昌,国家高新技术产业开发区,麻丘镇闵家村
399,https://mp.weixin.qq.com/s/gd2P77m_DseuaCvzmHLwbg,江西省,南昌,国家高新技术产业开发区,麻丘镇孙家
400,https://mp.weixin.qq.com/s/gd2P77m_DseuaCvzmHLwbg,江西省,南昌,国家高新技术产业开发区,艾溪湖管理处昌东大道城泰湖韵天成
401,https://mp.weixin.qq.com/s/gd2P77m_DseuaCvzmHLwbg,江西省,南昌,东湖区,公园街道上营坊
402,https://mp.weixin.qq.com/s/gd2P77m_DseuaCvzmHLwbg,江西省,南昌,经济技术开发区,白水湖管理处双港东大街港口村
403,https://mp.weixin.qq.com/s/gd2P77m_DseuaCvzmHLwbg,江西省,南昌,经济技术开发区,白水湖管理处中联村
404,https://mp.weixin.qq.com/s/gd2P77m_DseuaCvzmHLwbg,江西省,上饶,鄱阳县,四十里街镇四甲陈村
405,https://mp.weixin.qq.com/s/gd2P77m_DseuaCvzmHLwbg,江西省,上饶,鄱阳县,鄱阳镇百亩千户小区
406,https://mp.weixin.qq.com/s/gd2P77m_DseuaCvzmHLwbg,江西省,上饶,鄱阳县,古县渡镇南滨村
407,https://mp.weixin.qq.com/s/gd2P77m_DseuaCvzmHLwbg,江西省,上饶,鄱阳县,鄱阳镇道汊村
408,https://mp.weixin.qq.com/s/gd2P77m_DseuaCvzmHLwbg,江西省,上饶,鄱阳县,饶丰镇虹东路
409,https://mp.weixin.qq.com/s/gd2P77m_DseuaCvzmHLwbg,江西省,上饶,鄱阳县,鄱阳镇绿野花园
410,https://mp.weixin.qq.com/s/gd2P77m_DseuaCvzmHLwbg,江西省,上饶,鄱阳县,鄱阳镇东湖新村
411,https://mp.weixin.qq.com/s/gd2P77m_DseuaCvzmHLwbg,江西省,上饶,鄱阳县,鄱阳镇朱家桥村
412,https://mp.weixin.qq.com/s/gd2P77m_DseuaCvzmHLwbg,江西省,上饶,鄱阳县,鸦鹊湖乡高家圩村
413,https://mp.weixin.qq.com/s/gd2P77m_DseuaCvzmHLwbg,江西省,上饶,鄱阳县,四十里街镇占家村
414,https://mp.weixin.qq.com/s/gd2P77m_DseuaCvzmHLwbg,江西省,上饶,广丰区,大石街道龙井安
415,https://mp.weixin.qq.com/s/gd2P77m_DseuaCvzmHLwbg,江西省,上饶,广丰区,五都镇紫坞
416,https://mp.weixin.qq.com/s/gd2P77m_DseuaCvzmHLwbg,江西省,上饶,广丰区,永丰街道卧龙城
417,https://mp.weixin.qq.com/s/gd2P77m_DseuaCvzmHLwbg,江西省,上饶,广丰区,永丰街道芦洲大道
418,https://mp.weixin.qq.com/s/gd2P77m_DseuaCvzmHLwbg,江西省,上饶,信州区,北门街道铁路新村
419,https://mp.weixin.qq.com/s/gd2P77m_DseuaCvzmHLwbg,江西省,上饶,余干县,玉亭镇干越社区
420,https://mp.weixin.qq.com/s/gd2P77m_DseuaCvzmHLwbg,江西省,新余,渝水区,城北街道桥背管理处长埠堎村小组
421,https://mp.weixin.qq.com/s/gd2P77m_DseuaCvzmHLwbg,江西省,新余,渝水区,城北街道里木塘4栋1单元
422,https://mp.weixin.qq.com/s/gd2P77m_DseuaCvzmHLwbg,江西省,新余,渝水区,罗坊镇刘家村委刘家村
423,https://mp.weixin.qq.com/s/gd2P77m_DseuaCvzmHLwbg,江西省,新余,渝水区,城北街道新余日报社家属楼2栋2单元
424,https://mp.weixin.qq.com/s/gd2P77m_DseuaCvzmHLwbg,江西省,新余,渝水区,城北街道电厂生活区14栋2单元
425,https://mp.weixin.qq.com/s/gd2P77m_DseuaCvzmHLwbg,江西省,新余,渝水区,城南街道公园1号6栋
426,https://mp.weixin.qq.com/s/gd2P77m_DseuaCvzmHLwbg,江西省,新余,渝水区,城南街道茶山口社区玉紫北路党校小区（独栋）
427,https://mp.weixin.qq.com/s/gd2P77m_DseuaCvzmHLwbg,江西省,宜春,丰城市,张巷镇戴家
428,https://mp.weixin.qq.com/s/gd2P77m_DseuaCvzmHLwbg,江西省,宜春,丰城市,张巷镇上泽李家村
429,https://mp.weixin.qq.com/s/gd2P77m_DseuaCvzmHLwbg,江西省,宜春,丰城市,杜市镇门前村
430,https://mp.weixin.qq.com/s/gd2P77m_DseuaCvzmHLwbg,江西省,宜春,丰城市,张巷镇
431,https://mp.weixin.qq.com/s/gd2P77m_DseuaCvzmHLwbg,江西省,宜春,高安市,筠阳街道南门村
432,https://mp.weixin.qq.com/s/gd2P77m_DseuaCvzmHLwbg,江西省,宜春,奉新县,干洲镇张家村
433,https://mp.weixin.qq.com/s/gd2P77m_DseuaCvzmHLwbg,江西省,抚州,临川区,上顿渡镇建设路
434,https://mp.weixin.qq.com/s/gd2P77m_DseuaCvzmHLwbg,江西省,抚州,临川区,上顿渡镇书香门第小区
435,https://mp.weixin.qq.com/s/gd2P77m_DseuaCvzmHLwbg,江西省,萍乡,上栗县,东源乡小枧村长山埠
436,https://mp.weixin.qq.com/s/GGeiv9zLDVP9t5CXddQAvw,山东省,聊城,东昌府区,振华超市闸口店
437,https://mp.weixin.qq.com/s/gJ2GE_ihEoPaeQmY143dhA,广东省,东莞,桥头镇,信怡路
438,https://mp.weixin.qq.com/s/gOIBYl1Hm1R7cQTlkVjyyw,广东省,深圳,福田区,莲花一村
439,https://mp.weixin.qq.com/s/gX82KJTHdwAbVgK6hADT9A,山东省,枣庄,峄城区,濠江花园
440,https://mp.weixin.qq.com/s/gX82KJTHdwAbVgK6hADT9A,山东省,枣庄,峄城区,坛山街道办事处前湾村
441,https://mp.weixin.qq.com/s/gX82KJTHdwAbVgK6hADT9A,山东省,枣庄,滕州市,大坞镇大坞村
442,https://mp.weixin.qq.com/s/gX82KJTHdwAbVgK6hADT9A,山东省,枣庄,滕州市,鲍沟镇薛中村
443,https://mp.weixin.qq.com/s/gX82KJTHdwAbVgK6hADT9A,山东省,枣庄,滕州市,东沙河镇党村
444,https://mp.weixin.qq.com/s/gX82KJTHdwAbVgK6hADT9A,山东省,枣庄,山亭区,山城办事处中水峪村
445,https://mp.weixin.qq.com/s/gX82KJTHdwAbVgK6hADT9A,山东省,枣庄,山亭区,青屏路千水星家具店
446,https://mp.weixin.qq.com/s/gX82KJTHdwAbVgK6hADT9A,山东省,枣庄,薛城区,临城街道朝阳小区
447,https://mp.weixin.qq.com/s/gX82KJTHdwAbVgK6hADT9A,山东省,枣庄,薛城区,巨山街道阳光小区
448,https://mp.weixin.qq.com/s/Hdz-Q-3Eig8VGsZJwzTNow,江苏省,徐州,睢宁县,太平洋购物广场
449,https://mp.weixin.qq.com/s/Hdz-Q-3Eig8VGsZJwzTNow,江苏省,徐州,睢宁县,人民东路路北铁板鸭店
450,https://mp.weixin.qq.com/s/Hdz-Q-3Eig8VGsZJwzTNow,江苏省,徐州,睢宁县,宁海学校东面的米乐购
451,https://mp.weixin.qq.com/s/Hdz-Q-3Eig8VGsZJwzTNow,江苏省,徐州,睢宁县,中山路OPPO专卖店
452,https://mp.weixin.qq.com/s/Hdz-Q-3Eig8VGsZJwzTNow,江苏省,徐州,睢宁县,九鼎商贸城
453,https://mp.weixin.qq.com/s/Hdz-Q-3Eig8VGsZJwzTNow,江苏省,徐州,睢宁县,八一路百盛润家超市
454,https://mp.weixin.qq.com/s/Hdz-Q-3Eig8VGsZJwzTNow,江苏省,徐州,睢宁县,沐王府浴室
455,https://mp.weixin.qq.com/s/Hdz-Q-3Eig8VGsZJwzTNow,江苏省,徐州,睢宁县,八一公馆旭旺超市
456,https://mp.weixin.qq.com/s/Hdz-Q-3Eig8VGsZJwzTNow,江苏省,徐州,睢宁县,成侯花园对面的真得味百货
457,https://mp.weixin.qq.com/s/Hdz-Q-3Eig8VGsZJwzTNow,江苏省,徐州,睢宁县,东方花园
458,https://mp.weixin.qq.com/s/Hdz-Q-3Eig8VGsZJwzTNow,江苏省,徐州,丰县,中阳大道南五光十色灯具店
459,https://mp.weixin.qq.com/s/Hdz-Q-3Eig8VGsZJwzTNow,江苏省,徐州,丰县,金都对面北中国石化加油站
460,https://mp.weixin.qq.com/s/Hdz-Q-3Eig8VGsZJwzTNow,江苏省,徐州,丰县,东方春城对面“鸡汤烧饼”小吃部
461,https://mp.weixin.qq.com/s/Hdz-Q-3Eig8VGsZJwzTNow,江苏省,徐州,丰县,王庄村
462,https://mp.weixin.qq.com/s/Hdz-Q-3Eig8VGsZJwzTNow,江苏省,南京,江宁区,金宝农贸市场
463,https://mp.weixin.qq.com/s/Hdz-Q-3Eig8VGsZJwzTNow,江苏省,南京,江宁区,中润华购超市
464,https://mp.weixin.qq.com/s/Hdz-Q-3Eig8VGsZJwzTNow,江苏省,南京,建邺区,华润苏果江东南路店
465,https://mp.weixin.qq.com/s/Hdz-Q-3Eig8VGsZJwzTNow,江苏省,淮安,淮安区,淮安华东妇产医院
466,https://mp.weixin.qq.com/s/Hdz-Q-3Eig8VGsZJwzTNow,江苏省,淮安,淮安区,林集卫生院
467,https://mp.weixin.qq.com/s/i5Qja8vQ7wmL65JhuRxS-g,广东省,惠州,惠城区,江北街道城市花园
468,https://mp.weixin.qq.com/s/I8W5RhgaVZE5pV9gf010Ew,江西省,南昌,进贤县,文港镇圣东路
469,https://mp.weixin.qq.com/s/I8W5RhgaVZE5pV9gf010Ew,江西省,南昌,进贤县,李渡镇李渡大道排楼村
470,https://mp.weixin.qq.com/s/I8W5RhgaVZE5pV9gf010Ew,江西省,南昌,南昌县,八一乡板莲村
471,https://mp.weixin.qq.com/s/I8W5RhgaVZE5pV9gf010Ew,江西省,南昌,西湖区,十字街街道安石路桃花住宅区
472,https://mp.weixin.qq.com/s/I8W5RhgaVZE5pV9gf010Ew,江西省,南昌,西湖区,南站街道丁公路岔道口西路江西储运公司宿舍
473,https://mp.weixin.qq.com/s/I8W5RhgaVZE5pV9gf010Ew,江西省,南昌,国家高新技术产业开发区,麻丘镇宝塔村
474,https://mp.weixin.qq.com/s/I8W5RhgaVZE5pV9gf010Ew,江西省,南昌,青云谱区,京山街道施尧路水榭花都
475,https://mp.weixin.qq.com/s/I8W5RhgaVZE5pV9gf010Ew,江西省,南昌,青云谱区,三家店街道新巷镇新巷村
476,https://mp.weixin.qq.com/s/I8W5RhgaVZE5pV9gf010Ew,江西省,南昌,红谷滩新区,沙井街道莱蒙都会
477,https://mp.weixin.qq.com/s/I8W5RhgaVZE5pV9gf010Ew,江西省,上饶,鄱阳县,鄱阳镇葵花岭
478,https://mp.weixin.qq.com/s/I8W5RhgaVZE5pV9gf010Ew,江西省,上饶,鄱阳县,鄱阳镇先锋小区
479,https://mp.weixin.qq.com/s/I8W5RhgaVZE5pV9gf010Ew,江西省,新余,渝水区,城北街道香山听泉34栋
480,https://mp.weixin.qq.com/s/I8W5RhgaVZE5pV9gf010Ew,江西省,新余,渝水区,城南街道三叠园听雨楼1幢3单元
481,https://mp.weixin.qq.com/s/I8W5RhgaVZE5pV9gf010Ew,江西省,新余,渝水区,城北街道博大园中苑小区10幢2单元
482,https://mp.weixin.qq.com/s/I8W5RhgaVZE5pV9gf010Ew,江西省,新余,渝水区,城北街道铁路四村74栋2单元
483,https://mp.weixin.qq.com/s/I8W5RhgaVZE5pV9gf010Ew,江西省,新余,渝水区,姚圩镇刘家村委刘家村小组
484,https://mp.weixin.qq.com/s/I8W5RhgaVZE5pV9gf010Ew,江西省,新余,分宜县,钤西办保健巷119号8栋2单元
485,https://mp.weixin.qq.com/s/I8W5RhgaVZE5pV9gf010Ew,江西省,九江,濂溪区,五里街道美日阳光小区
486,https://mp.weixin.qq.com/s/I8W5RhgaVZE5pV9gf010Ew,江西省,九江,都昌县,春桥乡堰上余世府
487,https://mp.weixin.qq.com/s/I8W5RhgaVZE5pV9gf010Ew,江西省,九江,都昌县,汪墩乡杨坞村
488,https://mp.weixin.qq.com/s/I8W5RhgaVZE5pV9gf010Ew,江西省,宜春,丰城市,杜市镇横岗村
489,https://mp.weixin.qq.com/s/I8W5RhgaVZE5pV9gf010Ew,江西省,宜春,铜鼓县,永宁镇定江社区
490,https://mp.weixin.qq.com/s/I8W5RhgaVZE5pV9gf010Ew,江西省,宜春,奉新县,冯川镇蒋家堎社区
491,https://mp.weixin.qq.com/s/I8W5RhgaVZE5pV9gf010Ew,江西省,宜春,宜阳新区,官园街道明月安居片区翡翠城小区
492,https://mp.weixin.qq.com/s/I8W5RhgaVZE5pV9gf010Ew,江西省,赣州,于都县,于都县罗坳镇三门村
493,https://mp.weixin.qq.com/s/I8W5RhgaVZE5pV9gf010Ew,江西省,抚州,临川区,上顿渡镇自来水公司宿舍
494,https://mp.weixin.qq.com/s/I8W5RhgaVZE5pV9gf010Ew,江西省,抚州,临川区,上顿渡镇汽车修理厂沿街宿舍
495,https://mp.weixin.qq.com/s/I8W5RhgaVZE5pV9gf010Ew,江西省,抚州,金溪县,秀谷镇翠峰路
496,https://mp.weixin.qq.com/s/I8W5RhgaVZE5pV9gf010Ew,江西省,抚州,南丰县,南丰县国安酒店
497,https://mp.weixin.qq.com/s/I8W5RhgaVZE5pV9gf010Ew,江西省,抚州,南丰县,洽湾镇浆坑村戈界组
498,https://mp.weixin.qq.com/s/I8W5RhgaVZE5pV9gf010Ew,江西省,抚州,东乡区,杨桥镇杨桥卫生院对面
499,https://mp.weixin.qq.com/s/I8W5RhgaVZE5pV9gf010Ew,江西省,抚州,崇仁县,世纪华府小区
500,https://mp.weixin.qq.com/s/I8W5RhgaVZE5pV9gf010Ew,江西省,萍乡,上栗县,鸡冠山乡庙背村15组
501,https://mp.weixin.qq.com/s/I8W5RhgaVZE5pV9gf010Ew,江西省,吉安,吉水县,文峰镇万龙新村
502,https://mp.weixin.qq.com/s/I8W5RhgaVZE5pV9gf010Ew,江西省,吉安,吉水县,文峰镇翰文苑小区
503,https://mp.weixin.qq.com/s/I8W5RhgaVZE5pV9gf010Ew,江西省,吉安,吉水县,双村镇曲岭邹肖家村
504,https://mp.weixin.qq.com/s/I8W5RhgaVZE5pV9gf010Ew,江西省,吉安,遂川县,碧洲镇栗头村
505,https://mp.weixin.qq.com/s/I8W5RhgaVZE5pV9gf010Ew,江西省,吉安,泰和县,苏溪镇模山村
506,https://mp.weixin.qq.com/s/I8W5RhgaVZE5pV9gf010Ew,江西省,吉安,泰和县,澄江镇山谷路
507,https://mp.weixin.qq.com/s/I8W5RhgaVZE5pV9gf010Ew,江西省,吉安,泰和县,万合镇南坑村
508,https://mp.weixin.qq.com/s/I8W5RhgaVZE5pV9gf010Ew,江西省,吉安,永丰县,恩江镇天立生态城小区
509,https://mp.weixin.qq.com/s/I8W5RhgaVZE5pV9gf010Ew,江西省,吉安,永丰县,君埠乡北寨村
510,https://mp.weixin.qq.com/s/I8W5RhgaVZE5pV9gf010Ew,江西省,吉安,新干县,金川镇新灯饰城小区
511,https://mp.weixin.qq.com/s/I8W5RhgaVZE5pV9gf010Ew,江西省,吉安,万安县,潞田镇读堂村
512,https://mp.weixin.qq.com/s/I8W5RhgaVZE5pV9gf010Ew,江西省,吉安,吉安县,桐坪镇张家村
513,https://mp.weixin.qq.com/s/I8W5RhgaVZE5pV9gf010Ew,江西省,吉安,峡江县,桐林乡桐林村
514,https://mp.weixin.qq.com/s/I8W5RhgaVZE5pV9gf010Ew,江西省,吉安,永新县,在中乡平分村
515,https://mp.weixin.qq.com/s/I8W5RhgaVZE5pV9gf010Ew,江西省,鹰潭,月湖区,洪电新村
516,https://mp.weixin.qq.com/s/IGaJ4Sz0Uc7ncxnG1lrtGg,广东省,茂名,信宜市,怀乡永隆竹坳双龙村
517,https://mp.weixin.qq.com/s/IGaJ4Sz0Uc7ncxnG1lrtGg,广东省,茂名,电白区,黄岭镇下平山村
518,https://mp.weixin.qq.com/s/Ilcw8gqTBS1mj2sL9y8BBw,广东省,深圳,南山区,御景峰
519,https://mp.weixin.qq.com/s/Ilcw8gqTBS1mj2sL9y8BBw,广东省,深圳,宝安区,金泓凯旋城
520,https://mp.weixin.qq.com/s/i-OHNjnnHgRfODKlpUSYFg,广东省,广州,荔湾区,华林街福安街
521,https://mp.weixin.qq.com/s/iWJ6omQpWP3YwGkjPANq-Q,上海市,上海,徐汇区,尚海湾豪庭
522,https://mp.weixin.qq.com/s/iWJ6omQpWP3YwGkjPANq-Q,上海市,上海,宝山区,四季绿城（北区）
523,https://mp.weixin.qq.com/s/iWJ6omQpWP3YwGkjPANq-Q,上海市,上海,闵行区,虹桥花苑
524,https://mp.weixin.qq.com/s/iWJ6omQpWP3YwGkjPANq-Q,上海市,上海,闵行区,城市超市（虹梅路店）
525,https://mp.weixin.qq.com/s/iWJ6omQpWP3YwGkjPANq-Q,上海市,上海,闵行区,虹六菜市场
526,https://mp.weixin.qq.com/s/J8zMLEAWqq7PLh-y0yO7Tg,广东省,深圳,宝安区,沙井西荟城
527,https://mp.weixin.qq.com/s/J8zMLEAWqq7PLh-y0yO7Tg,广东省,深圳,宝安区,潭头社区四村
528,https://mp.weixin.qq.com/s/J8zMLEAWqq7PLh-y0yO7Tg,广东省,深圳,龙华区,西头新村四区
529,https://mp.weixin.qq.com/s/J8zMLEAWqq7PLh-y0yO7Tg,广东省,深圳,龙华区,花半里
530,https://mp.weixin.qq.com/s/JaEaBvbW6dpw3M2LVmA-jw,上海市,上海,闵行区,浦江万达永辉超市
531,https://mp.weixin.qq.com/s/JaEaBvbW6dpw3M2LVmA-jw,上海市,上海,奉贤区,南桥镇阳光二期
532,https://mp.weixin.qq.com/s/JaEaBvbW6dpw3M2LVmA-jw,上海市,上海,奉贤区,金汇镇齐贤南百小区
533,https://mp.weixin.qq.com/s/JaEaBvbW6dpw3M2LVmA-jw,上海市,上海,奉贤区,大贤菜场
534,https://mp.weixin.qq.com/s/JEGFaPaXbJCyg4L2Y5f2cA,广东省,阳江,海陵区,闸坡镇
535,https://mp.weixin.qq.com/s/JEGFaPaXbJCyg4L2Y5f2cA,广东省,阳江,江城区,海陵岛
536,https://mp.weixin.qq.com/s/jjFdgGdM_qILo5mLaZhylg,广东省,珠海,香洲区,珠海香洲吉大
537,https://mp.weixin.qq.com/s/k6QZ28KFo3_9-Jvp2td2HA,广东省,深圳,南山区,艺华花园
538,https://mp.weixin.qq.com/s/k6QZ28KFo3_9-Jvp2td2HA,广东省,深圳,福田区,海田路1008号雅颂居
539,https://mp.weixin.qq.com/s/k6QZ28KFo3_9-Jvp2td2HA,广东省,深圳,福田区,下沙花好园
540,https://mp.weixin.qq.com/s/k6QZ28KFo3_9-Jvp2td2HA,广东省,深圳,福田区,金地名津
541,https://mp.weixin.qq.com/s/k6QZ28KFo3_9-Jvp2td2HA,广东省,深圳,龙岗区,万科麓城
542,https://mp.weixin.qq.com/s/k6QZ28KFo3_9-Jvp2td2HA,广东省,深圳,龙岗区,金德丰雅居
543,https://mp.weixin.qq.com/s/k6QZ28KFo3_9-Jvp2td2HA,广东省,深圳,宝安区,松岗街道红星村温屋
544,https://mp.weixin.qq.com/s/k6QZ28KFo3_9-Jvp2td2HA,广东省,深圳,罗湖区,嘉宝田花园
545,https://mp.weixin.qq.com/s/k6QZ28KFo3_9-Jvp2td2HA,广东省,深圳,盐田区,京基洲际度假酒店
546,https://mp.weixin.qq.com/s/KK1b85TfZg3OKob_s8ju0Q,江西省,南昌,西湖区,桃花镇玉兰路联发君领朝阳
547,https://mp.weixin.qq.com/s/L6UmSE1h35jGNX9nII7W1w,陕西省,西安,蓝田县,迎宾路圆盘东南角顶牛拉面馆
548,https://mp.weixin.qq.com/s/l7-4X1mqf191u1sKbwpwtg,江苏省,常州,武进区,牛塘镇
549,https://mp.weixin.qq.com/s/l7-4X1mqf191u1sKbwpwtg,江苏省,常州,金坛区,社头镇
550,https://mp.weixin.qq.com/s/LBJ9bWwWH3dIDgHbX3JrMA,广东省,广州,白云区,江高镇珠江村新贝路
551,https://mp.weixin.qq.com/s/LBJ9bWwWH3dIDgHbX3JrMA,广东省,广州,白云区,永平街道百顺北路
552,https://mp.weixin.qq.com/s/LBJ9bWwWH3dIDgHbX3JrMA,广东省,广州,越秀区,光塔街道起义路
553,https://mp.weixin.qq.com/s/ljO-jnuFaLY7dlay04vnQQ,内蒙古省,呼和浩特,赛罕区,长乐湾小区
554,https://mp.weixin.qq.com/s/ljO-jnuFaLY7dlay04vnQQ,内蒙古省,呼和浩特,赛罕区,内蒙古医院南侧羽神超市
555,https://mp.weixin.qq.com/s/ljO-jnuFaLY7dlay04vnQQ,内蒙古省,呼和浩特,玉泉区,恒泰盛都小区e家人超市
556,https://mp.weixin.qq.com/s/ljO-jnuFaLY7dlay04vnQQ,内蒙古省,呼和浩特,玉泉区,恒泰盛都小区
557,https://mp.weixin.qq.com/s/ljO-jnuFaLY7dlay04vnQQ,内蒙古省,呼和浩特,玉泉区,五里营小区国大药房
558,https://mp.weixin.qq.com/s/L-kxyVWz2388nVMrHpNwSQ,内蒙古省,呼和浩特,回民区,城发绿园3期
559,https://mp.weixin.qq.com/s/L-kxyVWz2388nVMrHpNwSQ,内蒙古省,呼和浩特,回民区,天昱自由度小区鑫乐福超市
560,https://mp.weixin.qq.com/s/L-kxyVWz2388nVMrHpNwSQ,内蒙古省,呼和浩特,回民区,城发绿园1期深达超市
561,https://mp.weixin.qq.com/s/LLeJqI0C3wg_XMJxptr6hA,广东省,珠海,斗门区,白蕉镇大众市场
562,https://mp.weixin.qq.com/s/LLeJqI0C3wg_XMJxptr6hA,广东省,珠海,斗门区,白蕉镇连桥路299号
563,https://mp.weixin.qq.com/s/MaIhftMbVTrBaslpSPNkuA,广东省,深圳,南山区,珠光村西区
564,https://mp.weixin.qq.com/s/MJayWWtfMetX7uypjW34jA,广东省,汕头,南澳县,深澳镇走马埔村
565,https://mp.weixin.qq.com/s/MJayWWtfMetX7uypjW34jA,广东省,汕头,南澳县,后宅镇隆澳大街
566,https://mp.weixin.qq.com/s/MJayWWtfMetX7uypjW34jA,广东省,汕头,潮南区,陇田镇南埔村
567,https://mp.weixin.qq.com/s/MPkzfHNESrN7F8ZKCYob7Q,广东省,清远,清城区,龙塘镇银盏嘉福工业园欣强电子有限公司宿舍区
568,https://mp.weixin.qq.com/s/MpL6gwVXTxFjfOsBr2SqQg,广东省,肇庆,端州区,泰湖新城小区
569,https://mp.weixin.qq.com/s/MpL6gwVXTxFjfOsBr2SqQg,广东省,肇庆,端州区,益华广场昌大昌超市
570,https://mp.weixin.qq.com/s/MpL6gwVXTxFjfOsBr2SqQg,广东省,肇庆,端州区,星湖国际广场大润发超市
571,https://mp.weixin.qq.com/s/nqSkq_C1SWyXwSoWH8Tl_Q,内蒙古省,包头,土右旗,萨拉齐镇云二百货
572,https://mp.weixin.qq.com/s/nqSkq_C1SWyXwSoWH8Tl_Q,内蒙古省,包头,土右旗,萨拉齐镇包百商场
573,https://mp.weixin.qq.com/s/nqSkq_C1SWyXwSoWH8Tl_Q,内蒙古省,包头,土右旗,萨拉齐镇凯盛大酒店
574,https://mp.weixin.qq.com/s/o8htUb-Eq0jI-18koz4JSA,江苏省,宿迁,经济技术开发区,古楚街道朱圩街大众浴池
575,https://mp.weixin.qq.com/s/o8htUb-Eq0jI-18koz4JSA,江苏省,宿迁,经济技术开发区,黄河街道万福隆卫民药房
576,https://mp.weixin.qq.com/s/oAp7a7J7b8ueznBiy6UfHw,陕西省,西安,未央区,丹尼尔商场
577,https://mp.weixin.qq.com/s/oAp7a7J7b8ueznBiy6UfHw,陕西省,西安,未央区,康复路北口贝斯特鞋城F区-6号
578,https://mp.weixin.qq.com/s/oAp7a7J7b8ueznBiy6UfHw,陕西省,西安,未央区,三桥车辆厂邮局附近
579,https://mp.weixin.qq.com/s/oAp7a7J7b8ueznBiy6UfHw,陕西省,西安,未央区,三桥街道繁花郡小区附近
580,https://mp.weixin.qq.com/s/oAp7a7J7b8ueznBiy6UfHw,陕西省,西安,未央区,三桥街道柏林春天小区附近
581,https://mp.weixin.qq.com/s/oAp7a7J7b8ueznBiy6UfHw,陕西省,西安,未央区,三桥街道西雁小区附近
582,https://mp.weixin.qq.com/s/oAp7a7J7b8ueznBiy6UfHw,陕西省,西安,未央区,三桥街道建章尚品小区附近
583,https://mp.weixin.qq.com/s/oAp7a7J7b8ueznBiy6UfHw,陕西省,西安,未央区,三桥街道新店小区附近
584,https://mp.weixin.qq.com/s/oAp7a7J7b8ueznBiy6UfHw,陕西省,西安,未央区,华润万象城
585,https://mp.weixin.qq.com/s/O-d8n6f_AygAgNedh-sOoQ,广东省,湛江,雷州市,英利镇幸福农场旧市场
586,https://mp.weixin.qq.com/s/oSfryyVX7e2CaDTyVRBR1A,广东省,广州,海珠区,江海街道台涌村新街
587,https://mp.weixin.qq.com/s/oSfryyVX7e2CaDTyVRBR1A,广东省,广州,海珠区,沙园街道水榕路中海橡园
588,https://mp.weixin.qq.com/s/oSfryyVX7e2CaDTyVRBR1A,广东省,广州,白云区,太和镇黄庄万科蓝山
589,https://mp.weixin.qq.com/s/oSfryyVX7e2CaDTyVRBR1A,广东省,广州,荔湾区,冲口街道招村南胜九巷
590,https://mp.weixin.qq.com/s/oSfryyVX7e2CaDTyVRBR1A,广东省,广州,黄埔区,长岭街道萝岗和苑
591,https://mp.weixin.qq.com/s/p8FwAyaWqBQPQ9ExZNRunA,宁夏省,固原,隆德县,观庄乡红堡村
592,https://mp.weixin.qq.com/s/p8FwAyaWqBQPQ9ExZNRunA,宁夏省,固原,隆德县,县城华天广场负一楼超市
593,https://mp.weixin.qq.com/s/p8FwAyaWqBQPQ9ExZNRunA,宁夏省,固原,隆德县,阳光小区完达山世纪贝贝孕婴店
594,https://mp.weixin.qq.com/s/p8FwAyaWqBQPQ9ExZNRunA,宁夏省,固原,隆德县,新世纪商城斜对面阳光宝贝婴幼儿生活馆
595,https://mp.weixin.qq.com/s/p8FwAyaWqBQPQ9ExZNRunA,宁夏省,固原,隆德县,县卫健局对面零岁计划孕婴童生活馆
596,https://mp.weixin.qq.com/s/pAaXlR0Rc7IjTkrJ_nmOHw,江苏省,宿迁,泗阳县,爱园镇好又多超市
597,https://mp.weixin.qq.com/s/pAaXlR0Rc7IjTkrJ_nmOHw,江苏省,宿迁,泗阳县,爱园镇果园澡堂
598,https://mp.weixin.qq.com/s/pathagzfYVfG7rgn4fsehw,广东省,广州,荔湾区,华林街兴中里6号
599,https://mp.weixin.qq.com/s/pathagzfYVfG7rgn4fsehw,广东省,广州,荔湾区,春天花花零食店
600,https://mp.weixin.qq.com/s/pathagzfYVfG7rgn4fsehw,广东省,广州,荔湾区,健民利众分店
601,https://mp.weixin.qq.com/s/pathagzfYVfG7rgn4fsehw,广东省,广州,荔湾区,书亦烧仙草店
602,https://mp.weixin.qq.com/s/pathagzfYVfG7rgn4fsehw,广东省,广州,荔湾区,水煎包十八甫路店
603,https://mp.weixin.qq.com/s/pCknNhnIW75e0cHBe54iyg,山西省,朔州,应县,杏寨乡石店村
604,https://mp.weixin.qq.com/s/pCknNhnIW75e0cHBe54iyg,山西省,朔州,应县,南河种镇东堡村
605,https://mp.weixin.qq.com/s/pCknNhnIW75e0cHBe54iyg,山西省,朔州,应县,金城镇南丰里
606,https://mp.weixin.qq.com/s/PxlQtWded0LAEHEEjPPQjQ,江西省,南昌,进贤县,罗溪镇坝塘村
607,https://mp.weixin.qq.com/s/PxlQtWded0LAEHEEjPPQjQ,江西省,南昌,进贤县,李渡镇李渡益康花园
608,https://mp.weixin.qq.com/s/PxlQtWded0LAEHEEjPPQjQ,江西省,南昌,西湖区,九洲大街恒大华府
609,https://mp.weixin.qq.com/s/PxlQtWded0LAEHEEjPPQjQ,江西省,南昌,国家高新技术产业开发区,麻丘镇南岗村
610,https://mp.weixin.qq.com/s/PxlQtWded0LAEHEEjPPQjQ,江西省,南昌,国家高新技术产业开发区,艾溪湖管理处南塘村
611,https://mp.weixin.qq.com/s/PxlQtWded0LAEHEEjPPQjQ,江西省,南昌,青云谱区,青云谱镇包家花园
612,https://mp.weixin.qq.com/s/PxlQtWded0LAEHEEjPPQjQ,江西省,南昌,新建区,长堎镇莱卡小镇
613,https://mp.weixin.qq.com/s/PxlQtWded0LAEHEEjPPQjQ,江西省,南昌,安义县,石鼻镇联合村
614,https://mp.weixin.qq.com/s/PxlQtWded0LAEHEEjPPQjQ,江西省,南昌,经济技术开发区,蛟桥镇枫林东大街
615,https://mp.weixin.qq.com/s/PxlQtWded0LAEHEEjPPQjQ,江西省,上饶,鄱阳县,谢家滩镇余畈村
616,https://mp.weixin.qq.com/s/PxlQtWded0LAEHEEjPPQjQ,江西省,上饶,鄱阳县,鄱阳镇桃花源纪
617,https://mp.weixin.qq.com/s/PxlQtWded0LAEHEEjPPQjQ,江西省,上饶,鄱阳县,鄱阳镇新民小区
618,https://mp.weixin.qq.com/s/PxlQtWded0LAEHEEjPPQjQ,江西省,上饶,鄱阳县,谢家滩镇田铺村
619,https://mp.weixin.qq.com/s/PxlQtWded0LAEHEEjPPQjQ,江西省,上饶,鄱阳县,昌洲乡陈高村
620,https://mp.weixin.qq.com/s/PxlQtWded0LAEHEEjPPQjQ,江西省,上饶,鄱阳县,莲湖乡毛家村
621,https://mp.weixin.qq.com/s/PxlQtWded0LAEHEEjPPQjQ,江西省,上饶,广丰区,永丰街道南街12号
622,https://mp.weixin.qq.com/s/PxlQtWded0LAEHEEjPPQjQ,江西省,上饶,广丰区,永丰街道螺蛳山
623,https://mp.weixin.qq.com/s/PxlQtWded0LAEHEEjPPQjQ,江西省,上饶,广丰区,大南镇李家村
624,https://mp.weixin.qq.com/s/PxlQtWded0LAEHEEjPPQjQ,江西省,上饶,广丰区,丰溪街道巴黎庄园
625,https://mp.weixin.qq.com/s/PxlQtWded0LAEHEEjPPQjQ,江西省,上饶,广丰区,大石街道大石头村
626,https://mp.weixin.qq.com/s/PxlQtWded0LAEHEEjPPQjQ,江西省,上饶,广丰区,永丰街道南街付家弄
627,https://mp.weixin.qq.com/s/PxlQtWded0LAEHEEjPPQjQ,江西省,上饶,信州区,茅家岭街道翰林印象
628,https://mp.weixin.qq.com/s/PxlQtWded0LAEHEEjPPQjQ,江西省,上饶,婺源县,蚺城街道君尚名府
629,https://mp.weixin.qq.com/s/PxlQtWded0LAEHEEjPPQjQ,江西省,上饶,玉山县,岩瑞镇石牌村
630,https://mp.weixin.qq.com/s/PxlQtWded0LAEHEEjPPQjQ,江西省,新余,渝水区,城北街道青竹园小区2栋
631,https://mp.weixin.qq.com/s/PxlQtWded0LAEHEEjPPQjQ,江西省,新余,渝水区,城北街道半岛豪园15栋
632,https://mp.weixin.qq.com/s/PxlQtWded0LAEHEEjPPQjQ,江西省,新余,渝水区,城南街道老西街钻石花苑1栋2单元
633,https://mp.weixin.qq.com/s/PxlQtWded0LAEHEEjPPQjQ,江西省,新余,渝水区,城北街道北湖路明珠花园12栋1单元
634,https://mp.weixin.qq.com/s/PxlQtWded0LAEHEEjPPQjQ,江西省,新余,渝水区,城南街道五交化公司宿舍2栋
635,https://mp.weixin.qq.com/s/PxlQtWded0LAEHEEjPPQjQ,江西省,新余,渝水区,城北街道交通银行一大院2栋
636,https://mp.weixin.qq.com/s/PxlQtWded0LAEHEEjPPQjQ,江西省,新余,渝水区,城北街道盛德世纪花园10栋4单元
637,https://mp.weixin.qq.com/s/PxlQtWded0LAEHEEjPPQjQ,江西省,新余,渝水区,城北街道鸿发苑2栋2单元
638,https://mp.weixin.qq.com/s/PxlQtWded0LAEHEEjPPQjQ,江西省,新余,渝水区,白水塘小区18栋3单元
639,https://mp.weixin.qq.com/s/PxlQtWded0LAEHEEjPPQjQ,江西省,九江,濂溪区,五里街道龙珠花园
640,https://mp.weixin.qq.com/s/PxlQtWded0LAEHEEjPPQjQ,江西省,九江,浔阳区,白水湖街道景馨小区
641,https://mp.weixin.qq.com/s/PxlQtWded0LAEHEEjPPQjQ,江西省,九江,浔阳区,甘棠街道中辉凯旋城
642,https://mp.weixin.qq.com/s/PxlQtWded0LAEHEEjPPQjQ,江西省,九江,湖口县,武山镇莲凤村
643,https://mp.weixin.qq.com/s/PxlQtWded0LAEHEEjPPQjQ,江西省,九江,永修县,九合乡新华村
644,https://mp.weixin.qq.com/s/PxlQtWded0LAEHEEjPPQjQ,江西省,九江,永修县,立新乡杨春村
645,https://mp.weixin.qq.com/s/PxlQtWded0LAEHEEjPPQjQ,江西省,九江,庐山市,温泉镇通书院村
646,https://mp.weixin.qq.com/s/PxlQtWded0LAEHEEjPPQjQ,江西省,九江,德安县,河东乡人民财产保险公司家属楼
647,https://mp.weixin.qq.com/s/PxlQtWded0LAEHEEjPPQjQ,江西省,宜春,丰城市,洛市镇庄田村
648,https://mp.weixin.qq.com/s/PxlQtWded0LAEHEEjPPQjQ,江西省,赣州,于都县,罗坳镇茅坪村
649,https://mp.weixin.qq.com/s/PxlQtWded0LAEHEEjPPQjQ,江西省,赣州,章贡区,钓鱼台
650,https://mp.weixin.qq.com/s/PxlQtWded0LAEHEEjPPQjQ,江西省,赣州,赣县区,江口镇江口村
651,https://mp.weixin.qq.com/s/PxlQtWded0LAEHEEjPPQjQ,江西省,赣州,赣县区,茅店镇杨洞村
652,https://mp.weixin.qq.com/s/PxlQtWded0LAEHEEjPPQjQ,江西省,赣州,龙南县,杨村镇五星村
653,https://mp.weixin.qq.com/s/PxlQtWded0LAEHEEjPPQjQ,江西省,抚州,临川区,名门世家小区
654,https://mp.weixin.qq.com/s/PxlQtWded0LAEHEEjPPQjQ,江西省,抚州,临川区,帝景豪苑小区
655,https://mp.weixin.qq.com/s/PxlQtWded0LAEHEEjPPQjQ,江西省,抚州,临川区,上顿渡镇桥东路
656,https://mp.weixin.qq.com/s/PxlQtWded0LAEHEEjPPQjQ,江西省,抚州,金溪县,陆坊乡葛坊村李坊源村
657,https://mp.weixin.qq.com/s/PxlQtWded0LAEHEEjPPQjQ,江西省,抚州,金溪县,玉虹国际小区
658,https://mp.weixin.qq.com/s/PxlQtWded0LAEHEEjPPQjQ,江西省,抚州,黎川县,洵口镇石莲村道和墩小组
659,https://mp.weixin.qq.com/s/PxlQtWded0LAEHEEjPPQjQ,江西省,抚州,乐安县,鳌溪镇蓝天巷
660,https://mp.weixin.qq.com/s/PxlQtWded0LAEHEEjPPQjQ,江西省,抚州,乐安县,鳌溪镇香山豪庭
661,https://mp.weixin.qq.com/s/PxlQtWded0LAEHEEjPPQjQ,江西省,萍乡,安源区,高坑镇新华村车谷岭
662,https://mp.weixin.qq.com/s/PxlQtWded0LAEHEEjPPQjQ,江西省,鹰潭,贵溪市,东门街道嘉裕花苑
663,https://mp.weixin.qq.com/s/PxlQtWded0LAEHEEjPPQjQ,江西省,鹰潭,月湖区,白露小英村
664,https://mp.weixin.qq.com/s/PxlQtWded0LAEHEEjPPQjQ,江西省,鹰潭,月湖区,凯翔宾馆
665,https://mp.weixin.qq.com/s/PxlQtWded0LAEHEEjPPQjQ,江西省,鹰潭,信江新区,恒大绿洲10栋2单元
666,https://mp.weixin.qq.com/s/PxlQtWded0LAEHEEjPPQjQ,江西省,鹰潭,信江新区,江北办事处信江村
667,https://mp.weixin.qq.com/s/PxlQtWded0LAEHEEjPPQjQ,江西省,鹰潭,余江区,邓埠镇安仁大道
668,https://mp.weixin.qq.com/s/qMb78wvftwMT0Fx-fbgkVA,广东省,广州,海珠区,江南中街道前进路聚龙新街
669,https://mp.weixin.qq.com/s/qMb78wvftwMT0Fx-fbgkVA,广东省,广州,白云区,同德街道西槎路同景东街
670,https://mp.weixin.qq.com/s/qMb78wvftwMT0Fx-fbgkVA,广东省,广州,白云区,同和街道同沙路云东小区
671,https://mp.weixin.qq.com/s/qMb78wvftwMT0Fx-fbgkVA,广东省,广州,番禺区,钟村街道鸿福路
672,https://mp.weixin.qq.com/s/qnN8WIp6bdivLrcxn3kw8A,广东省,东莞,望牛墩镇,望牛墩镇
673,https://mp.weixin.qq.com/s/qnN8WIp6bdivLrcxn3kw8A,广东省,东莞,石龙镇,石龙镇
674,https://mp.weixin.qq.com/s/qQZ6QvNts9rpSWcPgDXZUA,陕西省,西安,鄠邑区,余下街道惠南小区
675,https://mp.weixin.qq.com/s/qQZ6QvNts9rpSWcPgDXZUA,陕西省,西安,鄠邑区,玉蝉街办曲抱村
676,https://mp.weixin.qq.com/s/qVcPv1s491KY6BfXb7BGDg,广东省,河源,源城区,河源大道北
677,https://mp.weixin.qq.com/s/qVcPv1s491KY6BfXb7BGDg,广东省,河源,源城区,越王大道
678,https://mp.weixin.qq.com/s/qVcPv1s491KY6BfXb7BGDg,广东省,河源,源城区,坚基商业中心
679,https://mp.weixin.qq.com/s/qVcPv1s491KY6BfXb7BGDg,广东省,河源,源城区,源西街道白岭头高屋村
680,https://mp.weixin.qq.com/s/QVO-ku5SAFS5lGfrJ3tqvw,广东省,广州,花都区,新华街道田美村
681,https://mp.weixin.qq.com/s/Rbni3MycgbIuiz5YgD2DCg,辽宁省,沈阳,铁西区,霁虹街道鑫丰花园
682,https://mp.weixin.qq.com/s/Rbni3MycgbIuiz5YgD2DCg,辽宁省,沈阳,铁西区,高花
683,https://mp.weixin.qq.com/s/Rbni3MycgbIuiz5YgD2DCg,辽宁省,沈阳,铁西区,中街新玛特商场内好利来蛋糕店
684,https://mp.weixin.qq.com/s/Rbni3MycgbIuiz5YgD2DCg,辽宁省,沈阳,铁西区,中街新玛特商场内周生生
685,https://mp.weixin.qq.com/s/Rbni3MycgbIuiz5YgD2DCg,辽宁省,沈阳,铁西区,爱工街23-5
686,https://mp.weixin.qq.com/s/Rbni3MycgbIuiz5YgD2DCg,辽宁省,沈阳,大东区,津桥街道大什字街237-1
687,https://mp.weixin.qq.com/s/Rbni3MycgbIuiz5YgD2DCg,辽宁省,辽阳,白塔区,风和日丽小区
688,https://mp.weixin.qq.com/s/rfJiJIU49y8MmMJOXttxBw,广东省,广州,海珠区,赤岗街道迎商酒店
689,https://mp.weixin.qq.com/s/S5JyC2E2Vn5XL0jcKkmBPg,广东省,惠州,大亚湾区,西区街道金汇上元
690,https://mp.weixin.qq.com/s/sHZtvU0GD-sUbKT8lexYZA,广东省,东莞,东城街道,雍华庭
691,https://mp.weixin.qq.com/s/sHZtvU0GD-sUbKT8lexYZA,广东省,东莞,大岭山镇,信立农批市场
692,https://mp.weixin.qq.com/s/sHZtvU0GD-sUbKT8lexYZA,广东省,东莞,横沥镇,山厦村四海工业区
693,https://mp.weixin.qq.com/s/SRElAd3cHRF5Z1yIJOeMYQ,广东省,佛山,顺德区,大良街道鉴海南路2号都汇豪庭
694,https://mp.weixin.qq.com/s/T7W4z1YpykNltgM4Els3cw,广东省,广州,天河区,天盈广场
695,https://mp.weixin.qq.com/s/tHvCXVKoe13lU2_EP935QQ,江苏省,扬州,宝应县,安宜镇芦松三村
696,https://mp.weixin.qq.com/s/tHvCXVKoe13lU2_EP935QQ,江苏省,扬州,宝应县,泾河镇张桥村
697,https://mp.weixin.qq.com/s/tHvCXVKoe13lU2_EP935QQ,江苏省,扬州,宝应县,锦春大酒店
698,https://mp.weixin.qq.com/s/tHvCXVKoe13lU2_EP935QQ,江苏省,扬州,宝应县,碧桂园
699,https://mp.weixin.qq.com/s/tHvCXVKoe13lU2_EP935QQ,江苏省,扬州,宝应县,安宜东路文峰南门西侧环球手机连锁店
700,https://mp.weixin.qq.com/s/tHvCXVKoe13lU2_EP935QQ,江苏省,扬州,宝应县,宝应县体育场门口药店
701,https://mp.weixin.qq.com/s/tHvCXVKoe13lU2_EP935QQ,江苏省,扬州,宝应县,安宜镇铁桥口巷
702,https://mp.weixin.qq.com/s/tHvCXVKoe13lU2_EP935QQ,江苏省,扬州,宝应县,邗沟路菜场
703,https://mp.weixin.qq.com/s/tHvCXVKoe13lU2_EP935QQ,江苏省,扬州,宝应县,莲馨家园9栋
704,https://mp.weixin.qq.com/s/TndLruxymZlVFM7oT-tbmQ,广东省,揭阳,揭西县,揭西县
705,https://mp.weixin.qq.com/s/TTppjI31ZGHP4nDiAueQZw,广东省,茂名,高州市,平山镇玉坑塘新村
706,https://mp.weixin.qq.com/s/U019DW4SJCxW7RTcd9I1Iw,江西省,宜春,宜阳新区,一百超市市府店
707,https://mp.weixin.qq.com/s/uaNlrAc-0-i_rMvYaAYVJA,山西省,大同,平城区,曹夫翰林院B区新杏林大药房
708,https://mp.weixin.qq.com/s/uaNlrAc-0-i_rMvYaAYVJA,山西省,大同,平城区,新泉西里
709,https://mp.weixin.qq.com/s/uaNlrAc-0-i_rMvYaAYVJA,山西省,大同,平城区,曹夫楼社区站
710,https://mp.weixin.qq.com/s/uaNlrAc-0-i_rMvYaAYVJA,山西省,大同,平城区,曹夫翰林苑B区
711,https://mp.weixin.qq.com/s/uaNlrAc-0-i_rMvYaAYVJA,山西省,大同,平城区,曹夫翰林苑A区
712,https://mp.weixin.qq.com/s/uaNlrAc-0-i_rMvYaAYVJA,山西省,大同,平城区,同泉路
713,https://mp.weixin.qq.com/s/uaNlrAc-0-i_rMvYaAYVJA,山西省,大同,平城区,大秦佳苑小区南门
714,https://mp.weixin.qq.com/s/uaNlrAc-0-i_rMvYaAYVJA,山西省,大同,平城区,东信广场
715,https://mp.weixin.qq.com/s/uaNlrAc-0-i_rMvYaAYVJA,山西省,大同,平城区,马军营乡西河河村
716,https://mp.weixin.qq.com/s/uaNlrAc-0-i_rMvYaAYVJA,山西省,大同,平城区,沃尔玛超市
717,https://mp.weixin.qq.com/s/uaNlrAc-0-i_rMvYaAYVJA,山西省,大同,平城区,曹夫翰林苑B区新杏林大药房
718,https://mp.weixin.qq.com/s/uaNlrAc-0-i_rMvYaAYVJA,山西省,大同,云冈区,新胜街道
719,https://mp.weixin.qq.com/s/uaNlrAc-0-i_rMvYaAYVJA,山西省,大同,浑源县,瑞丰食府
720,https://mp.weixin.qq.com/s/uaNlrAc-0-i_rMvYaAYVJA,山西省,大同,浑源县,永安镇雷家府天峰社区
721,https://mp.weixin.qq.com/s/uaNlrAc-0-i_rMvYaAYVJA,山西省,大同,天镇县,玉泉镇
722,https://mp.weixin.qq.com/s/v8_qO9NA0OZlohlo0sbCZg,内蒙古省,呼和浩特,玉泉区,锡林南路秋实璟峯汇小区
723,https://mp.weixin.qq.com/s/VCPYIcswFYrXKMT_iAo4sQ,广东省,深圳,福田区,新世界·四季山水一期
724,https://mp.weixin.qq.com/s/VCPYIcswFYrXKMT_iAo4sQ,广东省,深圳,福田区,福宁街桐林公寓
725,https://mp.weixin.qq.com/s/VCPYIcswFYrXKMT_iAo4sQ,广东省,深圳,龙岗区,百合星城二期
726,https://mp.weixin.qq.com/s/VCPYIcswFYrXKMT_iAo4sQ,广东省,深圳,龙岗区,锦航酒店
727,https://mp.weixin.qq.com/s/VHyCUTBLdswJUs4v94gCGg,广东省,茂名,化州市,笪桥镇仓背行政村仓背自然村
728,https://mp.weixin.qq.com/s/VlmSYauI8yaDuegXGATg1A,上海市,上海,宝山区,呼玛三村
729,https://mp.weixin.qq.com/s/VlmSYauI8yaDuegXGATg1A,上海市,上海,宝山区,呼玛集贸市场
730,https://mp.weixin.qq.com/s/VlmSYauI8yaDuegXGATg1A,上海市,上海,宝山区,南秀雅苑
731,https://mp.weixin.qq.com/s/VlptYBqxOilNbokYmgAq3w,广东省,东莞,大岭山镇,松湖澜园
732,https://mp.weixin.qq.com/s/vyMK9XAfBREa6c7KkQZE_g,广东省,肇庆,封开县,江口镇宾悦酒店
733,https://mp.weixin.qq.com/s/vyMK9XAfBREa6c7KkQZE_g,广东省,肇庆,封开县,平凤镇新围村
734,https://mp.weixin.qq.com/s/vyMK9XAfBREa6c7KkQZE_g,广东省,肇庆,封开县,江口镇星辉曲艺社江口社区
735,https://mp.weixin.qq.com/s/vyMK9XAfBREa6c7KkQZE_g,广东省,肇庆,封开县,江口镇水上居民安置楼
736,https://mp.weixin.qq.com/s/W9Iqq_rF4D9qHfI91nC0MQ,山东省,济宁,任城区,如意嘉园
737,https://mp.weixin.qq.com/s/W9Iqq_rF4D9qHfI91nC0MQ,山东省,济宁,任城区,建设新村
738,https://mp.weixin.qq.com/s/W9Iqq_rF4D9qHfI91nC0MQ,山东省,济宁,任城区,太白国际
739,https://mp.weixin.qq.com/s/W9Iqq_rF4D9qHfI91nC0MQ,山东省,济宁,曲阜市,书院街道旧县三街
740,https://mp.weixin.qq.com/s/W9Iqq_rF4D9qHfI91nC0MQ,山东省,济宁,曲阜市,鲁城街道卫生局家属院
741,https://mp.weixin.qq.com/s/W9Iqq_rF4D9qHfI91nC0MQ,山东省,济宁,曲阜市,小雪街道武家村
742,https://mp.weixin.qq.com/s/W9Iqq_rF4D9qHfI91nC0MQ,山东省,济宁,曲阜市,鲁城街道南关体育局家属院
743,https://mp.weixin.qq.com/s/W9Iqq_rF4D9qHfI91nC0MQ,山东省,济宁,高新区,海亮公馆
744,https://mp.weixin.qq.com/s/W9Iqq_rF4D9qHfI91nC0MQ,山东省,济宁,高新区,洸河街道市检察院宿舍
745,https://mp.weixin.qq.com/s/W9Iqq_rF4D9qHfI91nC0MQ,山东省,济宁,高新区,洸河街道舜泰园小区
746,https://mp.weixin.qq.com/s/W9Iqq_rF4D9qHfI91nC0MQ,山东省,济宁,汶上县,信合小区
747,https://mp.weixin.qq.com/s/W9Iqq_rF4D9qHfI91nC0MQ,山东省,济宁,兖州区,奎星苑小区
748,https://mp.weixin.qq.com/s/W9Iqq_rF4D9qHfI91nC0MQ,山东省,济宁,兖州区,颜店镇李宫一村
749,https://mp.weixin.qq.com/s/W9Iqq_rF4D9qHfI91nC0MQ,山东省,济宁,金乡县,化雨镇吴海村
750,https://mp.weixin.qq.com/s/W9Iqq_rF4D9qHfI91nC0MQ,山东省,济宁,嘉祥县,仲山镇仲山西村
751,https://mp.weixin.qq.com/s/WBkYAkadMMy8qkjvZeTbyQ,内蒙古省,呼和浩特,赛罕区,东万达广场
752,https://mp.weixin.qq.com/s/WBkYAkadMMy8qkjvZeTbyQ,内蒙古省,呼和浩特,赛罕区,惠多利超市
753,https://mp.weixin.qq.com/s/WBkYAkadMMy8qkjvZeTbyQ,内蒙古省,呼和浩特,赛罕区,鄂尔多斯大街东苑小区
754,https://mp.weixin.qq.com/s/WBkYAkadMMy8qkjvZeTbyQ,内蒙古省,呼和浩特,赛罕区,烟厂小区
755,https://mp.weixin.qq.com/s/WBkYAkadMMy8qkjvZeTbyQ,内蒙古省,呼和浩特,赛罕区,百捷酒店管理有限公司锦江之星酒店
756,https://mp.weixin.qq.com/s/WBkYAkadMMy8qkjvZeTbyQ,内蒙古省,呼和浩特,赛罕区,一品螯庄大闸蟹
757,https://mp.weixin.qq.com/s/WBkYAkadMMy8qkjvZeTbyQ,内蒙古省,呼和浩特,赛罕区,锡林郭勒南路与学苑西街交汇处
758,https://mp.weixin.qq.com/s/WBkYAkadMMy8qkjvZeTbyQ,内蒙古省,呼和浩特,赛罕区,金汉御园小区西门附近
759,https://mp.weixin.qq.com/s/WBkYAkadMMy8qkjvZeTbyQ,内蒙古省,呼和浩特,赛罕区,东影南路桥华世界村
760,https://mp.weixin.qq.com/s/WBkYAkadMMy8qkjvZeTbyQ,内蒙古省,呼和浩特,赛罕区,交校加油站附近
761,https://mp.weixin.qq.com/s/WBkYAkadMMy8qkjvZeTbyQ,内蒙古省,呼和浩特,赛罕区,长乐宫路口南侧
762,https://mp.weixin.qq.com/s/WBkYAkadMMy8qkjvZeTbyQ,内蒙古省,呼和浩特,赛罕区,恩和大厦附近
763,https://mp.weixin.qq.com/s/WBkYAkadMMy8qkjvZeTbyQ,内蒙古省,呼和浩特,赛罕区,恩和家园小区附近
764,https://mp.weixin.qq.com/s/WBkYAkadMMy8qkjvZeTbyQ,内蒙古省,呼和浩特,赛罕区,锦江国际大酒店附近
765,https://mp.weixin.qq.com/s/WBkYAkadMMy8qkjvZeTbyQ,内蒙古省,呼和浩特,赛罕区,驰誉民族实验小学附近
766,https://mp.weixin.qq.com/s/WBkYAkadMMy8qkjvZeTbyQ,内蒙古省,呼和浩特,赛罕区,驰誉南侧科技厅家属院小区附近
767,https://mp.weixin.qq.com/s/WBkYAkadMMy8qkjvZeTbyQ,内蒙古省,呼和浩特,赛罕区,正泰家园附近
768,https://mp.weixin.qq.com/s/WBkYAkadMMy8qkjvZeTbyQ,内蒙古省,呼和浩特,赛罕区,先锋中巷
769,https://mp.weixin.qq.com/s/WBkYAkadMMy8qkjvZeTbyQ,内蒙古省,呼和浩特,赛罕区,东瓦窑新村二区
770,https://mp.weixin.qq.com/s/WBkYAkadMMy8qkjvZeTbyQ,内蒙古省,呼和浩特,赛罕区,华茂名居
771,https://mp.weixin.qq.com/s/WBkYAkadMMy8qkjvZeTbyQ,内蒙古省,呼和浩特,玉泉区,印象江南小区
772,https://mp.weixin.qq.com/s/WBkYAkadMMy8qkjvZeTbyQ,内蒙古省,呼和浩特,玉泉区,大南街麦香村
773,https://mp.weixin.qq.com/s/WBkYAkadMMy8qkjvZeTbyQ,内蒙古省,呼和浩特,玉泉区,三里营街与碱滩巷三岔口附近
774,https://mp.weixin.qq.com/s/WBkYAkadMMy8qkjvZeTbyQ,内蒙古省,呼和浩特,玉泉区,幸福小区附近
775,https://mp.weixin.qq.com/s/WBkYAkadMMy8qkjvZeTbyQ,内蒙古省,呼和浩特,玉泉区,丽日花园附近
776,https://mp.weixin.qq.com/s/WBkYAkadMMy8qkjvZeTbyQ,内蒙古省,呼和浩特,玉泉区,园丁文明小区附近
777,https://mp.weixin.qq.com/s/WBkYAkadMMy8qkjvZeTbyQ,内蒙古省,呼和浩特,玉泉区,石东路小学对面马路
778,https://mp.weixin.qq.com/s/WBkYAkadMMy8qkjvZeTbyQ,内蒙古省,呼和浩特,新城区,巴彦德乐海
779,https://mp.weixin.qq.com/s/WBkYAkadMMy8qkjvZeTbyQ,内蒙古省,呼和浩特,新城区,如意小区
780,https://mp.weixin.qq.com/s/WBkYAkadMMy8qkjvZeTbyQ,内蒙古省,呼和浩特,新城区,盛世名筑康庄
781,https://mp.weixin.qq.com/s/WBkYAkadMMy8qkjvZeTbyQ,内蒙古省,呼和浩特,新城区,劝业场附近
782,https://mp.weixin.qq.com/s/WBkYAkadMMy8qkjvZeTbyQ,内蒙古省,呼和浩特,新城区,海东公馆附近
783,https://mp.weixin.qq.com/s/WBkYAkadMMy8qkjvZeTbyQ,内蒙古省,呼和浩特,新城区,呼铁家园附近
784,https://mp.weixin.qq.com/s/WBkYAkadMMy8qkjvZeTbyQ,内蒙古省,呼和浩特,新城区,旧交警支队附近
785,https://mp.weixin.qq.com/s/WBkYAkadMMy8qkjvZeTbyQ,内蒙古省,呼和浩特,新城区,中山东路与卫生厅西巷交汇口
786,https://mp.weixin.qq.com/s/WBkYAkadMMy8qkjvZeTbyQ,内蒙古省,呼和浩特,新城区,爱民街253医院（公交站）
787,https://mp.weixin.qq.com/s/WBkYAkadMMy8qkjvZeTbyQ,内蒙古省,呼和浩特,新城区,海拉尔大街十字路口
788,https://mp.weixin.qq.com/s/WBkYAkadMMy8qkjvZeTbyQ,内蒙古省,呼和浩特,回民区,刀刀板安居就业小区附近
789,https://mp.weixin.qq.com/s/WBkYAkadMMy8qkjvZeTbyQ,内蒙古省,呼和浩特,回民区,糖厂路派出所附近
790,https://mp.weixin.qq.com/s/WBkYAkadMMy8qkjvZeTbyQ,内蒙古省,呼和浩特,回民区,蓝天航空旅行社附近
791,https://mp.weixin.qq.com/s/WBkYAkadMMy8qkjvZeTbyQ,内蒙古省,呼和浩特,回民区,天元商厦
792,https://mp.weixin.qq.com/s/WBkYAkadMMy8qkjvZeTbyQ,内蒙古省,包头,土右旗,众心堂药店
793,https://mp.weixin.qq.com/s/WBkYAkadMMy8qkjvZeTbyQ,内蒙古省,包头,土右旗,敕勒川大街
794,https://mp.weixin.qq.com/s/WBkYAkadMMy8qkjvZeTbyQ,内蒙古省,包头,土右旗,地矿小区
795,https://mp.weixin.qq.com/s/WBkYAkadMMy8qkjvZeTbyQ,内蒙古省,包头,土右旗,土右旗萨拉齐镇花苑园
796,https://mp.weixin.qq.com/s/WBkYAkadMMy8qkjvZeTbyQ,内蒙古省,包头,土右旗,萨拉齐公墓
797,https://mp.weixin.qq.com/s/WBkYAkadMMy8qkjvZeTbyQ,内蒙古省,包头,土右旗,蒙大超市
798,https://mp.weixin.qq.com/s/WBkYAkadMMy8qkjvZeTbyQ,内蒙古省,包头,土右旗,果园小区
799,https://mp.weixin.qq.com/s/WBkYAkadMMy8qkjvZeTbyQ,内蒙古省,包头,昆都仑区,明日星城知雅苑
800,https://mp.weixin.qq.com/s/WBkYAkadMMy8qkjvZeTbyQ,内蒙古省,包头,昆都仑区,三八路北京华联超市
801,https://mp.weixin.qq.com/s/WBkYAkadMMy8qkjvZeTbyQ,内蒙古省,包头,昆都仑区,团结大街九号街坊华龙苑
802,https://mp.weixin.qq.com/s/WBkYAkadMMy8qkjvZeTbyQ,内蒙古省,包头,昆都仑区,如家酒店
803,https://mp.weixin.qq.com/s/WBkYAkadMMy8qkjvZeTbyQ,内蒙古省,包头,昆都仑区,钢铁大街保利香槟公寓
804,https://mp.weixin.qq.com/s/WBkYAkadMMy8qkjvZeTbyQ,内蒙古省,包头,昆都仑区,昆区维多利商场
805,https://mp.weixin.qq.com/s/WBkYAkadMMy8qkjvZeTbyQ,内蒙古省,包头,昆都仑区,乌兰道老鼠街
806,https://mp.weixin.qq.com/s/WBkYAkadMMy8qkjvZeTbyQ,内蒙古省,包头,昆都仑区,阿不力孜烧烤
807,https://mp.weixin.qq.com/s/WBkYAkadMMy8qkjvZeTbyQ,内蒙古省,包头,昆都仑区,罗丽丝店
808,https://mp.weixin.qq.com/s/WBkYAkadMMy8qkjvZeTbyQ,内蒙古省,包头,昆都仑区,体育馆道潘胖胖麻辣烫店
809,https://mp.weixin.qq.com/s/WBkYAkadMMy8qkjvZeTbyQ,内蒙古省,包头,昆都仑区,苏宁易购
810,https://mp.weixin.qq.com/s/WBkYAkadMMy8qkjvZeTbyQ,内蒙古省,包头,昆都仑区,滨江国际2期9栋
811,https://mp.weixin.qq.com/s/WBkYAkadMMy8qkjvZeTbyQ,内蒙古省,包头,昆都仑区,包百时代蓝天商场
812,https://mp.weixin.qq.com/s/WBkYAkadMMy8qkjvZeTbyQ,内蒙古省,鄂尔多斯,达拉特旗,树林召书香名邸小区
813,https://mp.weixin.qq.com/s/WBkYAkadMMy8qkjvZeTbyQ,内蒙古省,鄂尔多斯,达拉特旗,悦康药店（中凯雅苑附近）
814,https://mp.weixin.qq.com/s/WBkYAkadMMy8qkjvZeTbyQ,内蒙古省,鄂尔多斯,达拉特旗,草原牛肉城（烟草公司对面）
815,https://mp.weixin.qq.com/s/WBkYAkadMMy8qkjvZeTbyQ,内蒙古省,鄂尔多斯,达拉特旗,牵尚理发馆
816,https://mp.weixin.qq.com/s/WBkYAkadMMy8qkjvZeTbyQ,内蒙古省,鄂尔多斯,达拉特旗,贵族鞋城
817,https://mp.weixin.qq.com/s/WBkYAkadMMy8qkjvZeTbyQ,内蒙古省,鄂尔多斯,达拉特旗,潮丝街
818,https://mp.weixin.qq.com/s/WBkYAkadMMy8qkjvZeTbyQ,内蒙古省,鄂尔多斯,达拉特旗,电厂十字路口“供销石化加油站”
819,https://mp.weixin.qq.com/s/WBkYAkadMMy8qkjvZeTbyQ,内蒙古省,鄂尔多斯,达拉特旗,恩格贝镇蓿亥图村牛场梁社
820,https://mp.weixin.qq.com/s/WBkYAkadMMy8qkjvZeTbyQ,内蒙古省,鄂尔多斯,达拉特旗,刘六烟花爆竹批发（旧市场路东北边土产）
821,https://mp.weixin.qq.com/s/WBkYAkadMMy8qkjvZeTbyQ,内蒙古省,鄂尔多斯,达拉特旗,全年红灯笼批发（旧市场路东）
822,https://mp.weixin.qq.com/s/WBkYAkadMMy8qkjvZeTbyQ,内蒙古省,鄂尔多斯,达拉特旗,北国购物广场
823,https://mp.weixin.qq.com/s/WBkYAkadMMy8qkjvZeTbyQ,内蒙古省,鄂尔多斯,达拉特旗,耳字壕河洛图白家梁
824,https://mp.weixin.qq.com/s/WBkYAkadMMy8qkjvZeTbyQ,内蒙古省,鄂尔多斯,达拉特旗,耳字壕万家鸿综合超市
825,https://mp.weixin.qq.com/s/WBkYAkadMMy8qkjvZeTbyQ,内蒙古省,鄂尔多斯,达拉特旗,四季青农贸市场
826,https://mp.weixin.qq.com/s/WBkYAkadMMy8qkjvZeTbyQ,内蒙古省,鄂尔多斯,达拉特旗,永盛成超市（北国购物店）
827,https://mp.weixin.qq.com/s/WBkYAkadMMy8qkjvZeTbyQ,内蒙古省,鄂尔多斯,达拉特旗,东源新村便民市场客多多超市
828,https://mp.weixin.qq.com/s/WBkYAkadMMy8qkjvZeTbyQ,内蒙古省,鄂尔多斯,达拉特旗,东源新村便民市场雲强洗车行
829,https://mp.weixin.qq.com/s/WBkYAkadMMy8qkjvZeTbyQ,内蒙古省,鄂尔多斯,达拉特旗,京顺大药房益春堂店
830,https://mp.weixin.qq.com/s/WBkYAkadMMy8qkjvZeTbyQ,内蒙古省,鄂尔多斯,达拉特旗,京顺大药店志兴堂店（交警队附近）
831,https://mp.weixin.qq.com/s/WBkYAkadMMy8qkjvZeTbyQ,内蒙古省,鄂尔多斯,达拉特旗,锦瑞大药房靖康店（蓝宝酒店北）
832,https://mp.weixin.qq.com/s/WBkYAkadMMy8qkjvZeTbyQ,内蒙古省,鄂尔多斯,达拉特旗,京顺大药店许氏店（天力小区附近）
833,https://mp.weixin.qq.com/s/WBkYAkadMMy8qkjvZeTbyQ,内蒙古省,巴彦淖尔,临河区,白脑包镇联丰村五组
834,https://mp.weixin.qq.com/s/WBkYAkadMMy8qkjvZeTbyQ,内蒙古省,巴彦淖尔,五原县,时代宾馆
835,https://mp.weixin.qq.com/s/WBkYAkadMMy8qkjvZeTbyQ,内蒙古省,巴彦淖尔,五原县,王富友水果超市
836,https://mp.weixin.qq.com/s/WBkYAkadMMy8qkjvZeTbyQ,内蒙古省,巴彦淖尔,五原县,时代宾馆北侧小杨超市
837,https://mp.weixin.qq.com/s/WBkYAkadMMy8qkjvZeTbyQ,内蒙古省,乌兰察布,四子王旗,乌兰花镇文化路一中西北斗星文化办公用品店
838,https://mp.weixin.qq.com/s/WBkYAkadMMy8qkjvZeTbyQ,内蒙古省,乌兰察布,四子王旗,乌兰花镇欧易购超市购物
839,https://mp.weixin.qq.com/s/WBkYAkadMMy8qkjvZeTbyQ,内蒙古省,乌兰察布,四子王旗,王府佳园西区文北路社区王府佳园卫生室
840,https://mp.weixin.qq.com/s/WBkYAkadMMy8qkjvZeTbyQ,内蒙古省,呼伦贝尔,莫旗,双汇冷鲜肉
841,https://mp.weixin.qq.com/s/WBkYAkadMMy8qkjvZeTbyQ,内蒙古省,呼伦贝尔,莫旗,市场东门百果缘水果店
842,https://mp.weixin.qq.com/s/WBkYAkadMMy8qkjvZeTbyQ,内蒙古省,锡林郭勒盟,锡林浩特市,德克隆贝子庙超市
843,https://mp.weixin.qq.com/s/wpsNrPfHKhGECppcmODvAA,江苏省,淮安,淮安区,漕运镇码头湾浴场附近
844,https://mp.weixin.qq.com/s/wpsNrPfHKhGECppcmODvAA,江苏省,淮安,淮安区,漕运镇林集派出所附近
845,https://mp.weixin.qq.com/s/wpsNrPfHKhGECppcmODvAA,江苏省,淮安,生态文旅区,绿地世纪城小区
846,https://mp.weixin.qq.com/s/wpsNrPfHKhGECppcmODvAA,江苏省,淮安,生态文旅区,板闸家苑小区
847,https://mp.weixin.qq.com/s/X4CKfM-zAvmJTCi_4I-bVg,广东省,广州,白云区,江高镇神山北街
848,https://mp.weixin.qq.com/s/X4CKfM-zAvmJTCi_4I-bVg,广东省,广州,天河区,猎德街道猎德花园
849,https://mp.weixin.qq.com/s/X4CKfM-zAvmJTCi_4I-bVg,广东省,广州,番禺区,钟村街道倚翠苑
850,https://mp.weixin.qq.com/s/X4CKfM-zAvmJTCi_4I-bVg,广东省,广州,黄埔区,云埔街道榕村西街
851,https://mp.weixin.qq.com/s/X4CKfM-zAvmJTCi_4I-bVg,广东省,广州,黄埔区,红山街道红荔西路
852,https://mp.weixin.qq.com/s/XLC_oAGCkfZ-9QZiN7dyFw,辽宁省,沈阳,铁西区,肇工街北三路启工社区恒大华府
853,https://mp.weixin.qq.com/s/XLC_oAGCkfZ-9QZiN7dyFw,辽宁省,沈阳,沈河区,文艺路54号泊岸华庭
854,https://mp.weixin.qq.com/s/XLC_oAGCkfZ-9QZiN7dyFw,辽宁省,沈阳,沈河区,沈水东路365号翠堤湾小区
855,https://mp.weixin.qq.com/s/XLC_oAGCkfZ-9QZiN7dyFw,辽宁省,沈阳,沈河区,马官桥地区公司仓库
856,https://mp.weixin.qq.com/s/XLC_oAGCkfZ-9QZiN7dyFw,辽宁省,沈阳,和平区,地利生鲜超市
857,https://mp.weixin.qq.com/s/XLC_oAGCkfZ-9QZiN7dyFw,辽宁省,沈阳,沈北新区,泰盈九如溪谷小区
858,https://mp.weixin.qq.com/s/XLC_oAGCkfZ-9QZiN7dyFw,辽宁省,沈阳,于洪区,迎宾路街道洪湖街8-2
859,https://mp.weixin.qq.com/s/xPkUySDb9RVh1fWlcQLwGQ,广东省,惠州,惠城区,桥东街道东湖九区
860,https://mp.weixin.qq.com/s/xSgycy4VCvOdSGZl_lWrrw,广东省,梅州,五华县,华城镇兴一村
861,https://mp.weixin.qq.com/s/xSgycy4VCvOdSGZl_lWrrw,广东省,梅州,五华县,华城镇西林村
862,https://mp.weixin.qq.com/s/xSgycy4VCvOdSGZl_lWrrw,广东省,梅州,五华县,华城金山市场
863,https://mp.weixin.qq.com/s/xSgycy4VCvOdSGZl_lWrrw,广东省,梅州,五华县,华城多又香蛋糕店（蓝天大厦下面）
864,https://mp.weixin.qq.com/s/xYVXdohY_4acdQTniOGWUA,河北省,邯郸,魏县,魏县
865,https://mp.weixin.qq.com/s/Y43irqUbONn5cePk8zDMVA,山西省,吕梁,离石区,同生堂大药房（交口街道办高家沟新纵十八街）
866,https://mp.weixin.qq.com/s/Y43irqUbONn5cePk8zDMVA,山西省,吕梁,离石区,凤山街道办北川河东路中央公园南门
867,https://mp.weixin.qq.com/s/Y43irqUbONn5cePk8zDMVA,山西省,吕梁,离石区,离石宏泰广场
868,https://mp.weixin.qq.com/s/Y43irqUbONn5cePk8zDMVA,山西省,吕梁,离石区,同仁康大药房滨河店
869,https://mp.weixin.qq.com/s/Y43irqUbONn5cePk8zDMVA,山西省,吕梁,离石区,吕梁影剧院
870,https://mp.weixin.qq.com/s/y9lpITTKuZivPJB9l55ORg,广东省,揭阳,普宁市,高铁站如家酒店
871,https://mp.weixin.qq.com/s/y9lpITTKuZivPJB9l55ORg,广东省,揭阳,普宁市,翡翠明珠酒店
872,https://mp.weixin.qq.com/s/y9lpITTKuZivPJB9l55ORg,广东省,揭阳,普宁市,流沙郭厝寮普宁泰嵘医药有限公司
873,https://mp.weixin.qq.com/s/yB_kxKjAEYVn9MR8PyRCZg,陕西省,西安,碑林区,东关南街社区医院
874,https://mp.weixin.qq.com/s/YfzMmv1vUZyiphWUgzOLlA,广东省,惠州,惠城区,小金口街道
875,https://mp.weixin.qq.com/s/YgLkGhE1VlX6oQWl9nqyMg,广东省,汕头,龙湖区,鸥汀街道陈厝寨华兴园
876,https://mp.weixin.qq.com/s/YgLkGhE1VlX6oQWl9nqyMg,广东省,汕头,金平区,中信怀英花园
877,https://mp.weixin.qq.com/s/YLSR_0NXJ5LUg6LWGW_aDg,广东省,惠州,大亚湾区,大亚湾西区碧桂园公园上城
878,https://mp.weixin.qq.com/s/yq4IcgXi4vxQxO3UBYOZ-A,广东省,惠州,惠城区,小金口街道乌石村田寮村民小组
879,https://mp.weixin.qq.com/s/yq4IcgXi4vxQxO3UBYOZ-A,广东省,惠州,惠城区,小金口街道金都雅苑
880,https://mp.weixin.qq.com/s/yq4IcgXi4vxQxO3UBYOZ-A,广东省,惠州,惠城区,中海凯旋城5区
881,https://mp.weixin.qq.com/s/yT_I4r6Sc2K3O7-3iAl-mA,内蒙古省,巴彦淖尔,临河区,大兰庙桥北治安村二组路口康中福大药店
882,https://mp.weixin.qq.com/s/yT_I4r6Sc2K3O7-3iAl-mA,内蒙古省,巴彦淖尔,临河区,曙光乡治安村三组
883,https://mp.weixin.qq.com/s/yT_I4r6Sc2K3O7-3iAl-mA,内蒙古省,巴彦淖尔,临河区,王学武胃肠科医院
884,https://mp.weixin.qq.com/s/yT_I4r6Sc2K3O7-3iAl-mA,内蒙古省,巴彦淖尔,临河区,富源商场
885,https://mp.weixin.qq.com/s/yT_I4r6Sc2K3O7-3iAl-mA,内蒙古省,巴彦淖尔,临河区,临河大厦
886,https://mp.weixin.qq.com/s/yT_I4r6Sc2K3O7-3iAl-mA,内蒙古省,巴彦淖尔,临河区,临河西批发菜市场
887,https://mp.weixin.qq.com/s/yT_I4r6Sc2K3O7-3iAl-mA,内蒙古省,巴彦淖尔,五原县,银定图医院
888,https://mp.weixin.qq.com/s/yT_I4r6Sc2K3O7-3iAl-mA,内蒙古省,巴彦淖尔,乌拉特中旗,乌拉特中旗乌加河镇宏丰村
889,https://mp.weixin.qq.com/s/yyeefgne4StL6ZH9mRh80Q,江西省,南昌,进贤县,文港镇前途冠堡村
890,https://mp.weixin.qq.com/s/yyeefgne4StL6ZH9mRh80Q,江西省,南昌,进贤县,三里乡红富大队
891,https://mp.weixin.qq.com/s/yyeefgne4StL6ZH9mRh80Q,江西省,南昌,进贤县,三里乡何家
892,https://mp.weixin.qq.com/s/yyeefgne4StL6ZH9mRh80Q,江西省,南昌,南昌县,莲塘镇向阳路汇源华庭
893,https://mp.weixin.qq.com/s/yyeefgne4StL6ZH9mRh80Q,江西省,南昌,西湖区,丁公路街道二七南路
894,https://mp.weixin.qq.com/s/yyeefgne4StL6ZH9mRh80Q,江西省,上饶,鄱阳县,谢家滩镇三潼镇
895,https://mp.weixin.qq.com/s/yyeefgne4StL6ZH9mRh80Q,江西省,上饶,鄱阳县,四十里街镇老屋村
896,https://mp.weixin.qq.com/s/yyeefgne4StL6ZH9mRh80Q,江西省,上饶,广丰区,大石街道水角村
897,https://mp.weixin.qq.com/s/yyeefgne4StL6ZH9mRh80Q,江西省,上饶,德兴市,花桥镇北小区
898,https://mp.weixin.qq.com/s/yyeefgne4StL6ZH9mRh80Q,江西省,新余,渝水区,康盛世纪花园59栋1单元
899,https://mp.weixin.qq.com/s/yyeefgne4StL6ZH9mRh80Q,江西省,新余,渝水区,城北街道名仕公馆13栋
900,https://mp.weixin.qq.com/s/yyeefgne4StL6ZH9mRh80Q,江西省,新余,渝水区,仰天岗办事处同创中央公园7栋
901,https://mp.weixin.qq.com/s/yyeefgne4StL6ZH9mRh80Q,江西省,新余,渝水区,新钢街道望城小区4栋4单元
902,https://mp.weixin.qq.com/s/yyeefgne4StL6ZH9mRh80Q,江西省,新余,渝水区,城南街道水务尚都2栋1单元
903,https://mp.weixin.qq.com/s/yyeefgne4StL6ZH9mRh80Q,江西省,新余,渝水区,城北街道暨阳世纪城27栋1单元
904,https://mp.weixin.qq.com/s/yyeefgne4StL6ZH9mRh80Q,江西省,新余,分宜县,广府御景北1栋2单元
905,https://mp.weixin.qq.com/s/yyeefgne4StL6ZH9mRh80Q,江西省,九江,共青城市,泽泉乡长塘村
906,https://mp.weixin.qq.com/s/yyeefgne4StL6ZH9mRh80Q,江西省,九江,彭泽县,马当镇湖西村
907,https://mp.weixin.qq.com/s/yyeefgne4StL6ZH9mRh80Q,江西省,宜春,丰城市,铁路镇胥家村
908,https://mp.weixin.qq.com/s/yyeefgne4StL6ZH9mRh80Q,江西省,宜春,丰城市,河州街道富竹社区
909,https://mp.weixin.qq.com/s/yyeefgne4StL6ZH9mRh80Q,江西省,宜春,铜鼓县,永宁镇西湖村
910,https://mp.weixin.qq.com/s/yyeefgne4StL6ZH9mRh80Q,江西省,赣州,章贡区,西桥路
911,https://mp.weixin.qq.com/s/yyeefgne4StL6ZH9mRh80Q,江西省,赣州,大余县,南安镇
912,https://mp.weixin.qq.com/s/yyeefgne4StL6ZH9mRh80Q,江西省,抚州,黎川县,日峰镇人民路
913,https://mp.weixin.qq.com/s/yyeefgne4StL6ZH9mRh80Q,江西省,鹰潭,贵溪市,东门街道御水苑
914,https://mp.weixin.qq.com/s/z1mVzAvyEoNiS2s0jsIgQw,广东省,广州,天河区,富源大厦
915,https://mp.weixin.qq.com/s/z1mVzAvyEoNiS2s0jsIgQw,广东省,江门,恩平市,恩城街道凤山社区凤山路
916,https://mp.weixin.qq.com/s/z1mVzAvyEoNiS2s0jsIgQw,广东省,江门,恩平市,南堤西路华侨中学
917,https://mp.weixin.qq.com/s/z1mVzAvyEoNiS2s0jsIgQw,广东省,江门,恩平市,凤山市场
918,https://mp.weixin.qq.com/s/z1mVzAvyEoNiS2s0jsIgQw,广东省,江门,恩平市,御景湾路段年宵花市
919,https://mp.weixin.qq.com/s/z1mVzAvyEoNiS2s0jsIgQw,广东省,江门,恩平市,河南邮政银行
920,https://mp.weixin.qq.com/s/z1mVzAvyEoNiS2s0jsIgQw,广东省,江门,恩平市,南堤西路侨中路段长堤
921,https://mp.weixin.qq.com/s/z1mVzAvyEoNiS2s0jsIgQw,广东省,江门,恩平市,凤山路市场附近百灵东街
922,https://mp.weixin.qq.com/s/z1mVzAvyEoNiS2s0jsIgQw,广东省,江门,恩平市,飞腾宾馆
923,https://mp.weixin.qq.com/s/zOGzJVviegMaLRE8tuiLRw,辽宁省,鞍山,岫岩满族自治县,牧牛镇大古木峪村
924,https://mp.weixin.qq.com/s/zOGzJVviegMaLRE8tuiLRw,辽宁省,鞍山,岫岩满族自治县,牌楼镇
925,https://weibo.com/7129811001/IrH6peQ3d?from=page_1002067129811001_profile&wvr=6&mod=weibotime&type=comment#_rnd1581676880432,陕西省,西安,高陵区,高陵区鹿鸣西路飘雪理发店
926,https://weibo.com/7129811001/IssWHlJzw?from=page_1002067129811001_profile&wvr=6&mod=weibotime&type=comment,陕西省,西安,未央区,扬善路汉城商业街6号福禧酒楼
927,https://weibo.com/7129811001/ItKAzr93p?from=page_1002067129811001_profile&wvr=6&mod=weibotime&type=comment#_rnd1581676145115,陕西省,西安,高陵区,龙发时代广场
928,https://weibo.com/7129811001/ItKAzr93p?from=page_1002067129811001_profile&wvr=6&mod=weibotime&type=comment#_rnd1581676145115,陕西省,西安,高陵区,北环城路好家浴池
929,http://wjw.shanxi.gov.cn/wjywl02/24757.hrh,山西省,晋中,平遥县,香乐乡香乐村
930,http://wjw.shanxi.gov.cn/wjywl02/24757.hrh,山西省,晋中,平遥县,香乐村万福隆超市
931,http://wjw.shanxi.gov.cn/wjywl02/24757.hrh,山西省,临汾,吉县,荣辰佳苑
932,http://wjw.shanxi.gov.cn/wjywl02/24757.hrh,山西省,阳泉,盂县,秀水镇路洞社区（红楼干休所）
933,http://wjw.shanxi.gov.cn/wjywl02/24774.hrh,山西省,大同,平城区,交通苑
934,http://wjw.shanxi.gov.cn/wjywl02/24774.hrh,山西省,晋中,平遥县,杜家庄乡苏家堡村
935,http://wjw.shanxi.gov.cn/wjywl02/24774.hrh,山西省,忻州,五台县,茹村乡陡咀村
936,https://mp.weixin.qq.com/s/UD8VFba4oRx4LLJm3cX7zw,辽宁省,沈阳,大东区,津桥路巨无霸餐厅大厅
937,https://mp.weixin.qq.com/s/UD8VFba4oRx4LLJm3cX7zw,辽宁省,沈阳,大东区,金融中心私人订制KTV
938,https://mp.weixin.qq.com/s/UD8VFba4oRx4LLJm3cX7zw,辽宁省,沈阳,大东区,阿里郎大酒店包房
939,https://mp.weixin.qq.com/s/UD8VFba4oRx4LLJm3cX7zw,辽宁省,丹东,宽甸满族自治县,成大方圆药店
940,https://mp.weixin.qq.com/s/UD8VFba4oRx4LLJm3cX7zw,辽宁省,丹东,宽甸满族自治县,家和一百超市
941,https://mp.weixin.qq.com/s/UD8VFba4oRx4LLJm3cX7zw,辽宁省,丹东,宽甸满族自治县,木木秀不夜城店
942,https://mp.weixin.qq.com/s/UD8VFba4oRx4LLJm3cX7zw,辽宁省,丹东,振兴区,新安东阁宾馆
943,https://mp.weixin.qq.com/s/UD8VFba4oRx4LLJm3cX7zw,辽宁省,丹东,振安区,太平湾
944,https://mp.weixin.qq.com/s/UD8VFba4oRx4LLJm3cX7zw,辽宁省,葫芦岛,连山区,玉皇商城奈斯儿童世界
945,https://mp.weixin.qq.com/s/UD8VFba4oRx4LLJm3cX7zw,辽宁省,葫芦岛,连山区,振武贵宾楼
946,https://mp.weixin.qq.com/s/UD8VFba4oRx4LLJm3cX7zw,辽宁省,葫芦岛,连山区,莲花三村
947,https://mp.weixin.qq.com/s/UD8VFba4oRx4LLJm3cX7zw,辽宁省,葫芦岛,连山区,玉皇商城小商品城
948,https://mp.weixin.qq.com/s/UD8VFba4oRx4LLJm3cX7zw,辽宁省,葫芦岛,连山区,“又见炊烟”饭店
949,https://mp.weixin.qq.com/s/UD8VFba4oRx4LLJm3cX7zw,辽宁省,葫芦岛,连山区,大润发超市
950,https://mp.weixin.qq.com/s/UD8VFba4oRx4LLJm3cX7zw,辽宁省,葫芦岛,连山区,张三疯煎饼店
951,https://mp.weixin.qq.com/s/UD8VFba4oRx4LLJm3cX7zw,辽宁省,葫芦岛,连山区,飞天广场茶炯奶茶店
952,https://mp.weixin.qq.com/s/UD8VFba4oRx4LLJm3cX7zw,辽宁省,葫芦岛,连山区,莲花三村葫芦岛大药房
953,https://mp.weixin.qq.com/s/UD8VFba4oRx4LLJm3cX7zw,辽宁省,葫芦岛,连山区,连山大街45-9A
954,https://mp.weixin.qq.com/s/UD8VFba4oRx4LLJm3cX7zw,辽宁省,葫芦岛,龙港区,人民康泰药店（新基地站点店）
955,https://mp.weixin.qq.com/s/UD8VFba4oRx4LLJm3cX7zw,辽宁省,铁岭,西丰县,金溪汇汤泉
956,https://mp.weixin.qq.com/s/UD8VFba4oRx4LLJm3cX7zw,辽宁省,铁岭,调兵山,新区三区永乐汇
957,https://mp.weixin.qq.com/s/UD8VFba4oRx4LLJm3cX7zw,辽宁省,锦州,凌河区,元都酒店
958,https://mp.weixin.qq.com/s/UD8VFba4oRx4LLJm3cX7zw,辽宁省,锦州,凌河区,玉泉宫附中南门店洗浴
959,https://mp.weixin.qq.com/s/UD8VFba4oRx4LLJm3cX7zw,辽宁省,锦州,义县,头道河镇头道河村
960,https://mp.weixin.qq.com/s/UD8VFba4oRx4LLJm3cX7zw,辽宁省,锦州,义县,刘龙台镇全善堡村王家屯
961,https://mp.weixin.qq.com/s/UD8VFba4oRx4LLJm3cX7zw,辽宁省,锦州,古塔区,御烧烤
962,https://mp.weixin.qq.com/s/UD8VFba4oRx4LLJm3cX7zw,辽宁省,营口,老边区,恒大绿洲小区
963,https://mp.weixin.qq.com/s/UD8VFba4oRx4LLJm3cX7zw,辽宁省,营口,西市区,富安园小区
964,https://mp.weixin.qq.com/s/UD8VFba4oRx4LLJm3cX7zw,辽宁省,本溪,平山区,万达广场
965,https://mp.weixin.qq.com/s/uiBhG5cbibkaO3D2wSMrzA,广东省,中山,石岐区,上海城
966,https://mp.weixin.qq.com/s/uiBhG5cbibkaO3D2wSMrzA,广东省,中山,石岐区,中海锦城
967,https://mp.weixin.qq.com/s/uiBhG5cbibkaO3D2wSMrzA,广东省,中山,阜沙镇,丰联村祥和街
968,https://mp.weixin.qq.com/s/UK7n7JRT9q4Qmmq0nVa7Yw,江苏省,徐州,睢宁县,宁海学校附近过桥米线店
969,https://mp.weixin.qq.com/s/UK7n7JRT9q4Qmmq0nVa7Yw,江苏省,徐州,睢宁县,太平洋东面“好想来”零食店
970,https://mp.weixin.qq.com/s/UK7n7JRT9q4Qmmq0nVa7Yw,江苏省,徐州,睢宁县,户大姐土豆粉（万宁店）
971,https://mp.weixin.qq.com/s/UK7n7JRT9q4Qmmq0nVa7Yw,江苏省,徐州,睢宁县,东北小区
972,https://mp.weixin.qq.com/s/UK7n7JRT9q4Qmmq0nVa7Yw,江苏省,徐州,睢宁县,睢城镇睢城街道红旗小区
973,https://mp.weixin.qq.com/s/UK7n7JRT9q4Qmmq0nVa7Yw,江苏省,徐州,睢宁县,睢城镇龙城国际
974,https://mp.weixin.qq.com/s/UK7n7JRT9q4Qmmq0nVa7Yw,江苏省,徐州,丰县,华山镇邢桥村郭楼王庄
