,省份,城市,数据来源,网址
0,广东省,肇庆,健康肇庆,https://mp.weixin.qq.com/s/HTsNM1zxEAx3IqoF1uYnYA
1,广东省,肇庆,健康肇庆,https://mp.weixin.qq.com/s/HTsNM1zxEAx3IqoF1uYnYA
2,广东省,肇庆,健康肇庆,https://mp.weixin.qq.com/s/HTsNM1zxEAx3IqoF1uYnYA
3,广东省,肇庆,健康肇庆,https://mp.weixin.qq.com/s/HTsNM1zxEAx3IqoF1uYnYA
4,广东省,肇庆,健康肇庆,https://mp.weixin.qq.com/s/HTsNM1zxEAx3IqoF1uYnYA
5,广东省,肇庆,健康肇庆,https://mp.weixin.qq.com/s/HTsNM1zxEAx3IqoF1uYnYA
6,广东省,肇庆,健康肇庆,https://mp.weixin.qq.com/s/HTsNM1zxEAx3IqoF1uYnYA
7,江西省,南昌,南昌市卫生健康委员会,http://hc.nc.gov.cn/ncwjw/gzdt/202002/b5cf89720dbf4968850892328059db4c.shtml
8,江西省,南昌,南昌市卫生健康委员会,http://hc.nc.gov.cn/ncwjw/gzdt/202002/b5cf89720dbf4968850892328059db4c.shtml
9,江西省,南昌,南昌市卫生健康委员会,http://hc.nc.gov.cn/ncwjw/gzdt/202002/b5cf89720dbf4968850892328059db4c.shtml
10,江西省,南昌,南昌市卫生健康委员会,http://hc.nc.gov.cn/ncwjw/gzdt/202002/b5cf89720dbf4968850892328059db4c.shtml
11,江西省,南昌,南昌市卫生健康委员会,http://hc.nc.gov.cn/ncwjw/gzdt/202002/b5cf89720dbf4968850892328059db4c.shtml
12,江西省,南昌,南昌市卫生健康委员会,http://hc.nc.gov.cn/ncwjw/gzdt/202002/b5cf89720dbf4968850892328059db4c.shtml
13,江西省,南昌,南昌市卫生健康委员会,http://hc.nc.gov.cn/ncwjw/gzdt/202002/b5cf89720dbf4968850892328059db4c.shtml
14,江西省,南昌,南昌市卫生健康委员会,http://hc.nc.gov.cn/ncwjw/gzdt/202002/b5cf89720dbf4968850892328059db4c.shtml
15,江西省,南昌,南昌市卫生健康委员会,http://hc.nc.gov.cn/ncwjw/gzdt/202002/b5cf89720dbf4968850892328059db4c.shtml
16,江西省,南昌,南昌市卫生健康委员会,http://hc.nc.gov.cn/ncwjw/gzdt/202002/b5cf89720dbf4968850892328059db4c.shtml
17,江西省,南昌,南昌市卫生健康委员会,http://hc.nc.gov.cn/ncwjw/gzdt/202002/b5cf89720dbf4968850892328059db4c.shtml
18,江西省,南昌,南昌市卫生健康委员会,http://hc.nc.gov.cn/ncwjw/gzdt/202002/b5cf89720dbf4968850892328059db4c.shtml
19,江西省,南昌,南昌市卫生健康委员会,http://hc.nc.gov.cn/ncwjw/gzdt/202002/b5cf89720dbf4968850892328059db4c.shtml
20,江西省,南昌,南昌市卫生健康委员会,http://hc.nc.gov.cn/ncwjw/gzdt/202002/b5cf89720dbf4968850892328059db4c.shtml
21,江西省,南昌,南昌市卫生健康委员会,http://hc.nc.gov.cn/ncwjw/gzdt/202002/b5cf89720dbf4968850892328059db4c.shtml
22,江西省,南昌,南昌市卫生健康委员会,http://hc.nc.gov.cn/ncwjw/gzdt/202002/b5cf89720dbf4968850892328059db4c.shtml
23,江西省,南昌,南昌市卫生健康委员会,http://hc.nc.gov.cn/ncwjw/gzdt/202002/b5cf89720dbf4968850892328059db4c.shtml
24,江西省,南昌,南昌市卫生健康委员会,http://hc.nc.gov.cn/ncwjw/gzdt/202002/b5cf89720dbf4968850892328059db4c.shtml
25,江西省,南昌,南昌市卫生健康委员会,http://hc.nc.gov.cn/ncwjw/gzdt/202002/b5cf89720dbf4968850892328059db4c.shtml
26,江西省,南昌,南昌市卫生健康委员会,http://hc.nc.gov.cn/ncwjw/gzdt/202002/b5cf89720dbf4968850892328059db4c.shtml
27,江西省,南昌,南昌市卫生健康委员会,http://hc.nc.gov.cn/ncwjw/gzdt/202002/b5cf89720dbf4968850892328059db4c.shtml
28,江西省,南昌,南昌市卫生健康委员会,http://hc.nc.gov.cn/ncwjw/gzdt/202002/b5cf89720dbf4968850892328059db4c.shtml
29,江西省,南昌,南昌市卫生健康委员会,http://hc.nc.gov.cn/ncwjw/gzdt/202002/b5cf89720dbf4968850892328059db4c.shtml
30,江西省,南昌,南昌市卫生健康委员会,http://hc.nc.gov.cn/ncwjw/gzdt/202002/b5cf89720dbf4968850892328059db4c.shtml
31,江西省,南昌,南昌市卫生健康委员会,http://hc.nc.gov.cn/ncwjw/gzdt/202002/b5cf89720dbf4968850892328059db4c.shtml
32,江西省,南昌,南昌市卫生健康委员会,http://hc.nc.gov.cn/ncwjw/gzdt/202002/b5cf89720dbf4968850892328059db4c.shtml
33,江西省,南昌,南昌市卫生健康委员会,http://hc.nc.gov.cn/ncwjw/gzdt/202002/b5cf89720dbf4968850892328059db4c.shtml
34,江西省,南昌,南昌市卫生健康委员会,http://hc.nc.gov.cn/ncwjw/gzdt/202002/b5cf89720dbf4968850892328059db4c.shtml
35,江西省,南昌,南昌市卫生健康委员会,http://hc.nc.gov.cn/ncwjw/gzdt/202002/b5cf89720dbf4968850892328059db4c.shtml
36,江西省,南昌,南昌市卫生健康委员会,http://hc.nc.gov.cn/ncwjw/gzdt/202002/b5cf89720dbf4968850892328059db4c.shtml
37,江西省,南昌,南昌市卫生健康委员会,http://hc.nc.gov.cn/ncwjw/gzdt/202002/b5cf89720dbf4968850892328059db4c.shtml
38,江西省,南昌,南昌市卫生健康委员会,http://hc.nc.gov.cn/ncwjw/gzdt/202002/b5cf89720dbf4968850892328059db4c.shtml
39,江西省,南昌,南昌市卫生健康委员会,http://hc.nc.gov.cn/ncwjw/gzdt/202002/b5cf89720dbf4968850892328059db4c.shtml
40,江西省,南昌,南昌市卫生健康委员会,http://hc.nc.gov.cn/ncwjw/gzdt/202002/b5cf89720dbf4968850892328059db4c.shtml
41,江西省,南昌,南昌市卫生健康委员会,http://hc.nc.gov.cn/ncwjw/gzdt/202002/b5cf89720dbf4968850892328059db4c.shtml
42,江西省,南昌,南昌市卫生健康委员会,http://hc.nc.gov.cn/ncwjw/gzdt/202002/b5cf89720dbf4968850892328059db4c.shtml
43,江西省,南昌,南昌市卫生健康委员会,http://hc.nc.gov.cn/ncwjw/gzdt/202002/b5cf89720dbf4968850892328059db4c.shtml
44,江西省,南昌,南昌市卫生健康委员会,http://hc.nc.gov.cn/ncwjw/gzdt/202002/b5cf89720dbf4968850892328059db4c.shtml
45,江西省,南昌,南昌市卫生健康委员会,http://hc.nc.gov.cn/ncwjw/gzdt/202002/b5cf89720dbf4968850892328059db4c.shtml
46,江西省,南昌,南昌市卫生健康委员会,http://hc.nc.gov.cn/ncwjw/gzdt/202002/b5cf89720dbf4968850892328059db4c.shtml
47,江西省,南昌,南昌市卫生健康委员会,http://hc.nc.gov.cn/ncwjw/gzdt/202002/b5cf89720dbf4968850892328059db4c.shtml
48,江西省,南昌,南昌市卫生健康委员会,http://hc.nc.gov.cn/ncwjw/gzdt/202002/b5cf89720dbf4968850892328059db4c.shtml
49,江西省,南昌,南昌市卫生健康委员会,http://hc.nc.gov.cn/ncwjw/gzdt/202002/b5cf89720dbf4968850892328059db4c.shtml
50,江西省,南昌,南昌市卫生健康委员会,http://hc.nc.gov.cn/ncwjw/gzdt/202002/b5cf89720dbf4968850892328059db4c.shtml
51,江西省,南昌,南昌市卫生健康委员会,http://hc.nc.gov.cn/ncwjw/gzdt/202002/b5cf89720dbf4968850892328059db4c.shtml
52,江西省,南昌,南昌市卫生健康委员会,http://hc.nc.gov.cn/ncwjw/gzdt/202002/b5cf89720dbf4968850892328059db4c.shtml
53,江西省,南昌,南昌市卫生健康委员会,http://hc.nc.gov.cn/ncwjw/gzdt/202002/b5cf89720dbf4968850892328059db4c.shtml
54,江西省,南昌,南昌市卫生健康委员会,http://hc.nc.gov.cn/ncwjw/gzdt/202002/b5cf89720dbf4968850892328059db4c.shtml
55,江西省,南昌,南昌市卫生健康委员会,http://hc.nc.gov.cn/ncwjw/gzdt/202002/b5cf89720dbf4968850892328059db4c.shtml
56,江西省,南昌,南昌市卫生健康委员会,http://hc.nc.gov.cn/ncwjw/gzdt/202002/b5cf89720dbf4968850892328059db4c.shtml
57,江西省,南昌,南昌市卫生健康委员会,http://hc.nc.gov.cn/ncwjw/gzdt/202002/b5cf89720dbf4968850892328059db4c.shtml
58,江西省,南昌,南昌市卫生健康委员会,http://hc.nc.gov.cn/ncwjw/gzdt/202002/b5cf89720dbf4968850892328059db4c.shtml
59,江西省,南昌,南昌市卫生健康委员会,http://hc.nc.gov.cn/ncwjw/gzdt/202002/b5cf89720dbf4968850892328059db4c.shtml
60,江西省,南昌,南昌市卫生健康委员会,http://hc.nc.gov.cn/ncwjw/gzdt/202002/b5cf89720dbf4968850892328059db4c.shtml
61,江苏省,淮安,bendibao.com,http://m.ha.bendibao.com/mip/1636.shtm
62,江苏省,淮安,bendibao.com,http://m.ha.bendibao.com/mip/1636.shtm
63,广东省,广州,2月8日广西新增确诊病例12例 新增死亡病例1例,http://news.gxnews.com.cn/staticpages/20200209/newgx5e3f4bbc-19247534-3.shtml
64,陕西省,西安,xiancity.cn,http://o.xiancity.cn/system/2020/02/09/030713354.shtml
65,陕西省,西安,西安高新区一名患者被确定为新冠肺炎 急寻密切接触者,http://sn.ifeng.com/a/20200209/8181674_0.shtml
66,陕西省,西安,shaanxi.gov.cn,http://sxwjw.shaanxi.gov.cn/art/2020/2/13/art_9_67993.html
67,陕西省,西安,shaanxi.gov.cn,http://sxwjw.shaanxi.gov.cn/art/2020/2/3/art_9_67666.html
68,辽宁省,沈阳,bendibao.com,http://sy.bendibao.com/news/202023/55857.shtm
69,广东省,广州,gz.gov.cn,http://wjw.gz.gov.cn/ztzl/xxfyyqfk/yqtb/content/post_5648584.html
70,广东省,广州,gz.gov.cn,http://wjw.gz.gov.cn/ztzl/xxfyyqfk/yqtb/content/post_5662091.html
71,广东省,广州,gz.gov.cn,http://wjw.gz.gov.cn/ztzl/xxfyyqfk/yqtb/content/post_5662091.html
72,广东省,广州,gz.gov.cn,http://wjw.gz.gov.cn/ztzl/xxfyyqfk/yqtb/content/post_5662091.html
73,内蒙古省,呼和浩特,nmg.gov.cn,http://wjw.nmg.gov.cn/doc/2020/02/01/286091.shtml
74,内蒙古省,呼和浩特,nmg.gov.cn,http://wjw.nmg.gov.cn/doc/2020/02/01/286091.shtml
75,内蒙古省,鄂尔多斯,nmg.gov.cn,http://wjw.nmg.gov.cn/doc/2020/02/02/286191.shtml
76,内蒙古省,鄂尔多斯,nmg.gov.cn,http://wjw.nmg.gov.cn/doc/2020/02/02/286191.shtml
77,内蒙古省,鄂尔多斯,nmg.gov.cn,http://wjw.nmg.gov.cn/doc/2020/02/02/286191.shtml
78,内蒙古省,通辽,nmg.gov.cn,http://wjw.nmg.gov.cn/doc/2020/02/09/291226.shtml
79,内蒙古省,通辽,nmg.gov.cn,http://wjw.nmg.gov.cn/doc/2020/02/09/291226.shtml
80,内蒙古省,通辽,nmg.gov.cn,http://wjw.nmg.gov.cn/doc/2020/02/09/291226.shtml
81,内蒙古省,通辽,nmg.gov.cn,http://wjw.nmg.gov.cn/doc/2020/02/09/291226.shtml
82,广东省,深圳,sz.gov.cn,http://wjw.sz.gov.cn/yqxx/202002/t20200209_19006168.htm
83,山西省,长治,第31号通告 太原市新型冠状病毒感染的肺炎疫情防控工作领导小组办公室通告,http://wjw.taiyuan.gov.cn/doc/2020/02/07/955867.shtml
84,山西省,太原,第31号通告 太原市新型冠状病毒感染的肺炎疫情防控工作领导小组办公室通告,http://wjw.taiyuan.gov.cn/doc/2020/02/07/955867.shtml
85,山西省,太原,第31号通告 太原市新型冠状病毒感染的肺炎疫情防控工作领导小组办公室通告,http://wjw.taiyuan.gov.cn/doc/2020/02/07/955867.shtml
86,山西省,太原,第31号通告 太原市新型冠状病毒感染的肺炎疫情防控工作领导小组办公室通告,http://wjw.taiyuan.gov.cn/doc/2020/02/07/955867.shtml
87,山西省,太原,第31号通告 太原市新型冠状病毒感染的肺炎疫情防控工作领导小组办公室通告,http://wjw.taiyuan.gov.cn/doc/2020/02/07/955867.shtml
88,山西省,太原,第31号通告 太原市新型冠状病毒感染的肺炎疫情防控工作领导小组办公室通告,http://wjw.taiyuan.gov.cn/doc/2020/02/07/955867.shtml
89,山西省,太原,第31号通告 太原市新型冠状病毒感染的肺炎疫情防控工作领导小组办公室通告,http://wjw.taiyuan.gov.cn/doc/2020/02/07/955867.shtml
90,山西省,太原,第31号通告 太原市新型冠状病毒感染的肺炎疫情防控工作领导小组办公室通告,http://wjw.taiyuan.gov.cn/doc/2020/02/07/955867.shtml
91,山西省,太原,第31号通告 太原市新型冠状病毒感染的肺炎疫情防控工作领导小组办公室通告,http://wjw.taiyuan.gov.cn/doc/2020/02/07/955867.shtml
92,山西省,太原,第32号通告 太原市新型冠状病毒感染的肺炎疫情防控工作领导小组办公室通告,http://wjw.taiyuan.gov.cn/doc/2020/02/08/955916.shtml
93,上海市,上海,sh.gov.cn,http://wsjkw.sh.gov.cn/xwfb/20200208/f3882592b1144b558a13a5a9c4ac4a9f.html
94,宁夏省,吴忠,wuzhong.gov.cn,http://www.wuzhong.gov.cn/ztzl/ztlb/kjyq/202001/t20200130_1936123.html
95,广东省,惠州,hznews.com,http://wx.hznews.com/data/hzby_2019-nCoV/index_bl.php
96,辽宁省,沈阳,Baidu,https://baijiahao.baidu.com/s?id=1657795127584927321&wfr=spider&for=pc
97,辽宁省,沈阳,Baidu,https://baijiahao.baidu.com/s?id=1657795127584927321&wfr=spider&for=pc
98,辽宁省,沈阳,Baidu,https://baijiahao.baidu.com/s?id=1657795127584927321&wfr=spider&for=pc
99,辽宁省,沈阳,Baidu,https://baijiahao.baidu.com/s?id=1657795127584927321&wfr=spider&for=pc
100,辽宁省,沈阳,Baidu,https://baijiahao.baidu.com/s?id=1657795127584927321&wfr=spider&for=pc
101,辽宁省,沈阳,Baidu,https://baijiahao.baidu.com/s?id=1657795127584927321&wfr=spider&for=pc
102,内蒙古省,锡林郭勒盟,Baidu,https://baijiahao.baidu.com/s?id=1658403541897422656&wfr=spider&for=pc
103,广东省,江门,南方都市报 • 南都江门,https://m.mp.oeeee.com/a/BAAFRD000020200203257514.html?layer=4&share=chat&isndappinstalled=12
104,广东省,广州,南方都市报 • 南都江门,https://m.mp.oeeee.com/a/BAAFRD000020200212262511.html
105,陕西省,西安,新浪陕西,https://m.weibo.cn/2162541102/4469831778965414
106,陕西省,商洛,新浪陕西,https://m.weibo.cn/2162541102/4469831778965414
107,陕西省,西安,西安发布,https://m.weibo.cn/3757167087/4469821893163355
108,陕西省,西安,西安发布,https://m.weibo.cn/3757167087/4469821893163355
109,陕西省,西安,西安发布,https://m.weibo.cn/3757167087/4469821893163355
110,陕西省,西安,西安发布,https://m.weibo.cn/3757167087/4469821893163355
111,陕西省,西安,西安发布,https://m.weibo.cn/3757167087/4471457452715962
112,陕西省,西安,西安发布,https://m.weibo.cn/3757167087/4471458430201395
113,陕西省,西安,西安发布,https://m.weibo.cn/3757167087/4471458430201395
114,山西省,运城,山西青年报,https://m.weibo.cn/detail/4468614512282405
115,广东省,中山,中山发布,https://mp.weixin.qq.com/s/03w_HdZGypbtAG33jikquw
116,广东省,中山,中山发布,https://mp.weixin.qq.com/s/0xihh12dgBBxbfozR6fnNg
117,辽宁省,沈阳,辽沈晚报,https://mp.weixin.qq.com/s/0zzx4G3oUPQmzNk6JTTUzQ
118,辽宁省,葫芦岛,辽沈晚报,https://mp.weixin.qq.com/s/0zzx4G3oUPQmzNk6JTTUzQ
119,辽宁省,朝阳,辽沈晚报,https://mp.weixin.qq.com/s/0zzx4G3oUPQmzNk6JTTUzQ
120,辽宁省,朝阳,辽沈晚报,https://mp.weixin.qq.com/s/0zzx4G3oUPQmzNk6JTTUzQ
121,陕西省,咸阳,咸阳发布,https://mp.weixin.qq.com/s/15bQoiHzj8ABrnySvnEtQA
122,陕西省,咸阳,咸阳发布,https://mp.weixin.qq.com/s/15bQoiHzj8ABrnySvnEtQA
123,陕西省,咸阳,咸阳发布,https://mp.weixin.qq.com/s/15bQoiHzj8ABrnySvnEtQA
124,陕西省,咸阳,咸阳发布,https://mp.weixin.qq.com/s/15bQoiHzj8ABrnySvnEtQA
125,陕西省,咸阳,咸阳发布,https://mp.weixin.qq.com/s/15bQoiHzj8ABrnySvnEtQA
126,宁夏省,银川,银川晚报,https://mp.weixin.qq.com/s/16ICfUi-Z2UMbbckkm0Xpw
127,宁夏省,银川,银川晚报,https://mp.weixin.qq.com/s/16ICfUi-Z2UMbbckkm0Xpw
128,宁夏省,银川,银川晚报,https://mp.weixin.qq.com/s/16ICfUi-Z2UMbbckkm0Xpw
129,宁夏省,银川,银川晚报,https://mp.weixin.qq.com/s/16ICfUi-Z2UMbbckkm0Xpw
130,宁夏省,银川,银川晚报,https://mp.weixin.qq.com/s/16ICfUi-Z2UMbbckkm0Xpw
131,宁夏省,银川,银川晚报,https://mp.weixin.qq.com/s/16ICfUi-Z2UMbbckkm0Xpw
132,宁夏省,银川,银川晚报,https://mp.weixin.qq.com/s/16ICfUi-Z2UMbbckkm0Xpw
133,宁夏省,银川,银川晚报,https://mp.weixin.qq.com/s/16ICfUi-Z2UMbbckkm0Xpw
134,宁夏省,银川,银川晚报,https://mp.weixin.qq.com/s/16ICfUi-Z2UMbbckkm0Xpw
135,宁夏省,银川,银川晚报,https://mp.weixin.qq.com/s/16ICfUi-Z2UMbbckkm0Xpw
136,宁夏省,银川,银川晚报,https://mp.weixin.qq.com/s/16ICfUi-Z2UMbbckkm0Xpw
137,宁夏省,中卫,银川晚报,https://mp.weixin.qq.com/s/16ICfUi-Z2UMbbckkm0Xpw
138,江苏省,宿迁,宿迁之声,https://mp.weixin.qq.com/s/1gv6bdr4kVBq4nUYOMqJHg
139,江苏省,宿迁,宿迁之声,https://mp.weixin.qq.com/s/1gv6bdr4kVBq4nUYOMqJHg
140,上海市,上海,上海发布,https://mp.weixin.qq.com/s/1l-RCQ_OfAMhOZZSmo2sDw
141,上海市,上海,上海发布,https://mp.weixin.qq.com/s/1l-RCQ_OfAMhOZZSmo2sDw
142,上海市,上海,上海发布,https://mp.weixin.qq.com/s/1l-RCQ_OfAMhOZZSmo2sDw
143,上海市,上海,上海发布,https://mp.weixin.qq.com/s/1l-RCQ_OfAMhOZZSmo2sDw
144,上海市,上海,上海发布,https://mp.weixin.qq.com/s/1l-RCQ_OfAMhOZZSmo2sDw
145,上海市,上海,上海发布,https://mp.weixin.qq.com/s/1l-RCQ_OfAMhOZZSmo2sDw
146,上海市,上海,上海发布,https://mp.weixin.qq.com/s/1l-RCQ_OfAMhOZZSmo2sDw
147,上海市,上海,上海发布,https://mp.weixin.qq.com/s/1l-RCQ_OfAMhOZZSmo2sDw
148,上海市,上海,上海发布,https://mp.weixin.qq.com/s/1l-RCQ_OfAMhOZZSmo2sDw
149,上海市,上海,上海发布,https://mp.weixin.qq.com/s/1l-RCQ_OfAMhOZZSmo2sDw
150,上海市,上海,上海发布,https://mp.weixin.qq.com/s/1l-RCQ_OfAMhOZZSmo2sDw
151,陕西省,西安,渭南发布,https://mp.weixin.qq.com/s/21pwvOkvunpCGf0F8UGsKQ
152,广东省,广州,广州卫健委,https://mp.weixin.qq.com/s/22zfhtcc5aqqWpt0anCVOQ
153,广东省,广州,广州卫健委,https://mp.weixin.qq.com/s/22zfhtcc5aqqWpt0anCVOQ
154,广东省,广州,广州卫健委,https://mp.weixin.qq.com/s/22zfhtcc5aqqWpt0anCVOQ
155,广东省,广州,广州卫健委,https://mp.weixin.qq.com/s/22zfhtcc5aqqWpt0anCVOQ
156,广东省,广州,广州卫健委,https://mp.weixin.qq.com/s/22zfhtcc5aqqWpt0anCVOQ
157,山西省,忻州,山西发布,https://mp.weixin.qq.com/s/23fOSN0X3dT99e22m34Few
158,广东省,东莞,东莞市卫生健康局,https://mp.weixin.qq.com/s/2COYPOACgINLbVZGLJ20pw
159,广东省,梅州,梅州日报,https://mp.weixin.qq.com/s/2HRalKs46VxIkbLMBBGbCA
160,广东省,梅州,梅州日报,https://mp.weixin.qq.com/s/2HRalKs46VxIkbLMBBGbCA
161,江苏省,连云港,连云港发布,https://mp.weixin.qq.com/s/2J9_3bKsljNLeVmFqY4rxQ
162,江苏省,连云港,连云港发布,https://mp.weixin.qq.com/s/2J9_3bKsljNLeVmFqY4rxQ
163,江苏省,连云港,连云港发布,https://mp.weixin.qq.com/s/2J9_3bKsljNLeVmFqY4rxQ
164,江苏省,连云港,连云港发布,https://mp.weixin.qq.com/s/2J9_3bKsljNLeVmFqY4rxQ
165,江苏省,连云港,连云港发布,https://mp.weixin.qq.com/s/2J9_3bKsljNLeVmFqY4rxQ
166,江苏省,连云港,连云港发布,https://mp.weixin.qq.com/s/2J9_3bKsljNLeVmFqY4rxQ
167,江苏省,连云港,连云港发布,https://mp.weixin.qq.com/s/2J9_3bKsljNLeVmFqY4rxQ
168,江苏省,连云港,连云港发布,https://mp.weixin.qq.com/s/2J9_3bKsljNLeVmFqY4rxQ
169,江苏省,连云港,连云港发布,https://mp.weixin.qq.com/s/2J9_3bKsljNLeVmFqY4rxQ
170,江苏省,连云港,连云港发布,https://mp.weixin.qq.com/s/2J9_3bKsljNLeVmFqY4rxQ
171,江苏省,连云港,连云港发布,https://mp.weixin.qq.com/s/2J9_3bKsljNLeVmFqY4rxQ
172,江苏省,连云港,连云港发布,https://mp.weixin.qq.com/s/2J9_3bKsljNLeVmFqY4rxQ
173,江苏省,连云港,连云港发布,https://mp.weixin.qq.com/s/2J9_3bKsljNLeVmFqY4rxQ
174,江苏省,连云港,连云港发布,https://mp.weixin.qq.com/s/2J9_3bKsljNLeVmFqY4rxQ
175,江苏省,连云港,连云港发布,https://mp.weixin.qq.com/s/2J9_3bKsljNLeVmFqY4rxQ
176,江苏省,连云港,连云港发布,https://mp.weixin.qq.com/s/2J9_3bKsljNLeVmFqY4rxQ
177,江苏省,连云港,连云港发布,https://mp.weixin.qq.com/s/2J9_3bKsljNLeVmFqY4rxQ
178,广东省,深圳,深圳卫健委,https://mp.weixin.qq.com/s/2ri05eGgAq5QHorGkz07sw
179,广东省,深圳,深圳卫健委,https://mp.weixin.qq.com/s/2ri05eGgAq5QHorGkz07sw
180,广东省,深圳,深圳卫健委,https://mp.weixin.qq.com/s/2ri05eGgAq5QHorGkz07sw
181,江西省,宜春,宜春发布,https://mp.weixin.qq.com/s/3_ru000m-BsCB3uAjbohAg
182,江西省,宜春,宜春发布,https://mp.weixin.qq.com/s/3_ru000m-BsCB3uAjbohAg
183,江西省,宜春,宜春发布,https://mp.weixin.qq.com/s/3_ru000m-BsCB3uAjbohAg
184,陕西省,西安,陕西发布,https://mp.weixin.qq.com/s/39apxV_xQLEu0MJ5ToE__g
185,陕西省,西安,陕西发布,https://mp.weixin.qq.com/s/39apxV_xQLEu0MJ5ToE__g
186,宁夏省,银川,银川晚报,https://mp.weixin.qq.com/s/3GBAMxcOz-brFl_7_soiXg
187,宁夏省,银川,银川晚报,https://mp.weixin.qq.com/s/3GBAMxcOz-brFl_7_soiXg
188,宁夏省,银川,银川晚报,https://mp.weixin.qq.com/s/3GBAMxcOz-brFl_7_soiXg
189,广东省,珠海,珠海发布,https://mp.weixin.qq.com/s/40KCQ1yZszq1b5OMNsRctg
190,广东省,珠海,珠海发布,https://mp.weixin.qq.com/s/40KCQ1yZszq1b5OMNsRctg
191,广东省,珠海,珠海发布,https://mp.weixin.qq.com/s/40KCQ1yZszq1b5OMNsRctg
192,广东省,汕头,汕头发布,https://mp.weixin.qq.com/s/4JrjMJc7lPDCFHXY3LFSeQ
193,广东省,梅州,健康梅州,https://mp.weixin.qq.com/s/4ofIalWCUGmYPNTPhiuiTg
194,广东省,梅州,健康梅州,https://mp.weixin.qq.com/s/4ofIalWCUGmYPNTPhiuiTg
195,广东省,梅州,健康梅州,https://mp.weixin.qq.com/s/4ofIalWCUGmYPNTPhiuiTg
196,广东省,梅州,健康梅州,https://mp.weixin.qq.com/s/4ofIalWCUGmYPNTPhiuiTg
197,广东省,梅州,健康梅州,https://mp.weixin.qq.com/s/4ofIalWCUGmYPNTPhiuiTg
198,广东省,梅州,健康梅州,https://mp.weixin.qq.com/s/4ofIalWCUGmYPNTPhiuiTg
199,上海市,上海,上海发布,https://mp.weixin.qq.com/s/53yB1QgwVerWm6riIRUV6A
200,上海市,上海,上海发布,https://mp.weixin.qq.com/s/53yB1QgwVerWm6riIRUV6A
201,上海市,上海,上海发布,https://mp.weixin.qq.com/s/53yB1QgwVerWm6riIRUV6A
202,上海市,上海,上海发布,https://mp.weixin.qq.com/s/53yB1QgwVerWm6riIRUV6A
203,上海市,上海,上海发布,https://mp.weixin.qq.com/s/53yB1QgwVerWm6riIRUV6A
204,上海市,上海,上海发布,https://mp.weixin.qq.com/s/53yB1QgwVerWm6riIRUV6A
205,上海市,上海,上海发布,https://mp.weixin.qq.com/s/53yB1QgwVerWm6riIRUV6A
206,上海市,上海,上海发布,https://mp.weixin.qq.com/s/53yB1QgwVerWm6riIRUV6A
207,上海市,上海,上海发布,https://mp.weixin.qq.com/s/53yB1QgwVerWm6riIRUV6A
208,上海市,上海,上海发布,https://mp.weixin.qq.com/s/53yB1QgwVerWm6riIRUV6A
209,上海市,上海,上海发布,https://mp.weixin.qq.com/s/53yB1QgwVerWm6riIRUV6A
210,上海市,上海,上海发布,https://mp.weixin.qq.com/s/53yB1QgwVerWm6riIRUV6A
211,广东省,阳江,阳春新闻,https://mp.weixin.qq.com/s/6j-iL-tu6pxdC8q8srFvdA
212,广东省,阳江,阳春新闻,https://mp.weixin.qq.com/s/6j-iL-tu6pxdC8q8srFvdA
213,宁夏省,吴忠,银川晚报,https://mp.weixin.qq.com/s/6QQRQ2p1q9OSHHa85dJvpA
214,广东省,东莞,东莞市卫生健康局,https://mp.weixin.qq.com/s/704BrIOuTkxkpuXdek9sXw
215,广东省,东莞,东莞市卫生健康局,https://mp.weixin.qq.com/s/704BrIOuTkxkpuXdek9sXw
216,广东省,深圳,深圳卫健委,https://mp.weixin.qq.com/s/7aB-WIhbkljfsaO6in6cIw
217,广东省,深圳,深圳卫健委,https://mp.weixin.qq.com/s/7aB-WIhbkljfsaO6in6cIw
218,广东省,深圳,深圳卫健委,https://mp.weixin.qq.com/s/7aB-WIhbkljfsaO6in6cIw
219,广东省,深圳,深圳卫健委,https://mp.weixin.qq.com/s/7aB-WIhbkljfsaO6in6cIw
220,广东省,深圳,深圳卫健委,https://mp.weixin.qq.com/s/7aB-WIhbkljfsaO6in6cIw
221,广东省,深圳,深圳卫健委,https://mp.weixin.qq.com/s/7aB-WIhbkljfsaO6in6cIw
222,广东省,深圳,深圳卫健委,https://mp.weixin.qq.com/s/7aB-WIhbkljfsaO6in6cIw
223,广东省,深圳,深圳卫健委,https://mp.weixin.qq.com/s/7aB-WIhbkljfsaO6in6cIw
224,上海市,上海,上海发布,https://mp.weixin.qq.com/s/7Odzuq-I-eqrHPwU9vEujQ
225,上海市,上海,上海发布,https://mp.weixin.qq.com/s/7Odzuq-I-eqrHPwU9vEujQ
226,上海市,上海,上海发布,https://mp.weixin.qq.com/s/7Odzuq-I-eqrHPwU9vEujQ
227,上海市,上海,上海发布,https://mp.weixin.qq.com/s/7Odzuq-I-eqrHPwU9vEujQ
228,上海市,上海,上海发布,https://mp.weixin.qq.com/s/7Odzuq-I-eqrHPwU9vEujQ
229,上海市,上海,上海发布,https://mp.weixin.qq.com/s/7Odzuq-I-eqrHPwU9vEujQ
230,上海市,上海,上海发布,https://mp.weixin.qq.com/s/7Odzuq-I-eqrHPwU9vEujQ
231,上海市,上海,上海发布,https://mp.weixin.qq.com/s/7Odzuq-I-eqrHPwU9vEujQ
232,上海市,上海,上海发布,https://mp.weixin.qq.com/s/7Odzuq-I-eqrHPwU9vEujQ
233,上海市,上海,上海发布,https://mp.weixin.qq.com/s/7Odzuq-I-eqrHPwU9vEujQ
234,上海市,上海,上海发布,https://mp.weixin.qq.com/s/7Odzuq-I-eqrHPwU9vEujQ
235,上海市,上海,上海发布,https://mp.weixin.qq.com/s/7Odzuq-I-eqrHPwU9vEujQ
236,上海市,上海,上海发布,https://mp.weixin.qq.com/s/7Odzuq-I-eqrHPwU9vEujQ
237,上海市,上海,上海发布,https://mp.weixin.qq.com/s/7Odzuq-I-eqrHPwU9vEujQ
238,上海市,上海,上海发布,https://mp.weixin.qq.com/s/7Odzuq-I-eqrHPwU9vEujQ
239,上海市,上海,上海发布,https://mp.weixin.qq.com/s/7Odzuq-I-eqrHPwU9vEujQ
240,上海市,上海,上海发布,https://mp.weixin.qq.com/s/7Odzuq-I-eqrHPwU9vEujQ
241,广东省,东莞,东莞市卫生健康局,https://mp.weixin.qq.com/s/8g-ggBSz1IbIZJZOFVxn0A
242,广东省,东莞,东莞市卫生健康局,https://mp.weixin.qq.com/s/8g-ggBSz1IbIZJZOFVxn0A
243,广东省,东莞,东莞市卫生健康局,https://mp.weixin.qq.com/s/8g-ggBSz1IbIZJZOFVxn0A
244,广东省,东莞,东莞市卫生健康局,https://mp.weixin.qq.com/s/8g-ggBSz1IbIZJZOFVxn0A
245,广东省,东莞,东莞市卫生健康局,https://mp.weixin.qq.com/s/8g-ggBSz1IbIZJZOFVxn0A
246,广东省,茂名,茂名发布,https://mp.weixin.qq.com/s/92XTQRGQ4PLLM0yz9dgZHA
247,山东省,潍坊,齐鲁晚报,https://mp.weixin.qq.com/s/99IBrH7yBT2bi_k6CXWk1A
248,山东省,潍坊,齐鲁晚报,https://mp.weixin.qq.com/s/99IBrH7yBT2bi_k6CXWk1A
249,山东省,滨州,齐鲁晚报,https://mp.weixin.qq.com/s/99IBrH7yBT2bi_k6CXWk1A
250,山东省,滨州,齐鲁晚报,https://mp.weixin.qq.com/s/99IBrH7yBT2bi_k6CXWk1A
251,山东省,滨州,齐鲁晚报,https://mp.weixin.qq.com/s/99IBrH7yBT2bi_k6CXWk1A
252,山东省,滨州,齐鲁晚报,https://mp.weixin.qq.com/s/99IBrH7yBT2bi_k6CXWk1A
253,山东省,滨州,齐鲁晚报,https://mp.weixin.qq.com/s/99IBrH7yBT2bi_k6CXWk1A
254,山东省,滨州,齐鲁晚报,https://mp.weixin.qq.com/s/99IBrH7yBT2bi_k6CXWk1A
255,山东省,滨州,齐鲁晚报,https://mp.weixin.qq.com/s/99IBrH7yBT2bi_k6CXWk1A
256,广东省,中山,中山发布,https://mp.weixin.qq.com/s/A1M0SLD-CJUegw0GAIlvEQ
257,广东省,东莞,东莞市卫生健康局,https://mp.weixin.qq.com/s/A4_l39IRa-METFqXyLUaKw
258,广东省,汕头,汕头政务发布,https://mp.weixin.qq.com/s/AL2WfgREI1kR0MaUaP3yVA
259,广东省,汕头,汕头政务发布,https://mp.weixin.qq.com/s/AL2WfgREI1kR0MaUaP3yVA
260,广东省,汕头,汕头政务发布,https://mp.weixin.qq.com/s/AL2WfgREI1kR0MaUaP3yVA
261,广东省,汕头,汕头政务发布,https://mp.weixin.qq.com/s/AL2WfgREI1kR0MaUaP3yVA
262,广东省,珠海,珠海发布,https://mp.weixin.qq.com/s/ANsFtyEh-ThyG6bYF23Mdw
263,广东省,惠州,惠州发布,https://mp.weixin.qq.com/s/AtGvqHMpPj--woNeOVHqJg
264,广东省,佛山,南方都市报,https://mp.weixin.qq.com/s/aupP3RkGcLcJ3kcRTWIQSw
265,广东省,佛山,南方都市报,https://mp.weixin.qq.com/s/aupP3RkGcLcJ3kcRTWIQSw
266,广东省,佛山,南方都市报,https://mp.weixin.qq.com/s/aupP3RkGcLcJ3kcRTWIQSw
267,广东省,佛山,南方都市报,https://mp.weixin.qq.com/s/aupP3RkGcLcJ3kcRTWIQSw
268,陕西省,宝鸡,宝鸡发布,https://mp.weixin.qq.com/s/AuuQN67_9XRnT3v-YQ-6Kg
269,陕西省,宝鸡,宝鸡发布,https://mp.weixin.qq.com/s/AuuQN67_9XRnT3v-YQ-6Kg
270,陕西省,宝鸡,宝鸡发布,https://mp.weixin.qq.com/s/AuuQN67_9XRnT3v-YQ-6Kg
271,陕西省,咸阳,宝鸡发布,https://mp.weixin.qq.com/s/AuuQN67_9XRnT3v-YQ-6Kg
272,广东省,东莞,东莞市卫生健康局,https://mp.weixin.qq.com/s/BbpXFJ_S_I2aHe8_BCqA3w
273,山西省,长治,山西日报,https://mp.weixin.qq.com/s/BEf8kNgXeQhxvmMjylOmgQ
274,山西省,长治,山西日报,https://mp.weixin.qq.com/s/BEf8kNgXeQhxvmMjylOmgQ
275,广东省,深圳,深圳大件事,https://mp.weixin.qq.com/s/bFw2DNyZr50uzgb7lYg2iw
276,广东省,深圳,深圳大件事,https://mp.weixin.qq.com/s/bFw2DNyZr50uzgb7lYg2iw
277,广东省,深圳,深圳大件事,https://mp.weixin.qq.com/s/bFw2DNyZr50uzgb7lYg2iw
278,广东省,深圳,深圳大件事,https://mp.weixin.qq.com/s/bFw2DNyZr50uzgb7lYg2iw
279,山东省,临沂,齐鲁晚报,https://mp.weixin.qq.com/s/BowMr0k90t8psMKEWMmshQ
280,山东省,临沂,齐鲁晚报,https://mp.weixin.qq.com/s/BowMr0k90t8psMKEWMmshQ
281,山东省,临沂,齐鲁晚报,https://mp.weixin.qq.com/s/BowMr0k90t8psMKEWMmshQ
282,山东省,临沂,齐鲁晚报,https://mp.weixin.qq.com/s/BowMr0k90t8psMKEWMmshQ
283,山东省,临沂,齐鲁晚报,https://mp.weixin.qq.com/s/BowMr0k90t8psMKEWMmshQ
284,山东省,临沂,齐鲁晚报,https://mp.weixin.qq.com/s/BowMr0k90t8psMKEWMmshQ
285,山东省,临沂,齐鲁晚报,https://mp.weixin.qq.com/s/BowMr0k90t8psMKEWMmshQ
286,山东省,临沂,齐鲁晚报,https://mp.weixin.qq.com/s/BowMr0k90t8psMKEWMmshQ
287,山东省,临沂,齐鲁晚报,https://mp.weixin.qq.com/s/BowMr0k90t8psMKEWMmshQ
288,山东省,临沂,齐鲁晚报,https://mp.weixin.qq.com/s/BowMr0k90t8psMKEWMmshQ
289,山东省,临沂,齐鲁晚报,https://mp.weixin.qq.com/s/BowMr0k90t8psMKEWMmshQ
290,山东省,临沂,齐鲁晚报,https://mp.weixin.qq.com/s/BowMr0k90t8psMKEWMmshQ
291,山东省,临沂,齐鲁晚报,https://mp.weixin.qq.com/s/BowMr0k90t8psMKEWMmshQ
292,山东省,临沂,齐鲁晚报,https://mp.weixin.qq.com/s/BowMr0k90t8psMKEWMmshQ
293,山东省,临沂,齐鲁晚报,https://mp.weixin.qq.com/s/BowMr0k90t8psMKEWMmshQ
294,山东省,临沂,齐鲁晚报,https://mp.weixin.qq.com/s/BowMr0k90t8psMKEWMmshQ
295,广东省,江门,江门日报,https://mp.weixin.qq.com/s/BQk8wSVC6V4SLRp5A0BSDQ
296,江西省,南昌,江西日报,https://mp.weixin.qq.com/s/brhYtrHRMv5rb_SYHoX3fA
297,江西省,抚州,江西日报,https://mp.weixin.qq.com/s/brhYtrHRMv5rb_SYHoX3fA
298,山东省,济南,齐鲁晚报,https://mp.weixin.qq.com/s/BTBVokDLUFUBisFVrreTIg
299,山东省,济南,齐鲁晚报,https://mp.weixin.qq.com/s/BTBVokDLUFUBisFVrreTIg
300,山东省,济南,齐鲁晚报,https://mp.weixin.qq.com/s/BTBVokDLUFUBisFVrreTIg
301,山东省,济南,齐鲁晚报,https://mp.weixin.qq.com/s/BTBVokDLUFUBisFVrreTIg
302,山东省,济南,齐鲁晚报,https://mp.weixin.qq.com/s/BTBVokDLUFUBisFVrreTIg
303,山东省,济南,齐鲁晚报,https://mp.weixin.qq.com/s/BTBVokDLUFUBisFVrreTIg
304,山东省,济南,齐鲁晚报,https://mp.weixin.qq.com/s/BTBVokDLUFUBisFVrreTIg
305,山东省,济南,齐鲁晚报,https://mp.weixin.qq.com/s/BTBVokDLUFUBisFVrreTIg
306,山东省,济南,齐鲁晚报,https://mp.weixin.qq.com/s/BTBVokDLUFUBisFVrreTIg
307,山东省,济南,齐鲁晚报,https://mp.weixin.qq.com/s/BTBVokDLUFUBisFVrreTIg
308,山东省,济南,齐鲁晚报,https://mp.weixin.qq.com/s/BTBVokDLUFUBisFVrreTIg
309,山东省,济南,齐鲁晚报,https://mp.weixin.qq.com/s/BTBVokDLUFUBisFVrreTIg
310,重庆省,重庆,齐鲁晚报,https://mp.weixin.qq.com/s/BTBVokDLUFUBisFVrreTIg
311,重庆省,重庆,齐鲁晚报,https://mp.weixin.qq.com/s/BTBVokDLUFUBisFVrreTIg
312,广东省,韶关,韶关发布,https://mp.weixin.qq.com/s/byOBjYcuIE-ozN5-5j2NjQ
313,广东省,韶关,韶关发布,https://mp.weixin.qq.com/s/byOBjYcuIE-ozN5-5j2NjQ
314,广东省,佛山,佛山发布,https://mp.weixin.qq.com/s/BzRmrot5EL4FRlANN3jPog
315,山东省,日照,齐鲁晚报,https://mp.weixin.qq.com/s/CCv9mOu-azDpGCngDnutWw
316,山东省,日照,齐鲁晚报,https://mp.weixin.qq.com/s/CCv9mOu-azDpGCngDnutWw
317,山东省,日照,齐鲁晚报,https://mp.weixin.qq.com/s/CCv9mOu-azDpGCngDnutWw
318,广东省,东莞,东莞市卫生健康局,https://mp.weixin.qq.com/s/D_O9alCJ9kQNF9HzQovfpw
319,陕西省,榆林,银川晚报,https://mp.weixin.qq.com/s/d0ChVGAE859JSuSQ4-yuwg
320,陕西省,榆林,银川晚报,https://mp.weixin.qq.com/s/d0ChVGAE859JSuSQ4-yuwg
321,宁夏省,银川,银川晚报,https://mp.weixin.qq.com/s/d0ChVGAE859JSuSQ4-yuwg
322,宁夏省,银川,银川晚报,https://mp.weixin.qq.com/s/d0ChVGAE859JSuSQ4-yuwg
323,宁夏省,吴忠,银川晚报,https://mp.weixin.qq.com/s/d0ChVGAE859JSuSQ4-yuwg
324,宁夏省,吴忠,银川晚报,https://mp.weixin.qq.com/s/d0ChVGAE859JSuSQ4-yuwg
325,宁夏省,吴忠,银川晚报,https://mp.weixin.qq.com/s/d0ChVGAE859JSuSQ4-yuwg
326,宁夏省,吴忠,银川晚报,https://mp.weixin.qq.com/s/d0ChVGAE859JSuSQ4-yuwg
327,广东省,东莞,东莞市卫生健康局,https://mp.weixin.qq.com/s/d9aurz1S2epuqAQy3ZL_hw
328,江西省,萍乡,萍乡发布,https://mp.weixin.qq.com/s/DclHoJStly7-_Uz_uk2LmA
329,广东省,东莞,东莞时报,https://mp.weixin.qq.com/s/DGeAhP_Mks4hJputXQK4_w
330,广东省,东莞,东莞时报,https://mp.weixin.qq.com/s/DGeAhP_Mks4hJputXQK4_w
331,陕西省,西安,西安在线,https://mp.weixin.qq.com/s/DNtuRvc9NM88eBEX61IpAQ
332,陕西省,西安,西安在线,https://mp.weixin.qq.com/s/DNtuRvc9NM88eBEX61IpAQ
333,陕西省,西安,西安在线,https://mp.weixin.qq.com/s/DNtuRvc9NM88eBEX61IpAQ
334,广东省,茂名,茂名发布,https://mp.weixin.qq.com/s/DWFNXijNXN0pQLZr2icG5A
335,广东省,茂名,茂名发布,https://mp.weixin.qq.com/s/DWFNXijNXN0pQLZr2icG5A
336,广东省,茂名,茂名发布,https://mp.weixin.qq.com/s/DWFNXijNXN0pQLZr2icG5A
337,内蒙古省,乌海,乌海新闻,https://mp.weixin.qq.com/s/eECI1S8obg-Vx11xTjggoA
338,陕西省,西安,西安日报,https://mp.weixin.qq.com/s/EiKDu4VTdr4k8o2Uq5Fvcw
339,陕西省,西安,西安日报,https://mp.weixin.qq.com/s/EiKDu4VTdr4k8o2Uq5Fvcw
340,陕西省,西安,西安日报,https://mp.weixin.qq.com/s/EiKDu4VTdr4k8o2Uq5Fvcw
341,陕西省,西安,西安日报,https://mp.weixin.qq.com/s/EiKDu4VTdr4k8o2Uq5Fvcw
342,陕西省,西安,西安日报,https://mp.weixin.qq.com/s/EiKDu4VTdr4k8o2Uq5Fvcw
343,陕西省,渭南,西安日报,https://mp.weixin.qq.com/s/EiKDu4VTdr4k8o2Uq5Fvcw
344,陕西省,渭南,西安日报,https://mp.weixin.qq.com/s/EiKDu4VTdr4k8o2Uq5Fvcw
345,陕西省,渭南,西安日报,https://mp.weixin.qq.com/s/EiKDu4VTdr4k8o2Uq5Fvcw
346,陕西省,渭南,西安日报,https://mp.weixin.qq.com/s/EiKDu4VTdr4k8o2Uq5Fvcw
347,陕西省,渭南,西安日报,https://mp.weixin.qq.com/s/EiKDu4VTdr4k8o2Uq5Fvcw
348,陕西省,渭南,西安日报,https://mp.weixin.qq.com/s/EiKDu4VTdr4k8o2Uq5Fvcw
349,陕西省,渭南,西安日报,https://mp.weixin.qq.com/s/EiKDu4VTdr4k8o2Uq5Fvcw
350,陕西省,渭南,西安日报,https://mp.weixin.qq.com/s/EiKDu4VTdr4k8o2Uq5Fvcw
351,陕西省,渭南,西安日报,https://mp.weixin.qq.com/s/EiKDu4VTdr4k8o2Uq5Fvcw
352,陕西省,渭南,西安日报,https://mp.weixin.qq.com/s/EiKDu4VTdr4k8o2Uq5Fvcw
353,陕西省,渭南,西安日报,https://mp.weixin.qq.com/s/EiKDu4VTdr4k8o2Uq5Fvcw
354,陕西省,渭南,西安日报,https://mp.weixin.qq.com/s/EiKDu4VTdr4k8o2Uq5Fvcw
355,陕西省,渭南,西安日报,https://mp.weixin.qq.com/s/EiKDu4VTdr4k8o2Uq5Fvcw
356,内蒙古省,包头,包头发布,https://mp.weixin.qq.com/s/en5XMsElXu6JIs0UHd_lmA
357,内蒙古省,包头,包头发布,https://mp.weixin.qq.com/s/en5XMsElXu6JIs0UHd_lmA
358,内蒙古省,包头,包头发布,https://mp.weixin.qq.com/s/en5XMsElXu6JIs0UHd_lmA
359,内蒙古省,包头,包头发布,https://mp.weixin.qq.com/s/en5XMsElXu6JIs0UHd_lmA
360,内蒙古省,包头,包头发布,https://mp.weixin.qq.com/s/en5XMsElXu6JIs0UHd_lmA
361,内蒙古省,包头,包头发布,https://mp.weixin.qq.com/s/en5XMsElXu6JIs0UHd_lmA
362,陕西省,渭南,渭南发布,https://mp.weixin.qq.com/s/F2RiiyzIE87ilYzlAZ0OOw
363,广东省,中山,中山发布,https://mp.weixin.qq.com/s/FEf_w5LyNb8-xXKA_T3e5g
364,广东省,江门,江门发布,https://mp.weixin.qq.com/s/feTfJCSFxyoufeEAks228w
365,广东省,中山,江门发布,https://mp.weixin.qq.com/s/feTfJCSFxyoufeEAks228w
366,广东省,中山,江门发布,https://mp.weixin.qq.com/s/feTfJCSFxyoufeEAks228w
367,山东省,淄博,齐鲁晚报,https://mp.weixin.qq.com/s/fTiCuXTR8iCNPE0zX3gOrw
368,山东省,淄博,齐鲁晚报,https://mp.weixin.qq.com/s/fTiCuXTR8iCNPE0zX3gOrw
369,山东省,淄博,齐鲁晚报,https://mp.weixin.qq.com/s/fTiCuXTR8iCNPE0zX3gOrw
370,山东省,淄博,齐鲁晚报,https://mp.weixin.qq.com/s/fTiCuXTR8iCNPE0zX3gOrw
371,山东省,淄博,齐鲁晚报,https://mp.weixin.qq.com/s/fTiCuXTR8iCNPE0zX3gOrw
372,山东省,淄博,齐鲁晚报,https://mp.weixin.qq.com/s/fTiCuXTR8iCNPE0zX3gOrw
373,山东省,淄博,齐鲁晚报,https://mp.weixin.qq.com/s/fTiCuXTR8iCNPE0zX3gOrw
374,广东省,阳江,广东阳江发布,https://mp.weixin.qq.com/s/ftLPQ6l4nOIX7aRnrRSLCA
375,内蒙古省,包头,包头日报,https://mp.weixin.qq.com/s/FYb03z5wslK1Wzzp1FiA5A
376,广东省,江门,江门发布,https://mp.weixin.qq.com/s/g5khDHYw8DsVIIlz9KlByg
377,广东省,江门,江门发布,https://mp.weixin.qq.com/s/g5khDHYw8DsVIIlz9KlByg
378,广东省,江门,江门发布,https://mp.weixin.qq.com/s/g5khDHYw8DsVIIlz9KlByg
379,广东省,江门,江门发布,https://mp.weixin.qq.com/s/g5khDHYw8DsVIIlz9KlByg
380,广东省,江门,江门发布,https://mp.weixin.qq.com/s/g5khDHYw8DsVIIlz9KlByg
381,广东省,江门,江门发布,https://mp.weixin.qq.com/s/g5khDHYw8DsVIIlz9KlByg
382,广东省,江门,江门发布,https://mp.weixin.qq.com/s/g5khDHYw8DsVIIlz9KlByg
383,广东省,江门,江门发布,https://mp.weixin.qq.com/s/g5khDHYw8DsVIIlz9KlByg
384,广东省,江门,江门发布,https://mp.weixin.qq.com/s/g5khDHYw8DsVIIlz9KlByg
385,广东省,江门,江门发布,https://mp.weixin.qq.com/s/g5khDHYw8DsVIIlz9KlByg
386,陕西省,西安,西安日报,https://mp.weixin.qq.com/s/g89sB9SZS0FSyD1B-bnwag
387,陕西省,西安,西安日报,https://mp.weixin.qq.com/s/g89sB9SZS0FSyD1B-bnwag
388,广东省,深圳,深圳卫健委,https://mp.weixin.qq.com/s/GA_mH8SwviTGaxiSdeHO2A
389,江西省,南昌,江西日报,https://mp.weixin.qq.com/s/gd2P77m_DseuaCvzmHLwbg
390,江西省,南昌,江西日报,https://mp.weixin.qq.com/s/gd2P77m_DseuaCvzmHLwbg
391,江西省,南昌,江西日报,https://mp.weixin.qq.com/s/gd2P77m_DseuaCvzmHLwbg
392,江西省,南昌,江西日报,https://mp.weixin.qq.com/s/gd2P77m_DseuaCvzmHLwbg
393,江西省,南昌,江西日报,https://mp.weixin.qq.com/s/gd2P77m_DseuaCvzmHLwbg
394,江西省,南昌,江西日报,https://mp.weixin.qq.com/s/gd2P77m_DseuaCvzmHLwbg
395,江西省,南昌,江西日报,https://mp.weixin.qq.com/s/gd2P77m_DseuaCvzmHLwbg
396,江西省,南昌,江西日报,https://mp.weixin.qq.com/s/gd2P77m_DseuaCvzmHLwbg
397,江西省,南昌,江西日报,https://mp.weixin.qq.com/s/gd2P77m_DseuaCvzmHLwbg
398,江西省,南昌,江西日报,https://mp.weixin.qq.com/s/gd2P77m_DseuaCvzmHLwbg
399,江西省,南昌,江西日报,https://mp.weixin.qq.com/s/gd2P77m_DseuaCvzmHLwbg
400,江西省,南昌,江西日报,https://mp.weixin.qq.com/s/gd2P77m_DseuaCvzmHLwbg
401,江西省,南昌,江西日报,https://mp.weixin.qq.com/s/gd2P77m_DseuaCvzmHLwbg
402,江西省,南昌,江西日报,https://mp.weixin.qq.com/s/gd2P77m_DseuaCvzmHLwbg
403,江西省,南昌,江西日报,https://mp.weixin.qq.com/s/gd2P77m_DseuaCvzmHLwbg
404,江西省,上饶,江西日报,https://mp.weixin.qq.com/s/gd2P77m_DseuaCvzmHLwbg
405,江西省,上饶,江西日报,https://mp.weixin.qq.com/s/gd2P77m_DseuaCvzmHLwbg
406,江西省,上饶,江西日报,https://mp.weixin.qq.com/s/gd2P77m_DseuaCvzmHLwbg
407,江西省,上饶,江西日报,https://mp.weixin.qq.com/s/gd2P77m_DseuaCvzmHLwbg
408,江西省,上饶,江西日报,https://mp.weixin.qq.com/s/gd2P77m_DseuaCvzmHLwbg
409,江西省,上饶,江西日报,https://mp.weixin.qq.com/s/gd2P77m_DseuaCvzmHLwbg
410,江西省,上饶,江西日报,https://mp.weixin.qq.com/s/gd2P77m_DseuaCvzmHLwbg
411,江西省,上饶,江西日报,https://mp.weixin.qq.com/s/gd2P77m_DseuaCvzmHLwbg
412,江西省,上饶,江西日报,https://mp.weixin.qq.com/s/gd2P77m_DseuaCvzmHLwbg
413,江西省,上饶,江西日报,https://mp.weixin.qq.com/s/gd2P77m_DseuaCvzmHLwbg
414,江西省,上饶,江西日报,https://mp.weixin.qq.com/s/gd2P77m_DseuaCvzmHLwbg
415,江西省,上饶,江西日报,https://mp.weixin.qq.com/s/gd2P77m_DseuaCvzmHLwbg
416,江西省,上饶,江西日报,https://mp.weixin.qq.com/s/gd2P77m_DseuaCvzmHLwbg
417,江西省,上饶,江西日报,https://mp.weixin.qq.com/s/gd2P77m_DseuaCvzmHLwbg
418,江西省,上饶,江西日报,https://mp.weixin.qq.com/s/gd2P77m_DseuaCvzmHLwbg
419,江西省,上饶,江西日报,https://mp.weixin.qq.com/s/gd2P77m_DseuaCvzmHLwbg
420,江西省,新余,江西日报,https://mp.weixin.qq.com/s/gd2P77m_DseuaCvzmHLwbg
421,江西省,新余,江西日报,https://mp.weixin.qq.com/s/gd2P77m_DseuaCvzmHLwbg
422,江西省,新余,江西日报,https://mp.weixin.qq.com/s/gd2P77m_DseuaCvzmHLwbg
423,江西省,新余,江西日报,https://mp.weixin.qq.com/s/gd2P77m_DseuaCvzmHLwbg
424,江西省,新余,江西日报,https://mp.weixin.qq.com/s/gd2P77m_DseuaCvzmHLwbg
425,江西省,新余,江西日报,https://mp.weixin.qq.com/s/gd2P77m_DseuaCvzmHLwbg
426,江西省,新余,江西日报,https://mp.weixin.qq.com/s/gd2P77m_DseuaCvzmHLwbg
427,江西省,宜春,江西日报,https://mp.weixin.qq.com/s/gd2P77m_DseuaCvzmHLwbg
428,江西省,宜春,江西日报,https://mp.weixin.qq.com/s/gd2P77m_DseuaCvzmHLwbg
429,江西省,宜春,江西日报,https://mp.weixin.qq.com/s/gd2P77m_DseuaCvzmHLwbg
430,江西省,宜春,江西日报,https://mp.weixin.qq.com/s/gd2P77m_DseuaCvzmHLwbg
431,江西省,宜春,江西日报,https://mp.weixin.qq.com/s/gd2P77m_DseuaCvzmHLwbg
432,江西省,宜春,江西日报,https://mp.weixin.qq.com/s/gd2P77m_DseuaCvzmHLwbg
433,江西省,抚州,江西日报,https://mp.weixin.qq.com/s/gd2P77m_DseuaCvzmHLwbg
434,江西省,抚州,江西日报,https://mp.weixin.qq.com/s/gd2P77m_DseuaCvzmHLwbg
435,江西省,萍乡,江西日报,https://mp.weixin.qq.com/s/gd2P77m_DseuaCvzmHLwbg
436,山东省,聊城,齐鲁晚报,https://mp.weixin.qq.com/s/GGeiv9zLDVP9t5CXddQAvw
437,广东省,东莞,东莞市卫生健康局,https://mp.weixin.qq.com/s/gJ2GE_ihEoPaeQmY143dhA
438,广东省,深圳,羊城晚报,https://mp.weixin.qq.com/s/gOIBYl1Hm1R7cQTlkVjyyw
439,山东省,枣庄,齐鲁晚报,https://mp.weixin.qq.com/s/gX82KJTHdwAbVgK6hADT9A
440,山东省,枣庄,齐鲁晚报,https://mp.weixin.qq.com/s/gX82KJTHdwAbVgK6hADT9A
441,山东省,枣庄,齐鲁晚报,https://mp.weixin.qq.com/s/gX82KJTHdwAbVgK6hADT9A
442,山东省,枣庄,齐鲁晚报,https://mp.weixin.qq.com/s/gX82KJTHdwAbVgK6hADT9A
443,山东省,枣庄,齐鲁晚报,https://mp.weixin.qq.com/s/gX82KJTHdwAbVgK6hADT9A
444,山东省,枣庄,齐鲁晚报,https://mp.weixin.qq.com/s/gX82KJTHdwAbVgK6hADT9A
445,山东省,枣庄,齐鲁晚报,https://mp.weixin.qq.com/s/gX82KJTHdwAbVgK6hADT9A
446,山东省,枣庄,齐鲁晚报,https://mp.weixin.qq.com/s/gX82KJTHdwAbVgK6hADT9A
447,山东省,枣庄,齐鲁晚报,https://mp.weixin.qq.com/s/gX82KJTHdwAbVgK6hADT9A
448,江苏省,徐州,江苏新闻,https://mp.weixin.qq.com/s/Hdz-Q-3Eig8VGsZJwzTNow
449,江苏省,徐州,江苏新闻,https://mp.weixin.qq.com/s/Hdz-Q-3Eig8VGsZJwzTNow
450,江苏省,徐州,江苏新闻,https://mp.weixin.qq.com/s/Hdz-Q-3Eig8VGsZJwzTNow
451,江苏省,徐州,江苏新闻,https://mp.weixin.qq.com/s/Hdz-Q-3Eig8VGsZJwzTNow
452,江苏省,徐州,江苏新闻,https://mp.weixin.qq.com/s/Hdz-Q-3Eig8VGsZJwzTNow
453,江苏省,徐州,江苏新闻,https://mp.weixin.qq.com/s/Hdz-Q-3Eig8VGsZJwzTNow
454,江苏省,徐州,江苏新闻,https://mp.weixin.qq.com/s/Hdz-Q-3Eig8VGsZJwzTNow
455,江苏省,徐州,江苏新闻,https://mp.weixin.qq.com/s/Hdz-Q-3Eig8VGsZJwzTNow
456,江苏省,徐州,江苏新闻,https://mp.weixin.qq.com/s/Hdz-Q-3Eig8VGsZJwzTNow
457,江苏省,徐州,江苏新闻,https://mp.weixin.qq.com/s/Hdz-Q-3Eig8VGsZJwzTNow
458,江苏省,徐州,江苏新闻,https://mp.weixin.qq.com/s/Hdz-Q-3Eig8VGsZJwzTNow
459,江苏省,徐州,江苏新闻,https://mp.weixin.qq.com/s/Hdz-Q-3Eig8VGsZJwzTNow
460,江苏省,徐州,江苏新闻,https://mp.weixin.qq.com/s/Hdz-Q-3Eig8VGsZJwzTNow
461,江苏省,徐州,江苏新闻,https://mp.weixin.qq.com/s/Hdz-Q-3Eig8VGsZJwzTNow
462,江苏省,南京,江苏新闻,https://mp.weixin.qq.com/s/Hdz-Q-3Eig8VGsZJwzTNow
463,江苏省,南京,江苏新闻,https://mp.weixin.qq.com/s/Hdz-Q-3Eig8VGsZJwzTNow
464,江苏省,南京,江苏新闻,https://mp.weixin.qq.com/s/Hdz-Q-3Eig8VGsZJwzTNow
465,江苏省,淮安,江苏新闻,https://mp.weixin.qq.com/s/Hdz-Q-3Eig8VGsZJwzTNow
466,江苏省,淮安,江苏新闻,https://mp.weixin.qq.com/s/Hdz-Q-3Eig8VGsZJwzTNow
467,广东省,惠州,惠州发布,https://mp.weixin.qq.com/s/i5Qja8vQ7wmL65JhuRxS-g
468,江西省,南昌,江西日报,https://mp.weixin.qq.com/s/I8W5RhgaVZE5pV9gf010Ew
469,江西省,南昌,江西日报,https://mp.weixin.qq.com/s/I8W5RhgaVZE5pV9gf010Ew
470,江西省,南昌,江西日报,https://mp.weixin.qq.com/s/I8W5RhgaVZE5pV9gf010Ew
471,江西省,南昌,江西日报,https://mp.weixin.qq.com/s/I8W5RhgaVZE5pV9gf010Ew
472,江西省,南昌,江西日报,https://mp.weixin.qq.com/s/I8W5RhgaVZE5pV9gf010Ew
473,江西省,南昌,江西日报,https://mp.weixin.qq.com/s/I8W5RhgaVZE5pV9gf010Ew
474,江西省,南昌,江西日报,https://mp.weixin.qq.com/s/I8W5RhgaVZE5pV9gf010Ew
475,江西省,南昌,江西日报,https://mp.weixin.qq.com/s/I8W5RhgaVZE5pV9gf010Ew
476,江西省,南昌,江西日报,https://mp.weixin.qq.com/s/I8W5RhgaVZE5pV9gf010Ew
477,江西省,上饶,江西日报,https://mp.weixin.qq.com/s/I8W5RhgaVZE5pV9gf010Ew
478,江西省,上饶,江西日报,https://mp.weixin.qq.com/s/I8W5RhgaVZE5pV9gf010Ew
479,江西省,新余,江西日报,https://mp.weixin.qq.com/s/I8W5RhgaVZE5pV9gf010Ew
480,江西省,新余,江西日报,https://mp.weixin.qq.com/s/I8W5RhgaVZE5pV9gf010Ew
481,江西省,新余,江西日报,https://mp.weixin.qq.com/s/I8W5RhgaVZE5pV9gf010Ew
482,江西省,新余,江西日报,https://mp.weixin.qq.com/s/I8W5RhgaVZE5pV9gf010Ew
483,江西省,新余,江西日报,https://mp.weixin.qq.com/s/I8W5RhgaVZE5pV9gf010Ew
484,江西省,新余,江西日报,https://mp.weixin.qq.com/s/I8W5RhgaVZE5pV9gf010Ew
485,江西省,九江,江西日报,https://mp.weixin.qq.com/s/I8W5RhgaVZE5pV9gf010Ew
486,江西省,九江,江西日报,https://mp.weixin.qq.com/s/I8W5RhgaVZE5pV9gf010Ew
487,江西省,九江,江西日报,https://mp.weixin.qq.com/s/I8W5RhgaVZE5pV9gf010Ew
488,江西省,宜春,江西日报,https://mp.weixin.qq.com/s/I8W5RhgaVZE5pV9gf010Ew
489,江西省,宜春,江西日报,https://mp.weixin.qq.com/s/I8W5RhgaVZE5pV9gf010Ew
490,江西省,宜春,江西日报,https://mp.weixin.qq.com/s/I8W5RhgaVZE5pV9gf010Ew
491,江西省,宜春,江西日报,https://mp.weixin.qq.com/s/I8W5RhgaVZE5pV9gf010Ew
492,江西省,赣州,江西日报,https://mp.weixin.qq.com/s/I8W5RhgaVZE5pV9gf010Ew
493,江西省,抚州,江西日报,https://mp.weixin.qq.com/s/I8W5RhgaVZE5pV9gf010Ew
494,江西省,抚州,江西日报,https://mp.weixin.qq.com/s/I8W5RhgaVZE5pV9gf010Ew
495,江西省,抚州,江西日报,https://mp.weixin.qq.com/s/I8W5RhgaVZE5pV9gf010Ew
496,江西省,抚州,江西日报,https://mp.weixin.qq.com/s/I8W5RhgaVZE5pV9gf010Ew
497,江西省,抚州,江西日报,https://mp.weixin.qq.com/s/I8W5RhgaVZE5pV9gf010Ew
498,江西省,抚州,江西日报,https://mp.weixin.qq.com/s/I8W5RhgaVZE5pV9gf010Ew
499,江西省,抚州,江西日报,https://mp.weixin.qq.com/s/I8W5RhgaVZE5pV9gf010Ew
500,江西省,萍乡,江西日报,https://mp.weixin.qq.com/s/I8W5RhgaVZE5pV9gf010Ew
501,江西省,吉安,江西日报,https://mp.weixin.qq.com/s/I8W5RhgaVZE5pV9gf010Ew
502,江西省,吉安,江西日报,https://mp.weixin.qq.com/s/I8W5RhgaVZE5pV9gf010Ew
503,江西省,吉安,江西日报,https://mp.weixin.qq.com/s/I8W5RhgaVZE5pV9gf010Ew
504,江西省,吉安,江西日报,https://mp.weixin.qq.com/s/I8W5RhgaVZE5pV9gf010Ew
505,江西省,吉安,江西日报,https://mp.weixin.qq.com/s/I8W5RhgaVZE5pV9gf010Ew
506,江西省,吉安,江西日报,https://mp.weixin.qq.com/s/I8W5RhgaVZE5pV9gf010Ew
507,江西省,吉安,江西日报,https://mp.weixin.qq.com/s/I8W5RhgaVZE5pV9gf010Ew
508,江西省,吉安,江西日报,https://mp.weixin.qq.com/s/I8W5RhgaVZE5pV9gf010Ew
509,江西省,吉安,江西日报,https://mp.weixin.qq.com/s/I8W5RhgaVZE5pV9gf010Ew
510,江西省,吉安,江西日报,https://mp.weixin.qq.com/s/I8W5RhgaVZE5pV9gf010Ew
511,江西省,吉安,江西日报,https://mp.weixin.qq.com/s/I8W5RhgaVZE5pV9gf010Ew
512,江西省,吉安,江西日报,https://mp.weixin.qq.com/s/I8W5RhgaVZE5pV9gf010Ew
513,江西省,吉安,江西日报,https://mp.weixin.qq.com/s/I8W5RhgaVZE5pV9gf010Ew
514,江西省,吉安,江西日报,https://mp.weixin.qq.com/s/I8W5RhgaVZE5pV9gf010Ew
515,江西省,鹰潭,江西日报,https://mp.weixin.qq.com/s/I8W5RhgaVZE5pV9gf010Ew
516,广东省,茂名,茂名发布,https://mp.weixin.qq.com/s/IGaJ4Sz0Uc7ncxnG1lrtGg
517,广东省,茂名,茂名发布,https://mp.weixin.qq.com/s/IGaJ4Sz0Uc7ncxnG1lrtGg
518,广东省,深圳,深圳卫健委,https://mp.weixin.qq.com/s/Ilcw8gqTBS1mj2sL9y8BBw
519,广东省,深圳,深圳卫健委,https://mp.weixin.qq.com/s/Ilcw8gqTBS1mj2sL9y8BBw
520,广东省,广州,广州卫健委,https://mp.weixin.qq.com/s/i-OHNjnnHgRfODKlpUSYFg
521,上海市,上海,上海发布,https://mp.weixin.qq.com/s/iWJ6omQpWP3YwGkjPANq-Q
522,上海市,上海,上海发布,https://mp.weixin.qq.com/s/iWJ6omQpWP3YwGkjPANq-Q
523,上海市,上海,上海发布,https://mp.weixin.qq.com/s/iWJ6omQpWP3YwGkjPANq-Q
524,上海市,上海,上海发布,https://mp.weixin.qq.com/s/iWJ6omQpWP3YwGkjPANq-Q
525,上海市,上海,上海发布,https://mp.weixin.qq.com/s/iWJ6omQpWP3YwGkjPANq-Q
526,广东省,深圳,深圳大件事,https://mp.weixin.qq.com/s/J8zMLEAWqq7PLh-y0yO7Tg
527,广东省,深圳,深圳大件事,https://mp.weixin.qq.com/s/J8zMLEAWqq7PLh-y0yO7Tg
528,广东省,深圳,深圳大件事,https://mp.weixin.qq.com/s/J8zMLEAWqq7PLh-y0yO7Tg
529,广东省,深圳,深圳大件事,https://mp.weixin.qq.com/s/J8zMLEAWqq7PLh-y0yO7Tg
530,上海市,上海,上海奉贤,https://mp.weixin.qq.com/s/JaEaBvbW6dpw3M2LVmA-jw
531,上海市,上海,上海奉贤,https://mp.weixin.qq.com/s/JaEaBvbW6dpw3M2LVmA-jw
532,上海市,上海,上海奉贤,https://mp.weixin.qq.com/s/JaEaBvbW6dpw3M2LVmA-jw
533,上海市,上海,上海奉贤,https://mp.weixin.qq.com/s/JaEaBvbW6dpw3M2LVmA-jw
534,广东省,阳江,广东阳江发布,https://mp.weixin.qq.com/s/JEGFaPaXbJCyg4L2Y5f2cA
535,广东省,阳江,广东阳江发布,https://mp.weixin.qq.com/s/JEGFaPaXbJCyg4L2Y5f2cA
536,广东省,珠海,珠海发布,https://mp.weixin.qq.com/s/jjFdgGdM_qILo5mLaZhylg
537,广东省,深圳,深圳卫健委,https://mp.weixin.qq.com/s/k6QZ28KFo3_9-Jvp2td2HA
538,广东省,深圳,深圳卫健委,https://mp.weixin.qq.com/s/k6QZ28KFo3_9-Jvp2td2HA
539,广东省,深圳,深圳卫健委,https://mp.weixin.qq.com/s/k6QZ28KFo3_9-Jvp2td2HA
540,广东省,深圳,深圳卫健委,https://mp.weixin.qq.com/s/k6QZ28KFo3_9-Jvp2td2HA
541,广东省,深圳,深圳卫健委,https://mp.weixin.qq.com/s/k6QZ28KFo3_9-Jvp2td2HA
542,广东省,深圳,深圳卫健委,https://mp.weixin.qq.com/s/k6QZ28KFo3_9-Jvp2td2HA
543,广东省,深圳,深圳卫健委,https://mp.weixin.qq.com/s/k6QZ28KFo3_9-Jvp2td2HA
544,广东省,深圳,深圳卫健委,https://mp.weixin.qq.com/s/k6QZ28KFo3_9-Jvp2td2HA
545,广东省,深圳,深圳卫健委,https://mp.weixin.qq.com/s/k6QZ28KFo3_9-Jvp2td2HA
546,江西省,南昌,南昌晚报,https://mp.weixin.qq.com/s/KK1b85TfZg3OKob_s8ju0Q
547,陕西省,西安,西安在线,https://mp.weixin.qq.com/s/L6UmSE1h35jGNX9nII7W1w
548,江苏省,常州,常州发布,https://mp.weixin.qq.com/s/l7-4X1mqf191u1sKbwpwtg
549,江苏省,常州,常州发布,https://mp.weixin.qq.com/s/l7-4X1mqf191u1sKbwpwtg
550,广东省,广州,广州卫健委,https://mp.weixin.qq.com/s/LBJ9bWwWH3dIDgHbX3JrMA
551,广东省,广州,广州卫健委,https://mp.weixin.qq.com/s/LBJ9bWwWH3dIDgHbX3JrMA
552,广东省,广州,广州卫健委,https://mp.weixin.qq.com/s/LBJ9bWwWH3dIDgHbX3JrMA
553,内蒙古省,呼和浩特,呼和浩特新闻网,https://mp.weixin.qq.com/s/ljO-jnuFaLY7dlay04vnQQ
554,内蒙古省,呼和浩特,呼和浩特新闻网,https://mp.weixin.qq.com/s/ljO-jnuFaLY7dlay04vnQQ
555,内蒙古省,呼和浩特,呼和浩特新闻网,https://mp.weixin.qq.com/s/ljO-jnuFaLY7dlay04vnQQ
556,内蒙古省,呼和浩特,呼和浩特新闻网,https://mp.weixin.qq.com/s/ljO-jnuFaLY7dlay04vnQQ
557,内蒙古省,呼和浩特,呼和浩特新闻网,https://mp.weixin.qq.com/s/ljO-jnuFaLY7dlay04vnQQ
558,内蒙古省,呼和浩特,呼和浩特日报,https://mp.weixin.qq.com/s/L-kxyVWz2388nVMrHpNwSQ
559,内蒙古省,呼和浩特,呼和浩特日报,https://mp.weixin.qq.com/s/L-kxyVWz2388nVMrHpNwSQ
560,内蒙古省,呼和浩特,呼和浩特日报,https://mp.weixin.qq.com/s/L-kxyVWz2388nVMrHpNwSQ
561,广东省,珠海,珠海发布,https://mp.weixin.qq.com/s/LLeJqI0C3wg_XMJxptr6hA
562,广东省,珠海,珠海发布,https://mp.weixin.qq.com/s/LLeJqI0C3wg_XMJxptr6hA
563,广东省,深圳,深圳卫健委,https://mp.weixin.qq.com/s/MaIhftMbVTrBaslpSPNkuA
564,广东省,汕头,汕头发布,https://mp.weixin.qq.com/s/MJayWWtfMetX7uypjW34jA
565,广东省,汕头,汕头发布,https://mp.weixin.qq.com/s/MJayWWtfMetX7uypjW34jA
566,广东省,汕头,汕头发布,https://mp.weixin.qq.com/s/MJayWWtfMetX7uypjW34jA
567,广东省,清远,清远发布,https://mp.weixin.qq.com/s/MPkzfHNESrN7F8ZKCYob7Q
568,广东省,肇庆,健康肇庆,https://mp.weixin.qq.com/s/MpL6gwVXTxFjfOsBr2SqQg
569,广东省,肇庆,健康肇庆,https://mp.weixin.qq.com/s/MpL6gwVXTxFjfOsBr2SqQg
570,广东省,肇庆,健康肇庆,https://mp.weixin.qq.com/s/MpL6gwVXTxFjfOsBr2SqQg
571,内蒙古省,包头,包头新闻网,https://mp.weixin.qq.com/s/nqSkq_C1SWyXwSoWH8Tl_Q
572,内蒙古省,包头,包头新闻网,https://mp.weixin.qq.com/s/nqSkq_C1SWyXwSoWH8Tl_Q
573,内蒙古省,包头,包头新闻网,https://mp.weixin.qq.com/s/nqSkq_C1SWyXwSoWH8Tl_Q
574,江苏省,宿迁,宿迁之声,https://mp.weixin.qq.com/s/o8htUb-Eq0jI-18koz4JSA
575,江苏省,宿迁,宿迁之声,https://mp.weixin.qq.com/s/o8htUb-Eq0jI-18koz4JSA
576,陕西省,西安,西安在线,https://mp.weixin.qq.com/s/oAp7a7J7b8ueznBiy6UfHw
577,陕西省,西安,西安在线,https://mp.weixin.qq.com/s/oAp7a7J7b8ueznBiy6UfHw
578,陕西省,西安,西安在线,https://mp.weixin.qq.com/s/oAp7a7J7b8ueznBiy6UfHw
579,陕西省,西安,西安在线,https://mp.weixin.qq.com/s/oAp7a7J7b8ueznBiy6UfHw
580,陕西省,西安,西安在线,https://mp.weixin.qq.com/s/oAp7a7J7b8ueznBiy6UfHw
581,陕西省,西安,西安在线,https://mp.weixin.qq.com/s/oAp7a7J7b8ueznBiy6UfHw
582,陕西省,西安,西安在线,https://mp.weixin.qq.com/s/oAp7a7J7b8ueznBiy6UfHw
583,陕西省,西安,西安在线,https://mp.weixin.qq.com/s/oAp7a7J7b8ueznBiy6UfHw
584,陕西省,西安,西安在线,https://mp.weixin.qq.com/s/oAp7a7J7b8ueznBiy6UfHw
585,广东省,湛江,湛江政府网,https://mp.weixin.qq.com/s/O-d8n6f_AygAgNedh-sOoQ
586,广东省,广州,广州卫健委,https://mp.weixin.qq.com/s/oSfryyVX7e2CaDTyVRBR1A
587,广东省,广州,广州卫健委,https://mp.weixin.qq.com/s/oSfryyVX7e2CaDTyVRBR1A
588,广东省,广州,广州卫健委,https://mp.weixin.qq.com/s/oSfryyVX7e2CaDTyVRBR1A
589,广东省,广州,广州卫健委,https://mp.weixin.qq.com/s/oSfryyVX7e2CaDTyVRBR1A
590,广东省,广州,广州卫健委,https://mp.weixin.qq.com/s/oSfryyVX7e2CaDTyVRBR1A
591,宁夏省,固原,银川晚报,https://mp.weixin.qq.com/s/p8FwAyaWqBQPQ9ExZNRunA
592,宁夏省,固原,银川晚报,https://mp.weixin.qq.com/s/p8FwAyaWqBQPQ9ExZNRunA
593,宁夏省,固原,银川晚报,https://mp.weixin.qq.com/s/p8FwAyaWqBQPQ9ExZNRunA
594,宁夏省,固原,银川晚报,https://mp.weixin.qq.com/s/p8FwAyaWqBQPQ9ExZNRunA
595,宁夏省,固原,银川晚报,https://mp.weixin.qq.com/s/p8FwAyaWqBQPQ9ExZNRunA
596,江苏省,宿迁,宿迁之声,https://mp.weixin.qq.com/s/pAaXlR0Rc7IjTkrJ_nmOHw
597,江苏省,宿迁,宿迁之声,https://mp.weixin.qq.com/s/pAaXlR0Rc7IjTkrJ_nmOHw
598,广东省,广州,咩事,https://mp.weixin.qq.com/s/pathagzfYVfG7rgn4fsehw
599,广东省,广州,咩事,https://mp.weixin.qq.com/s/pathagzfYVfG7rgn4fsehw
600,广东省,广州,咩事,https://mp.weixin.qq.com/s/pathagzfYVfG7rgn4fsehw
601,广东省,广州,咩事,https://mp.weixin.qq.com/s/pathagzfYVfG7rgn4fsehw
602,广东省,广州,咩事,https://mp.weixin.qq.com/s/pathagzfYVfG7rgn4fsehw
603,山西省,朔州,山西晚报,https://mp.weixin.qq.com/s/pCknNhnIW75e0cHBe54iyg
604,山西省,朔州,山西晚报,https://mp.weixin.qq.com/s/pCknNhnIW75e0cHBe54iyg
605,山西省,朔州,山西晚报,https://mp.weixin.qq.com/s/pCknNhnIW75e0cHBe54iyg
606,江西省,南昌,江西日报,https://mp.weixin.qq.com/s/PxlQtWded0LAEHEEjPPQjQ
607,江西省,南昌,江西日报,https://mp.weixin.qq.com/s/PxlQtWded0LAEHEEjPPQjQ
608,江西省,南昌,江西日报,https://mp.weixin.qq.com/s/PxlQtWded0LAEHEEjPPQjQ
609,江西省,南昌,江西日报,https://mp.weixin.qq.com/s/PxlQtWded0LAEHEEjPPQjQ
610,江西省,南昌,江西日报,https://mp.weixin.qq.com/s/PxlQtWded0LAEHEEjPPQjQ
611,江西省,南昌,江西日报,https://mp.weixin.qq.com/s/PxlQtWded0LAEHEEjPPQjQ
612,江西省,南昌,江西日报,https://mp.weixin.qq.com/s/PxlQtWded0LAEHEEjPPQjQ
613,江西省,南昌,江西日报,https://mp.weixin.qq.com/s/PxlQtWded0LAEHEEjPPQjQ
614,江西省,南昌,江西日报,https://mp.weixin.qq.com/s/PxlQtWded0LAEHEEjPPQjQ
615,江西省,上饶,江西日报,https://mp.weixin.qq.com/s/PxlQtWded0LAEHEEjPPQjQ
616,江西省,上饶,江西日报,https://mp.weixin.qq.com/s/PxlQtWded0LAEHEEjPPQjQ
617,江西省,上饶,江西日报,https://mp.weixin.qq.com/s/PxlQtWded0LAEHEEjPPQjQ
618,江西省,上饶,江西日报,https://mp.weixin.qq.com/s/PxlQtWded0LAEHEEjPPQjQ
619,江西省,上饶,江西日报,https://mp.weixin.qq.com/s/PxlQtWded0LAEHEEjPPQjQ
620,江西省,上饶,江西日报,https://mp.weixin.qq.com/s/PxlQtWded0LAEHEEjPPQjQ
621,江西省,上饶,江西日报,https://mp.weixin.qq.com/s/PxlQtWded0LAEHEEjPPQjQ
622,江西省,上饶,江西日报,https://mp.weixin.qq.com/s/PxlQtWded0LAEHEEjPPQjQ
623,江西省,上饶,江西日报,https://mp.weixin.qq.com/s/PxlQtWded0LAEHEEjPPQjQ
624,江西省,上饶,江西日报,https://mp.weixin.qq.com/s/PxlQtWded0LAEHEEjPPQjQ
625,江西省,上饶,江西日报,https://mp.weixin.qq.com/s/PxlQtWded0LAEHEEjPPQjQ
626,江西省,上饶,江西日报,https://mp.weixin.qq.com/s/PxlQtWded0LAEHEEjPPQjQ
627,江西省,上饶,江西日报,https://mp.weixin.qq.com/s/PxlQtWded0LAEHEEjPPQjQ
628,江西省,上饶,江西日报,https://mp.weixin.qq.com/s/PxlQtWded0LAEHEEjPPQjQ
629,江西省,上饶,江西日报,https://mp.weixin.qq.com/s/PxlQtWded0LAEHEEjPPQjQ
630,江西省,新余,江西日报,https://mp.weixin.qq.com/s/PxlQtWded0LAEHEEjPPQjQ
631,江西省,新余,江西日报,https://mp.weixin.qq.com/s/PxlQtWded0LAEHEEjPPQjQ
632,江西省,新余,江西日报,https://mp.weixin.qq.com/s/PxlQtWded0LAEHEEjPPQjQ
633,江西省,新余,江西日报,https://mp.weixin.qq.com/s/PxlQtWded0LAEHEEjPPQjQ
634,江西省,新余,江西日报,https://mp.weixin.qq.com/s/PxlQtWded0LAEHEEjPPQjQ
635,江西省,新余,江西日报,https://mp.weixin.qq.com/s/PxlQtWded0LAEHEEjPPQjQ
636,江西省,新余,江西日报,https://mp.weixin.qq.com/s/PxlQtWded0LAEHEEjPPQjQ
637,江西省,新余,江西日报,https://mp.weixin.qq.com/s/PxlQtWded0LAEHEEjPPQjQ
638,江西省,新余,江西日报,https://mp.weixin.qq.com/s/PxlQtWded0LAEHEEjPPQjQ
639,江西省,九江,江西日报,https://mp.weixin.qq.com/s/PxlQtWded0LAEHEEjPPQjQ
640,江西省,九江,江西日报,https://mp.weixin.qq.com/s/PxlQtWded0LAEHEEjPPQjQ
641,江西省,九江,江西日报,https://mp.weixin.qq.com/s/PxlQtWded0LAEHEEjPPQjQ
642,江西省,九江,江西日报,https://mp.weixin.qq.com/s/PxlQtWded0LAEHEEjPPQjQ
643,江西省,九江,江西日报,https://mp.weixin.qq.com/s/PxlQtWded0LAEHEEjPPQjQ
644,江西省,九江,江西日报,https://mp.weixin.qq.com/s/PxlQtWded0LAEHEEjPPQjQ
645,江西省,九江,江西日报,https://mp.weixin.qq.com/s/PxlQtWded0LAEHEEjPPQjQ
646,江西省,九江,江西日报,https://mp.weixin.qq.com/s/PxlQtWded0LAEHEEjPPQjQ
647,江西省,宜春,江西日报,https://mp.weixin.qq.com/s/PxlQtWded0LAEHEEjPPQjQ
648,江西省,赣州,江西日报,https://mp.weixin.qq.com/s/PxlQtWded0LAEHEEjPPQjQ
649,江西省,赣州,江西日报,https://mp.weixin.qq.com/s/PxlQtWded0LAEHEEjPPQjQ
650,江西省,赣州,江西日报,https://mp.weixin.qq.com/s/PxlQtWded0LAEHEEjPPQjQ
651,江西省,赣州,江西日报,https://mp.weixin.qq.com/s/PxlQtWded0LAEHEEjPPQjQ
652,江西省,赣州,江西日报,https://mp.weixin.qq.com/s/PxlQtWded0LAEHEEjPPQjQ
653,江西省,抚州,江西日报,https://mp.weixin.qq.com/s/PxlQtWded0LAEHEEjPPQjQ
654,江西省,抚州,江西日报,https://mp.weixin.qq.com/s/PxlQtWded0LAEHEEjPPQjQ
655,江西省,抚州,江西日报,https://mp.weixin.qq.com/s/PxlQtWded0LAEHEEjPPQjQ
656,江西省,抚州,江西日报,https://mp.weixin.qq.com/s/PxlQtWded0LAEHEEjPPQjQ
657,江西省,抚州,江西日报,https://mp.weixin.qq.com/s/PxlQtWded0LAEHEEjPPQjQ
658,江西省,抚州,江西日报,https://mp.weixin.qq.com/s/PxlQtWded0LAEHEEjPPQjQ
659,江西省,抚州,江西日报,https://mp.weixin.qq.com/s/PxlQtWded0LAEHEEjPPQjQ
660,江西省,抚州,江西日报,https://mp.weixin.qq.com/s/PxlQtWded0LAEHEEjPPQjQ
661,江西省,萍乡,江西日报,https://mp.weixin.qq.com/s/PxlQtWded0LAEHEEjPPQjQ
662,江西省,鹰潭,江西日报,https://mp.weixin.qq.com/s/PxlQtWded0LAEHEEjPPQjQ
663,江西省,鹰潭,江西日报,https://mp.weixin.qq.com/s/PxlQtWded0LAEHEEjPPQjQ
664,江西省,鹰潭,江西日报,https://mp.weixin.qq.com/s/PxlQtWded0LAEHEEjPPQjQ
665,江西省,鹰潭,江西日报,https://mp.weixin.qq.com/s/PxlQtWded0LAEHEEjPPQjQ
666,江西省,鹰潭,江西日报,https://mp.weixin.qq.com/s/PxlQtWded0LAEHEEjPPQjQ
667,江西省,鹰潭,江西日报,https://mp.weixin.qq.com/s/PxlQtWded0LAEHEEjPPQjQ
668,广东省,广州,广州卫健委,https://mp.weixin.qq.com/s/qMb78wvftwMT0Fx-fbgkVA
669,广东省,广州,广州卫健委,https://mp.weixin.qq.com/s/qMb78wvftwMT0Fx-fbgkVA
670,广东省,广州,广州卫健委,https://mp.weixin.qq.com/s/qMb78wvftwMT0Fx-fbgkVA
671,广东省,广州,广州卫健委,https://mp.weixin.qq.com/s/qMb78wvftwMT0Fx-fbgkVA
672,广东省,东莞,东莞市卫生健康局,https://mp.weixin.qq.com/s/qnN8WIp6bdivLrcxn3kw8A
673,广东省,东莞,东莞市卫生健康局,https://mp.weixin.qq.com/s/qnN8WIp6bdivLrcxn3kw8A
674,陕西省,西安,西安在线,https://mp.weixin.qq.com/s/qQZ6QvNts9rpSWcPgDXZUA
675,陕西省,西安,西安在线,https://mp.weixin.qq.com/s/qQZ6QvNts9rpSWcPgDXZUA
676,广东省,河源,河源发布,https://mp.weixin.qq.com/s/qVcPv1s491KY6BfXb7BGDg
677,广东省,河源,河源发布,https://mp.weixin.qq.com/s/qVcPv1s491KY6BfXb7BGDg
678,广东省,河源,河源发布,https://mp.weixin.qq.com/s/qVcPv1s491KY6BfXb7BGDg
679,广东省,河源,河源发布,https://mp.weixin.qq.com/s/qVcPv1s491KY6BfXb7BGDg
680,广东省,广州,广州卫健委,https://mp.weixin.qq.com/s/QVO-ku5SAFS5lGfrJ3tqvw
681,辽宁省,沈阳,辽沈晚报,https://mp.weixin.qq.com/s/Rbni3MycgbIuiz5YgD2DCg
682,辽宁省,沈阳,辽沈晚报,https://mp.weixin.qq.com/s/Rbni3MycgbIuiz5YgD2DCg
683,辽宁省,沈阳,辽沈晚报,https://mp.weixin.qq.com/s/Rbni3MycgbIuiz5YgD2DCg
684,辽宁省,沈阳,辽沈晚报,https://mp.weixin.qq.com/s/Rbni3MycgbIuiz5YgD2DCg
685,辽宁省,沈阳,辽沈晚报,https://mp.weixin.qq.com/s/Rbni3MycgbIuiz5YgD2DCg
686,辽宁省,沈阳,辽沈晚报,https://mp.weixin.qq.com/s/Rbni3MycgbIuiz5YgD2DCg
687,辽宁省,辽阳,辽沈晚报,https://mp.weixin.qq.com/s/Rbni3MycgbIuiz5YgD2DCg
688,广东省,广州,广州卫健委,https://mp.weixin.qq.com/s/rfJiJIU49y8MmMJOXttxBw
689,广东省,惠州,惠州发布,https://mp.weixin.qq.com/s/S5JyC2E2Vn5XL0jcKkmBPg
690,广东省,东莞,东莞市卫生健康局,https://mp.weixin.qq.com/s/sHZtvU0GD-sUbKT8lexYZA
691,广东省,东莞,东莞市卫生健康局,https://mp.weixin.qq.com/s/sHZtvU0GD-sUbKT8lexYZA
692,广东省,东莞,东莞市卫生健康局,https://mp.weixin.qq.com/s/sHZtvU0GD-sUbKT8lexYZA
693,广东省,佛山,佛山发布,https://mp.weixin.qq.com/s/SRElAd3cHRF5Z1yIJOeMYQ
694,广东省,广州,广州天河发布,https://mp.weixin.qq.com/s/T7W4z1YpykNltgM4Els3cw
695,江苏省,扬州,扬州发布,https://mp.weixin.qq.com/s/tHvCXVKoe13lU2_EP935QQ
696,江苏省,扬州,扬州发布,https://mp.weixin.qq.com/s/tHvCXVKoe13lU2_EP935QQ
697,江苏省,扬州,扬州发布,https://mp.weixin.qq.com/s/tHvCXVKoe13lU2_EP935QQ
698,江苏省,扬州,扬州发布,https://mp.weixin.qq.com/s/tHvCXVKoe13lU2_EP935QQ
699,江苏省,扬州,扬州发布,https://mp.weixin.qq.com/s/tHvCXVKoe13lU2_EP935QQ
700,江苏省,扬州,扬州发布,https://mp.weixin.qq.com/s/tHvCXVKoe13lU2_EP935QQ
701,江苏省,扬州,扬州发布,https://mp.weixin.qq.com/s/tHvCXVKoe13lU2_EP935QQ
702,江苏省,扬州,扬州发布,https://mp.weixin.qq.com/s/tHvCXVKoe13lU2_EP935QQ
703,江苏省,扬州,扬州发布,https://mp.weixin.qq.com/s/tHvCXVKoe13lU2_EP935QQ
704,广东省,揭阳,揭阳发布,https://mp.weixin.qq.com/s/TndLruxymZlVFM7oT-tbmQ
705,广东省,茂名,茂名发布,https://mp.weixin.qq.com/s/TTppjI31ZGHP4nDiAueQZw
706,江西省,宜春,江西女性,https://mp.weixin.qq.com/s/U019DW4SJCxW7RTcd9I1Iw
707,山西省,大同,山西日报,https://mp.weixin.qq.com/s/uaNlrAc-0-i_rMvYaAYVJA
708,山西省,大同,山西日报,https://mp.weixin.qq.com/s/uaNlrAc-0-i_rMvYaAYVJA
709,山西省,大同,山西日报,https://mp.weixin.qq.com/s/uaNlrAc-0-i_rMvYaAYVJA
710,山西省,大同,山西日报,https://mp.weixin.qq.com/s/uaNlrAc-0-i_rMvYaAYVJA
711,山西省,大同,山西日报,https://mp.weixin.qq.com/s/uaNlrAc-0-i_rMvYaAYVJA
712,山西省,大同,山西日报,https://mp.weixin.qq.com/s/uaNlrAc-0-i_rMvYaAYVJA
713,山西省,大同,山西日报,https://mp.weixin.qq.com/s/uaNlrAc-0-i_rMvYaAYVJA
714,山西省,大同,山西日报,https://mp.weixin.qq.com/s/uaNlrAc-0-i_rMvYaAYVJA
715,山西省,大同,山西日报,https://mp.weixin.qq.com/s/uaNlrAc-0-i_rMvYaAYVJA
716,山西省,大同,山西日报,https://mp.weixin.qq.com/s/uaNlrAc-0-i_rMvYaAYVJA
717,山西省,大同,山西日报,https://mp.weixin.qq.com/s/uaNlrAc-0-i_rMvYaAYVJA
718,山西省,大同,山西日报,https://mp.weixin.qq.com/s/uaNlrAc-0-i_rMvYaAYVJA
719,山西省,大同,山西日报,https://mp.weixin.qq.com/s/uaNlrAc-0-i_rMvYaAYVJA
720,山西省,大同,山西日报,https://mp.weixin.qq.com/s/uaNlrAc-0-i_rMvYaAYVJA
721,山西省,大同,山西日报,https://mp.weixin.qq.com/s/uaNlrAc-0-i_rMvYaAYVJA
722,内蒙古省,呼和浩特,呼和浩特日报,https://mp.weixin.qq.com/s/v8_qO9NA0OZlohlo0sbCZg
723,广东省,深圳,深圳卫健委,https://mp.weixin.qq.com/s/VCPYIcswFYrXKMT_iAo4sQ
724,广东省,深圳,深圳卫健委,https://mp.weixin.qq.com/s/VCPYIcswFYrXKMT_iAo4sQ
725,广东省,深圳,深圳卫健委,https://mp.weixin.qq.com/s/VCPYIcswFYrXKMT_iAo4sQ
726,广东省,深圳,深圳卫健委,https://mp.weixin.qq.com/s/VCPYIcswFYrXKMT_iAo4sQ
727,广东省,茂名,茂名发布,https://mp.weixin.qq.com/s/VHyCUTBLdswJUs4v94gCGg
728,上海市,上海,上海宝山,https://mp.weixin.qq.com/s/VlmSYauI8yaDuegXGATg1A
729,上海市,上海,上海宝山,https://mp.weixin.qq.com/s/VlmSYauI8yaDuegXGATg1A
730,上海市,上海,上海宝山,https://mp.weixin.qq.com/s/VlmSYauI8yaDuegXGATg1A
731,广东省,东莞,东莞市卫生健康局,https://mp.weixin.qq.com/s/VlptYBqxOilNbokYmgAq3w
732,广东省,肇庆,肇庆发布,https://mp.weixin.qq.com/s/vyMK9XAfBREa6c7KkQZE_g
733,广东省,肇庆,肇庆发布,https://mp.weixin.qq.com/s/vyMK9XAfBREa6c7KkQZE_g
734,广东省,肇庆,肇庆发布,https://mp.weixin.qq.com/s/vyMK9XAfBREa6c7KkQZE_g
735,广东省,肇庆,肇庆发布,https://mp.weixin.qq.com/s/vyMK9XAfBREa6c7KkQZE_g
736,山东省,济宁,齐鲁晚报,https://mp.weixin.qq.com/s/W9Iqq_rF4D9qHfI91nC0MQ
737,山东省,济宁,齐鲁晚报,https://mp.weixin.qq.com/s/W9Iqq_rF4D9qHfI91nC0MQ
738,山东省,济宁,齐鲁晚报,https://mp.weixin.qq.com/s/W9Iqq_rF4D9qHfI91nC0MQ
739,山东省,济宁,齐鲁晚报,https://mp.weixin.qq.com/s/W9Iqq_rF4D9qHfI91nC0MQ
740,山东省,济宁,齐鲁晚报,https://mp.weixin.qq.com/s/W9Iqq_rF4D9qHfI91nC0MQ
741,山东省,济宁,齐鲁晚报,https://mp.weixin.qq.com/s/W9Iqq_rF4D9qHfI91nC0MQ
742,山东省,济宁,齐鲁晚报,https://mp.weixin.qq.com/s/W9Iqq_rF4D9qHfI91nC0MQ
743,山东省,济宁,齐鲁晚报,https://mp.weixin.qq.com/s/W9Iqq_rF4D9qHfI91nC0MQ
744,山东省,济宁,齐鲁晚报,https://mp.weixin.qq.com/s/W9Iqq_rF4D9qHfI91nC0MQ
745,山东省,济宁,齐鲁晚报,https://mp.weixin.qq.com/s/W9Iqq_rF4D9qHfI91nC0MQ
746,山东省,济宁,齐鲁晚报,https://mp.weixin.qq.com/s/W9Iqq_rF4D9qHfI91nC0MQ
747,山东省,济宁,齐鲁晚报,https://mp.weixin.qq.com/s/W9Iqq_rF4D9qHfI91nC0MQ
748,山东省,济宁,齐鲁晚报,https://mp.weixin.qq.com/s/W9Iqq_rF4D9qHfI91nC0MQ
749,山东省,济宁,齐鲁晚报,https://mp.weixin.qq.com/s/W9Iqq_rF4D9qHfI91nC0MQ
750,山东省,济宁,齐鲁晚报,https://mp.weixin.qq.com/s/W9Iqq_rF4D9qHfI91nC0MQ
751,内蒙古省,呼和浩特,内蒙古日报,https://mp.weixin.qq.com/s/WBkYAkadMMy8qkjvZeTbyQ
752,内蒙古省,呼和浩特,内蒙古日报,https://mp.weixin.qq.com/s/WBkYAkadMMy8qkjvZeTbyQ
753,内蒙古省,呼和浩特,内蒙古日报,https://mp.weixin.qq.com/s/WBkYAkadMMy8qkjvZeTbyQ
754,内蒙古省,呼和浩特,内蒙古日报,https://mp.weixin.qq.com/s/WBkYAkadMMy8qkjvZeTbyQ
755,内蒙古省,呼和浩特,内蒙古日报,https://mp.weixin.qq.com/s/WBkYAkadMMy8qkjvZeTbyQ
756,内蒙古省,呼和浩特,内蒙古日报,https://mp.weixin.qq.com/s/WBkYAkadMMy8qkjvZeTbyQ
757,内蒙古省,呼和浩特,内蒙古日报,https://mp.weixin.qq.com/s/WBkYAkadMMy8qkjvZeTbyQ
758,内蒙古省,呼和浩特,内蒙古日报,https://mp.weixin.qq.com/s/WBkYAkadMMy8qkjvZeTbyQ
759,内蒙古省,呼和浩特,内蒙古日报,https://mp.weixin.qq.com/s/WBkYAkadMMy8qkjvZeTbyQ
760,内蒙古省,呼和浩特,内蒙古日报,https://mp.weixin.qq.com/s/WBkYAkadMMy8qkjvZeTbyQ
761,内蒙古省,呼和浩特,内蒙古日报,https://mp.weixin.qq.com/s/WBkYAkadMMy8qkjvZeTbyQ
762,内蒙古省,呼和浩特,内蒙古日报,https://mp.weixin.qq.com/s/WBkYAkadMMy8qkjvZeTbyQ
763,内蒙古省,呼和浩特,内蒙古日报,https://mp.weixin.qq.com/s/WBkYAkadMMy8qkjvZeTbyQ
764,内蒙古省,呼和浩特,内蒙古日报,https://mp.weixin.qq.com/s/WBkYAkadMMy8qkjvZeTbyQ
765,内蒙古省,呼和浩特,内蒙古日报,https://mp.weixin.qq.com/s/WBkYAkadMMy8qkjvZeTbyQ
766,内蒙古省,呼和浩特,内蒙古日报,https://mp.weixin.qq.com/s/WBkYAkadMMy8qkjvZeTbyQ
767,内蒙古省,呼和浩特,内蒙古日报,https://mp.weixin.qq.com/s/WBkYAkadMMy8qkjvZeTbyQ
768,内蒙古省,呼和浩特,内蒙古日报,https://mp.weixin.qq.com/s/WBkYAkadMMy8qkjvZeTbyQ
769,内蒙古省,呼和浩特,内蒙古日报,https://mp.weixin.qq.com/s/WBkYAkadMMy8qkjvZeTbyQ
770,内蒙古省,呼和浩特,内蒙古日报,https://mp.weixin.qq.com/s/WBkYAkadMMy8qkjvZeTbyQ
771,内蒙古省,呼和浩特,内蒙古日报,https://mp.weixin.qq.com/s/WBkYAkadMMy8qkjvZeTbyQ
772,内蒙古省,呼和浩特,内蒙古日报,https://mp.weixin.qq.com/s/WBkYAkadMMy8qkjvZeTbyQ
773,内蒙古省,呼和浩特,内蒙古日报,https://mp.weixin.qq.com/s/WBkYAkadMMy8qkjvZeTbyQ
774,内蒙古省,呼和浩特,内蒙古日报,https://mp.weixin.qq.com/s/WBkYAkadMMy8qkjvZeTbyQ
775,内蒙古省,呼和浩特,内蒙古日报,https://mp.weixin.qq.com/s/WBkYAkadMMy8qkjvZeTbyQ
776,内蒙古省,呼和浩特,内蒙古日报,https://mp.weixin.qq.com/s/WBkYAkadMMy8qkjvZeTbyQ
777,内蒙古省,呼和浩特,内蒙古日报,https://mp.weixin.qq.com/s/WBkYAkadMMy8qkjvZeTbyQ
778,内蒙古省,呼和浩特,内蒙古日报,https://mp.weixin.qq.com/s/WBkYAkadMMy8qkjvZeTbyQ
779,内蒙古省,呼和浩特,内蒙古日报,https://mp.weixin.qq.com/s/WBkYAkadMMy8qkjvZeTbyQ
780,内蒙古省,呼和浩特,内蒙古日报,https://mp.weixin.qq.com/s/WBkYAkadMMy8qkjvZeTbyQ
781,内蒙古省,呼和浩特,内蒙古日报,https://mp.weixin.qq.com/s/WBkYAkadMMy8qkjvZeTbyQ
782,内蒙古省,呼和浩特,内蒙古日报,https://mp.weixin.qq.com/s/WBkYAkadMMy8qkjvZeTbyQ
783,内蒙古省,呼和浩特,内蒙古日报,https://mp.weixin.qq.com/s/WBkYAkadMMy8qkjvZeTbyQ
784,内蒙古省,呼和浩特,内蒙古日报,https://mp.weixin.qq.com/s/WBkYAkadMMy8qkjvZeTbyQ
785,内蒙古省,呼和浩特,内蒙古日报,https://mp.weixin.qq.com/s/WBkYAkadMMy8qkjvZeTbyQ
786,内蒙古省,呼和浩特,内蒙古日报,https://mp.weixin.qq.com/s/WBkYAkadMMy8qkjvZeTbyQ
787,内蒙古省,呼和浩特,内蒙古日报,https://mp.weixin.qq.com/s/WBkYAkadMMy8qkjvZeTbyQ
788,内蒙古省,呼和浩特,内蒙古日报,https://mp.weixin.qq.com/s/WBkYAkadMMy8qkjvZeTbyQ
789,内蒙古省,呼和浩特,内蒙古日报,https://mp.weixin.qq.com/s/WBkYAkadMMy8qkjvZeTbyQ
790,内蒙古省,呼和浩特,内蒙古日报,https://mp.weixin.qq.com/s/WBkYAkadMMy8qkjvZeTbyQ
791,内蒙古省,呼和浩特,内蒙古日报,https://mp.weixin.qq.com/s/WBkYAkadMMy8qkjvZeTbyQ
792,内蒙古省,包头,内蒙古日报,https://mp.weixin.qq.com/s/WBkYAkadMMy8qkjvZeTbyQ
793,内蒙古省,包头,内蒙古日报,https://mp.weixin.qq.com/s/WBkYAkadMMy8qkjvZeTbyQ
794,内蒙古省,包头,内蒙古日报,https://mp.weixin.qq.com/s/WBkYAkadMMy8qkjvZeTbyQ
795,内蒙古省,包头,内蒙古日报,https://mp.weixin.qq.com/s/WBkYAkadMMy8qkjvZeTbyQ
796,内蒙古省,包头,内蒙古日报,https://mp.weixin.qq.com/s/WBkYAkadMMy8qkjvZeTbyQ
797,内蒙古省,包头,内蒙古日报,https://mp.weixin.qq.com/s/WBkYAkadMMy8qkjvZeTbyQ
798,内蒙古省,包头,内蒙古日报,https://mp.weixin.qq.com/s/WBkYAkadMMy8qkjvZeTbyQ
799,内蒙古省,包头,内蒙古日报,https://mp.weixin.qq.com/s/WBkYAkadMMy8qkjvZeTbyQ
800,内蒙古省,包头,内蒙古日报,https://mp.weixin.qq.com/s/WBkYAkadMMy8qkjvZeTbyQ
801,内蒙古省,包头,内蒙古日报,https://mp.weixin.qq.com/s/WBkYAkadMMy8qkjvZeTbyQ
802,内蒙古省,包头,内蒙古日报,https://mp.weixin.qq.com/s/WBkYAkadMMy8qkjvZeTbyQ
803,内蒙古省,包头,内蒙古日报,https://mp.weixin.qq.com/s/WBkYAkadMMy8qkjvZeTbyQ
804,内蒙古省,包头,内蒙古日报,https://mp.weixin.qq.com/s/WBkYAkadMMy8qkjvZeTbyQ
805,内蒙古省,包头,内蒙古日报,https://mp.weixin.qq.com/s/WBkYAkadMMy8qkjvZeTbyQ
806,内蒙古省,包头,内蒙古日报,https://mp.weixin.qq.com/s/WBkYAkadMMy8qkjvZeTbyQ
807,内蒙古省,包头,内蒙古日报,https://mp.weixin.qq.com/s/WBkYAkadMMy8qkjvZeTbyQ
808,内蒙古省,包头,内蒙古日报,https://mp.weixin.qq.com/s/WBkYAkadMMy8qkjvZeTbyQ
809,内蒙古省,包头,内蒙古日报,https://mp.weixin.qq.com/s/WBkYAkadMMy8qkjvZeTbyQ
810,内蒙古省,包头,内蒙古日报,https://mp.weixin.qq.com/s/WBkYAkadMMy8qkjvZeTbyQ
811,内蒙古省,包头,内蒙古日报,https://mp.weixin.qq.com/s/WBkYAkadMMy8qkjvZeTbyQ
812,内蒙古省,鄂尔多斯,内蒙古日报,https://mp.weixin.qq.com/s/WBkYAkadMMy8qkjvZeTbyQ
813,内蒙古省,鄂尔多斯,内蒙古日报,https://mp.weixin.qq.com/s/WBkYAkadMMy8qkjvZeTbyQ
814,内蒙古省,鄂尔多斯,内蒙古日报,https://mp.weixin.qq.com/s/WBkYAkadMMy8qkjvZeTbyQ
815,内蒙古省,鄂尔多斯,内蒙古日报,https://mp.weixin.qq.com/s/WBkYAkadMMy8qkjvZeTbyQ
816,内蒙古省,鄂尔多斯,内蒙古日报,https://mp.weixin.qq.com/s/WBkYAkadMMy8qkjvZeTbyQ
817,内蒙古省,鄂尔多斯,内蒙古日报,https://mp.weixin.qq.com/s/WBkYAkadMMy8qkjvZeTbyQ
818,内蒙古省,鄂尔多斯,内蒙古日报,https://mp.weixin.qq.com/s/WBkYAkadMMy8qkjvZeTbyQ
819,内蒙古省,鄂尔多斯,内蒙古日报,https://mp.weixin.qq.com/s/WBkYAkadMMy8qkjvZeTbyQ
820,内蒙古省,鄂尔多斯,内蒙古日报,https://mp.weixin.qq.com/s/WBkYAkadMMy8qkjvZeTbyQ
821,内蒙古省,鄂尔多斯,内蒙古日报,https://mp.weixin.qq.com/s/WBkYAkadMMy8qkjvZeTbyQ
822,内蒙古省,鄂尔多斯,内蒙古日报,https://mp.weixin.qq.com/s/WBkYAkadMMy8qkjvZeTbyQ
823,内蒙古省,鄂尔多斯,内蒙古日报,https://mp.weixin.qq.com/s/WBkYAkadMMy8qkjvZeTbyQ
824,内蒙古省,鄂尔多斯,内蒙古日报,https://mp.weixin.qq.com/s/WBkYAkadMMy8qkjvZeTbyQ
825,内蒙古省,鄂尔多斯,内蒙古日报,https://mp.weixin.qq.com/s/WBkYAkadMMy8qkjvZeTbyQ
826,内蒙古省,鄂尔多斯,内蒙古日报,https://mp.weixin.qq.com/s/WBkYAkadMMy8qkjvZeTbyQ
827,内蒙古省,鄂尔多斯,内蒙古日报,https://mp.weixin.qq.com/s/WBkYAkadMMy8qkjvZeTbyQ
828,内蒙古省,鄂尔多斯,内蒙古日报,https://mp.weixin.qq.com/s/WBkYAkadMMy8qkjvZeTbyQ
829,内蒙古省,鄂尔多斯,内蒙古日报,https://mp.weixin.qq.com/s/WBkYAkadMMy8qkjvZeTbyQ
830,内蒙古省,鄂尔多斯,内蒙古日报,https://mp.weixin.qq.com/s/WBkYAkadMMy8qkjvZeTbyQ
831,内蒙古省,鄂尔多斯,内蒙古日报,https://mp.weixin.qq.com/s/WBkYAkadMMy8qkjvZeTbyQ
832,内蒙古省,鄂尔多斯,内蒙古日报,https://mp.weixin.qq.com/s/WBkYAkadMMy8qkjvZeTbyQ
833,内蒙古省,巴彦淖尔,内蒙古日报,https://mp.weixin.qq.com/s/WBkYAkadMMy8qkjvZeTbyQ
834,内蒙古省,巴彦淖尔,内蒙古日报,https://mp.weixin.qq.com/s/WBkYAkadMMy8qkjvZeTbyQ
835,内蒙古省,巴彦淖尔,内蒙古日报,https://mp.weixin.qq.com/s/WBkYAkadMMy8qkjvZeTbyQ
836,内蒙古省,巴彦淖尔,内蒙古日报,https://mp.weixin.qq.com/s/WBkYAkadMMy8qkjvZeTbyQ
837,内蒙古省,乌兰察布,内蒙古日报,https://mp.weixin.qq.com/s/WBkYAkadMMy8qkjvZeTbyQ
838,内蒙古省,乌兰察布,内蒙古日报,https://mp.weixin.qq.com/s/WBkYAkadMMy8qkjvZeTbyQ
839,内蒙古省,乌兰察布,内蒙古日报,https://mp.weixin.qq.com/s/WBkYAkadMMy8qkjvZeTbyQ
840,内蒙古省,呼伦贝尔,内蒙古日报,https://mp.weixin.qq.com/s/WBkYAkadMMy8qkjvZeTbyQ
841,内蒙古省,呼伦贝尔,内蒙古日报,https://mp.weixin.qq.com/s/WBkYAkadMMy8qkjvZeTbyQ
842,内蒙古省,锡林郭勒盟,内蒙古日报,https://mp.weixin.qq.com/s/WBkYAkadMMy8qkjvZeTbyQ
843,江苏省,淮安,淮安发布,https://mp.weixin.qq.com/s/wpsNrPfHKhGECppcmODvAA
844,江苏省,淮安,淮安发布,https://mp.weixin.qq.com/s/wpsNrPfHKhGECppcmODvAA
845,江苏省,淮安,淮安发布,https://mp.weixin.qq.com/s/wpsNrPfHKhGECppcmODvAA
846,江苏省,淮安,淮安发布,https://mp.weixin.qq.com/s/wpsNrPfHKhGECppcmODvAA
847,广东省,广州,广州卫健委,https://mp.weixin.qq.com/s/X4CKfM-zAvmJTCi_4I-bVg
848,广东省,广州,广州卫健委,https://mp.weixin.qq.com/s/X4CKfM-zAvmJTCi_4I-bVg
849,广东省,广州,广州卫健委,https://mp.weixin.qq.com/s/X4CKfM-zAvmJTCi_4I-bVg
850,广东省,广州,广州卫健委,https://mp.weixin.qq.com/s/X4CKfM-zAvmJTCi_4I-bVg
851,广东省,广州,广州卫健委,https://mp.weixin.qq.com/s/X4CKfM-zAvmJTCi_4I-bVg
852,辽宁省,沈阳,辽沈晚报,https://mp.weixin.qq.com/s/XLC_oAGCkfZ-9QZiN7dyFw
853,辽宁省,沈阳,辽沈晚报,https://mp.weixin.qq.com/s/XLC_oAGCkfZ-9QZiN7dyFw
854,辽宁省,沈阳,辽沈晚报,https://mp.weixin.qq.com/s/XLC_oAGCkfZ-9QZiN7dyFw
855,辽宁省,沈阳,辽沈晚报,https://mp.weixin.qq.com/s/XLC_oAGCkfZ-9QZiN7dyFw
856,辽宁省,沈阳,辽沈晚报,https://mp.weixin.qq.com/s/XLC_oAGCkfZ-9QZiN7dyFw
857,辽宁省,沈阳,辽沈晚报,https://mp.weixin.qq.com/s/XLC_oAGCkfZ-9QZiN7dyFw
858,辽宁省,沈阳,辽沈晚报,https://mp.weixin.qq.com/s/XLC_oAGCkfZ-9QZiN7dyFw
859,广东省,惠州,惠州发布,https://mp.weixin.qq.com/s/xPkUySDb9RVh1fWlcQLwGQ
860,广东省,梅州,健康梅州,https://mp.weixin.qq.com/s/xSgycy4VCvOdSGZl_lWrrw
861,广东省,梅州,健康梅州,https://mp.weixin.qq.com/s/xSgycy4VCvOdSGZl_lWrrw
862,广东省,梅州,健康梅州,https://mp.weixin.qq.com/s/xSgycy4VCvOdSGZl_lWrrw
863,广东省,梅州,健康梅州,https://mp.weixin.qq.com/s/xSgycy4VCvOdSGZl_lWrrw
864,河北省,邯郸,河北日报,https://mp.weixin.qq.com/s/xYVXdohY_4acdQTniOGWUA
865,山西省,吕梁,山西日报,https://mp.weixin.qq.com/s/Y43irqUbONn5cePk8zDMVA
866,山西省,吕梁,山西日报,https://mp.weixin.qq.com/s/Y43irqUbONn5cePk8zDMVA
867,山西省,吕梁,山西日报,https://mp.weixin.qq.com/s/Y43irqUbONn5cePk8zDMVA
868,山西省,吕梁,山西日报,https://mp.weixin.qq.com/s/Y43irqUbONn5cePk8zDMVA
869,山西省,吕梁,山西日报,https://mp.weixin.qq.com/s/Y43irqUbONn5cePk8zDMVA
870,广东省,揭阳,揭阳发布,https://mp.weixin.qq.com/s/y9lpITTKuZivPJB9l55ORg
871,广东省,揭阳,揭阳发布,https://mp.weixin.qq.com/s/y9lpITTKuZivPJB9l55ORg
872,广东省,揭阳,揭阳发布,https://mp.weixin.qq.com/s/y9lpITTKuZivPJB9l55ORg
873,陕西省,西安,陕西发布,https://mp.weixin.qq.com/s/yB_kxKjAEYVn9MR8PyRCZg
874,广东省,惠州,惠州发布,https://mp.weixin.qq.com/s/YfzMmv1vUZyiphWUgzOLlA
875,广东省,汕头,汕头发布,https://mp.weixin.qq.com/s/YgLkGhE1VlX6oQWl9nqyMg
876,广东省,汕头,汕头发布,https://mp.weixin.qq.com/s/YgLkGhE1VlX6oQWl9nqyMg
877,广东省,惠州,惠州发布,https://mp.weixin.qq.com/s/YLSR_0NXJ5LUg6LWGW_aDg
878,广东省,惠州,惠州发布,https://mp.weixin.qq.com/s/yq4IcgXi4vxQxO3UBYOZ-A
879,广东省,惠州,惠州发布,https://mp.weixin.qq.com/s/yq4IcgXi4vxQxO3UBYOZ-A
880,广东省,惠州,惠州发布,https://mp.weixin.qq.com/s/yq4IcgXi4vxQxO3UBYOZ-A
881,内蒙古省,巴彦淖尔,巴彦淖尔日报,https://mp.weixin.qq.com/s/yT_I4r6Sc2K3O7-3iAl-mA
882,内蒙古省,巴彦淖尔,巴彦淖尔日报,https://mp.weixin.qq.com/s/yT_I4r6Sc2K3O7-3iAl-mA
883,内蒙古省,巴彦淖尔,巴彦淖尔日报,https://mp.weixin.qq.com/s/yT_I4r6Sc2K3O7-3iAl-mA
884,内蒙古省,巴彦淖尔,巴彦淖尔日报,https://mp.weixin.qq.com/s/yT_I4r6Sc2K3O7-3iAl-mA
885,内蒙古省,巴彦淖尔,巴彦淖尔日报,https://mp.weixin.qq.com/s/yT_I4r6Sc2K3O7-3iAl-mA
886,内蒙古省,巴彦淖尔,巴彦淖尔日报,https://mp.weixin.qq.com/s/yT_I4r6Sc2K3O7-3iAl-mA
887,内蒙古省,巴彦淖尔,巴彦淖尔日报,https://mp.weixin.qq.com/s/yT_I4r6Sc2K3O7-3iAl-mA
888,内蒙古省,巴彦淖尔,巴彦淖尔日报,https://mp.weixin.qq.com/s/yT_I4r6Sc2K3O7-3iAl-mA
889,江西省,南昌,江西日报,https://mp.weixin.qq.com/s/yyeefgne4StL6ZH9mRh80Q
890,江西省,南昌,江西日报,https://mp.weixin.qq.com/s/yyeefgne4StL6ZH9mRh80Q
891,江西省,南昌,江西日报,https://mp.weixin.qq.com/s/yyeefgne4StL6ZH9mRh80Q
892,江西省,南昌,江西日报,https://mp.weixin.qq.com/s/yyeefgne4StL6ZH9mRh80Q
893,江西省,南昌,江西日报,https://mp.weixin.qq.com/s/yyeefgne4StL6ZH9mRh80Q
894,江西省,上饶,江西日报,https://mp.weixin.qq.com/s/yyeefgne4StL6ZH9mRh80Q
895,江西省,上饶,江西日报,https://mp.weixin.qq.com/s/yyeefgne4StL6ZH9mRh80Q
896,江西省,上饶,江西日报,https://mp.weixin.qq.com/s/yyeefgne4StL6ZH9mRh80Q
897,江西省,上饶,江西日报,https://mp.weixin.qq.com/s/yyeefgne4StL6ZH9mRh80Q
898,江西省,新余,江西日报,https://mp.weixin.qq.com/s/yyeefgne4StL6ZH9mRh80Q
899,江西省,新余,江西日报,https://mp.weixin.qq.com/s/yyeefgne4StL6ZH9mRh80Q
900,江西省,新余,江西日报,https://mp.weixin.qq.com/s/yyeefgne4StL6ZH9mRh80Q
901,江西省,新余,江西日报,https://mp.weixin.qq.com/s/yyeefgne4StL6ZH9mRh80Q
902,江西省,新余,江西日报,https://mp.weixin.qq.com/s/yyeefgne4StL6ZH9mRh80Q
903,江西省,新余,江西日报,https://mp.weixin.qq.com/s/yyeefgne4StL6ZH9mRh80Q
904,江西省,新余,江西日报,https://mp.weixin.qq.com/s/yyeefgne4StL6ZH9mRh80Q
905,江西省,九江,江西日报,https://mp.weixin.qq.com/s/yyeefgne4StL6ZH9mRh80Q
906,江西省,九江,江西日报,https://mp.weixin.qq.com/s/yyeefgne4StL6ZH9mRh80Q
907,江西省,宜春,江西日报,https://mp.weixin.qq.com/s/yyeefgne4StL6ZH9mRh80Q
908,江西省,宜春,江西日报,https://mp.weixin.qq.com/s/yyeefgne4StL6ZH9mRh80Q
909,江西省,宜春,江西日报,https://mp.weixin.qq.com/s/yyeefgne4StL6ZH9mRh80Q
910,江西省,赣州,江西日报,https://mp.weixin.qq.com/s/yyeefgne4StL6ZH9mRh80Q
911,江西省,赣州,江西日报,https://mp.weixin.qq.com/s/yyeefgne4StL6ZH9mRh80Q
912,江西省,抚州,江西日报,https://mp.weixin.qq.com/s/yyeefgne4StL6ZH9mRh80Q
913,江西省,鹰潭,江西日报,https://mp.weixin.qq.com/s/yyeefgne4StL6ZH9mRh80Q
914,广东省,广州,江门发布,https://mp.weixin.qq.com/s/z1mVzAvyEoNiS2s0jsIgQw
915,广东省,江门,江门发布,https://mp.weixin.qq.com/s/z1mVzAvyEoNiS2s0jsIgQw
916,广东省,江门,江门发布,https://mp.weixin.qq.com/s/z1mVzAvyEoNiS2s0jsIgQw
917,广东省,江门,江门发布,https://mp.weixin.qq.com/s/z1mVzAvyEoNiS2s0jsIgQw
918,广东省,江门,江门发布,https://mp.weixin.qq.com/s/z1mVzAvyEoNiS2s0jsIgQw
919,广东省,江门,江门发布,https://mp.weixin.qq.com/s/z1mVzAvyEoNiS2s0jsIgQw
920,广东省,江门,江门发布,https://mp.weixin.qq.com/s/z1mVzAvyEoNiS2s0jsIgQw
921,广东省,江门,江门发布,https://mp.weixin.qq.com/s/z1mVzAvyEoNiS2s0jsIgQw
922,广东省,江门,江门发布,https://mp.weixin.qq.com/s/z1mVzAvyEoNiS2s0jsIgQw
923,辽宁省,鞍山,辽沈晚报,https://mp.weixin.qq.com/s/zOGzJVviegMaLRE8tuiLRw
924,辽宁省,鞍山,辽沈晚报,https://mp.weixin.qq.com/s/zOGzJVviegMaLRE8tuiLRw
925,陕西省,西安,高陵融媒,https://weibo.com/7129811001/IrH6peQ3d?from=page_1002067129811001_profile&wvr=6&mod=weibotime&type=comment#_rnd1581676880432
926,陕西省,西安,高陵融媒,https://weibo.com/7129811001/IssWHlJzw?from=page_1002067129811001_profile&wvr=6&mod=weibotime&type=comment
927,陕西省,西安,高陵融媒,https://weibo.com/7129811001/ItKAzr93p?from=page_1002067129811001_profile&wvr=6&mod=weibotime&type=comment#_rnd1581676145115
928,陕西省,西安,高陵融媒,https://weibo.com/7129811001/ItKAzr93p?from=page_1002067129811001_profile&wvr=6&mod=weibotime&type=comment#_rnd1581676145115
929,山西省,晋中,shanxi.gov.cn,http://wjw.shanxi.gov.cn/wjywl02/24757.hrh
930,山西省,晋中,shanxi.gov.cn,http://wjw.shanxi.gov.cn/wjywl02/24757.hrh
931,山西省,临汾,shanxi.gov.cn,http://wjw.shanxi.gov.cn/wjywl02/24757.hrh
932,山西省,阳泉,shanxi.gov.cn,http://wjw.shanxi.gov.cn/wjywl02/24757.hrh
933,山西省,大同,shanxi.gov.cn,http://wjw.shanxi.gov.cn/wjywl02/24774.hrh
934,山西省,晋中,shanxi.gov.cn,http://wjw.shanxi.gov.cn/wjywl02/24774.hrh
935,山西省,忻州,shanxi.gov.cn,http://wjw.shanxi.gov.cn/wjywl02/24774.hrh
936,辽宁省,沈阳,辽沈晚报,https://mp.weixin.qq.com/s/UD8VFba4oRx4LLJm3cX7zw
937,辽宁省,沈阳,辽沈晚报,https://mp.weixin.qq.com/s/UD8VFba4oRx4LLJm3cX7zw
938,辽宁省,沈阳,辽沈晚报,https://mp.weixin.qq.com/s/UD8VFba4oRx4LLJm3cX7zw
939,辽宁省,丹东,辽沈晚报,https://mp.weixin.qq.com/s/UD8VFba4oRx4LLJm3cX7zw
940,辽宁省,丹东,辽沈晚报,https://mp.weixin.qq.com/s/UD8VFba4oRx4LLJm3cX7zw
941,辽宁省,丹东,辽沈晚报,https://mp.weixin.qq.com/s/UD8VFba4oRx4LLJm3cX7zw
942,辽宁省,丹东,辽沈晚报,https://mp.weixin.qq.com/s/UD8VFba4oRx4LLJm3cX7zw
943,辽宁省,丹东,辽沈晚报,https://mp.weixin.qq.com/s/UD8VFba4oRx4LLJm3cX7zw
944,辽宁省,葫芦岛,辽沈晚报,https://mp.weixin.qq.com/s/UD8VFba4oRx4LLJm3cX7zw
945,辽宁省,葫芦岛,辽沈晚报,https://mp.weixin.qq.com/s/UD8VFba4oRx4LLJm3cX7zw
946,辽宁省,葫芦岛,辽沈晚报,https://mp.weixin.qq.com/s/UD8VFba4oRx4LLJm3cX7zw
947,辽宁省,葫芦岛,辽沈晚报,https://mp.weixin.qq.com/s/UD8VFba4oRx4LLJm3cX7zw
948,辽宁省,葫芦岛,辽沈晚报,https://mp.weixin.qq.com/s/UD8VFba4oRx4LLJm3cX7zw
949,辽宁省,葫芦岛,辽沈晚报,https://mp.weixin.qq.com/s/UD8VFba4oRx4LLJm3cX7zw
950,辽宁省,葫芦岛,辽沈晚报,https://mp.weixin.qq.com/s/UD8VFba4oRx4LLJm3cX7zw
951,辽宁省,葫芦岛,辽沈晚报,https://mp.weixin.qq.com/s/UD8VFba4oRx4LLJm3cX7zw
952,辽宁省,葫芦岛,辽沈晚报,https://mp.weixin.qq.com/s/UD8VFba4oRx4LLJm3cX7zw
953,辽宁省,葫芦岛,辽沈晚报,https://mp.weixin.qq.com/s/UD8VFba4oRx4LLJm3cX7zw
954,辽宁省,葫芦岛,辽沈晚报,https://mp.weixin.qq.com/s/UD8VFba4oRx4LLJm3cX7zw
955,辽宁省,铁岭,辽沈晚报,https://mp.weixin.qq.com/s/UD8VFba4oRx4LLJm3cX7zw
956,辽宁省,铁岭,辽沈晚报,https://mp.weixin.qq.com/s/UD8VFba4oRx4LLJm3cX7zw
957,辽宁省,锦州,辽沈晚报,https://mp.weixin.qq.com/s/UD8VFba4oRx4LLJm3cX7zw
958,辽宁省,锦州,辽沈晚报,https://mp.weixin.qq.com/s/UD8VFba4oRx4LLJm3cX7zw
959,辽宁省,锦州,辽沈晚报,https://mp.weixin.qq.com/s/UD8VFba4oRx4LLJm3cX7zw
960,辽宁省,锦州,辽沈晚报,https://mp.weixin.qq.com/s/UD8VFba4oRx4LLJm3cX7zw
961,辽宁省,锦州,辽沈晚报,https://mp.weixin.qq.com/s/UD8VFba4oRx4LLJm3cX7zw
962,辽宁省,营口,辽沈晚报,https://mp.weixin.qq.com/s/UD8VFba4oRx4LLJm3cX7zw
963,辽宁省,营口,辽沈晚报,https://mp.weixin.qq.com/s/UD8VFba4oRx4LLJm3cX7zw
964,辽宁省,本溪,辽沈晚报,https://mp.weixin.qq.com/s/UD8VFba4oRx4LLJm3cX7zw
965,广东省,中山,中山发布,https://mp.weixin.qq.com/s/uiBhG5cbibkaO3D2wSMrzA
966,广东省,中山,中山发布,https://mp.weixin.qq.com/s/uiBhG5cbibkaO3D2wSMrzA
967,广东省,中山,中山发布,https://mp.weixin.qq.com/s/uiBhG5cbibkaO3D2wSMrzA
968,江苏省,徐州,徐州发布,https://mp.weixin.qq.com/s/UK7n7JRT9q4Qmmq0nVa7Yw
969,江苏省,徐州,徐州发布,https://mp.weixin.qq.com/s/UK7n7JRT9q4Qmmq0nVa7Yw
970,江苏省,徐州,徐州发布,https://mp.weixin.qq.com/s/UK7n7JRT9q4Qmmq0nVa7Yw
971,江苏省,徐州,徐州发布,https://mp.weixin.qq.com/s/UK7n7JRT9q4Qmmq0nVa7Yw
972,江苏省,徐州,徐州发布,https://mp.weixin.qq.com/s/UK7n7JRT9q4Qmmq0nVa7Yw
973,江苏省,徐州,徐州发布,https://mp.weixin.qq.com/s/UK7n7JRT9q4Qmmq0nVa7Yw
974,江苏省,徐州,徐州发布,https://mp.weixin.qq.com/s/UK7n7JRT9q4Qmmq0nVa7Yw
